Date,Store,Field,Value
20260801,5164: Berkshire OH,Net Sales,3996.83
20260801,5164: Berkshire OH,Total Sales Tax,259.41
20260801,5164: Berkshire OH,Total Discounts,108.72
20260801,5164: Berkshire OH,Major Category: Gift Card,
20260801,5164: Berkshire OH,Tender: Door Dash,206.44
20260801,5164: Berkshire OH,Tender: Doordash Banda Burrito,
20260801,5164: Berkshire OH,Tender: Doordash VRB,
20260801,5164: Berkshire OH,Tender: Doordash VRM,
20260801,5164: Berkshire OH,Tender: Doordash Nathans,
20260801,5164: Berkshire OH,Credit Tips Received,465.87
20260801,5164: Berkshire OH,Tender: Uber Eats,6.29
20260801,5164: Berkshire OH,Tender: Uber Eats Banda Burrito,
20260801,5164: Berkshire OH,Tender: Uber Eats VR,
20260801,5164: Berkshire OH,Tender: Uber Eats VRM,
20260801,5164: Berkshire OH,Tender: Uber Eats Nathans,
20260801,5164: Berkshire OH,Tender: Grub Hub,
20260801,5164: Berkshire OH,Tender: Grubhub Banda Burrito,
20260801,5164: Berkshire OH,Tender: Grubhub VRB,
20260801,5164: Berkshire OH,Tender: Grubhub VRM,
20260801,5164: Berkshire OH,Tender: QR Pay,
20260801,5164: Berkshire OH,Tender: Online,83.09
20260801,5164: Berkshire OH,Tender: Master Card,860.06
20260801,5164: Berkshire OH,Tender: Visa,1698.32
20260801,5164: Berkshire OH,Tender: Discover,70.71
20260801,5164: Berkshire OH,Tender: Debit,1197.58
20260801,5164: Berkshire OH,Tender: American Express,50.50
20260801,5164: Berkshire OH,Tender: Gift Card,8.89
20260801,5164: Berkshire OH,Tender: Cash,540.23
20260801,5164: Berkshire OH,Credit Tips Paid,395.64
20260801,5164: Berkshire OH,Cash Paid Outs - Non Adjusting,61.32
20260801,5164: Berkshire OH,Cash Paid Outs - Sales Adjusting,
20260801,5164: Berkshire OH,Online Gross Sales,76.73
20260801,5165: Perrysburg OH,Net Sales,3837.84
20260801,5165: Perrysburg OH,Total Sales Tax,204.69
20260801,5165: Perrysburg OH,Total Discounts,156.48
20260801,5165: Perrysburg OH,Major Category: Gift Card,
20260801,5165: Perrysburg OH,Tender: Door Dash,223.37
20260801,5165: Perrysburg OH,Tender: Doordash Banda Burrito,
20260801,5165: Perrysburg OH,Tender: Doordash VRB,
20260801,5165: Perrysburg OH,Tender: Doordash VRM,
20260801,5165: Perrysburg OH,Tender: Doordash Nathans,
20260801,5165: Perrysburg OH,Credit Tips Received,489.06
20260801,5165: Perrysburg OH,Tender: Uber Eats,81.31
20260801,5165: Perrysburg OH,Tender: Uber Eats Banda Burrito,
20260801,5165: Perrysburg OH,Tender: Uber Eats VR,
20260801,5165: Perrysburg OH,Tender: Uber Eats VRM,
20260801,5165: Perrysburg OH,Tender: Uber Eats Nathans,
20260801,5165: Perrysburg OH,Tender: Grub Hub,
20260801,5165: Perrysburg OH,Tender: Grubhub Banda Burrito,
20260801,5165: Perrysburg OH,Tender: Grubhub VRB,
20260801,5165: Perrysburg OH,Tender: Grubhub VRM,
20260801,5165: Perrysburg OH,Tender: QR Pay,
20260801,5165: Perrysburg OH,Tender: Online,94.02
20260801,5165: Perrysburg OH,Tender: Master Card,812.52
20260801,5165: Perrysburg OH,Tender: Visa,1360.96
20260801,5165: Perrysburg OH,Tender: Discover,179.49
20260801,5165: Perrysburg OH,Tender: Debit,872.62
20260801,5165: Perrysburg OH,Tender: American Express,80.45
20260801,5165: Perrysburg OH,Tender: Gift Card,
20260801,5165: Perrysburg OH,Tender: Cash,826.85
20260801,5165: Perrysburg OH,Credit Tips Paid,639.48
20260801,5165: Perrysburg OH,Cash Paid Outs - Non Adjusting,
20260801,5165: Perrysburg OH,Cash Paid Outs - Sales Adjusting,
20260801,5165: Perrysburg OH,Online Gross Sales,85.44
20260801,5166: Jeffersonville OH,Net Sales,3992.61
20260801,5166: Jeffersonville OH,Total Sales Tax,239.46
20260801,5166: Jeffersonville OH,Total Discounts,73.46
20260801,5166: Jeffersonville OH,Major Category: Gift Card,
20260801,5166: Jeffersonville OH,Tender: Door Dash,85.89
20260801,5166: Jeffersonville OH,Tender: Doordash Banda Burrito,
20260801,5166: Jeffersonville OH,Tender: Doordash VRB,
20260801,5166: Jeffersonville OH,Tender: Doordash VRM,
20260801,5166: Jeffersonville OH,Tender: Doordash Nathans,
20260801,5166: Jeffersonville OH,Credit Tips Received,384.52
20260801,5166: Jeffersonville OH,Tender: Uber Eats,
20260801,5166: Jeffersonville OH,Tender: Uber Eats Banda Burrito,
20260801,5166: Jeffersonville OH,Tender: Uber Eats VR,
20260801,5166: Jeffersonville OH,Tender: Uber Eats VRM,
20260801,5166: Jeffersonville OH,Tender: Uber Eats Nathans,
20260801,5166: Jeffersonville OH,Tender: Grub Hub,
20260801,5166: Jeffersonville OH,Tender: Grubhub Banda Burrito,
20260801,5166: Jeffersonville OH,Tender: Grubhub VRB,
20260801,5166: Jeffersonville OH,Tender: Grubhub VRM,
20260801,5166: Jeffersonville OH,Tender: QR Pay,
20260801,5166: Jeffersonville OH,Tender: Online,167.90
20260801,5166: Jeffersonville OH,Tender: Master Card,571.58
20260801,5166: Jeffersonville OH,Tender: Visa,2006.32
20260801,5166: Jeffersonville OH,Tender: Discover,36.00
20260801,5166: Jeffersonville OH,Tender: Debit,776.33
20260801,5166: Jeffersonville OH,Tender: American Express,36.88
20260801,5166: Jeffersonville OH,Tender: Gift Card,
20260801,5166: Jeffersonville OH,Tender: Cash,935.69
20260801,5166: Jeffersonville OH,Credit Tips Paid,384.52
20260801,5166: Jeffersonville OH,Cash Paid Outs - Non Adjusting,
20260801,5166: Jeffersonville OH,Cash Paid Outs - Sales Adjusting,
20260801,5166: Jeffersonville OH,Online Gross Sales,166.99
20260801,5167: Elizabethtown KY,Net Sales,5090.16
20260801,5167: Elizabethtown KY,Total Sales Tax,413.34
20260801,5167: Elizabethtown KY,Total Discounts,152.68
20260801,5167: Elizabethtown KY,Major Category: Gift Card,
20260801,5167: Elizabethtown KY,Tender: Door Dash,282.07
20260801,5167: Elizabethtown KY,Tender: Doordash Banda Burrito,
20260801,5167: Elizabethtown KY,Tender: Doordash VRB,124.85
20260801,5167: Elizabethtown KY,Tender: Doordash VRM,87.08
20260801,5167: Elizabethtown KY,Tender: Doordash Nathans,
20260801,5167: Elizabethtown KY,Credit Tips Received,713.13
20260801,5167: Elizabethtown KY,Tender: Uber Eats,
20260801,5167: Elizabethtown KY,Tender: Uber Eats Banda Burrito,
20260801,5167: Elizabethtown KY,Tender: Uber Eats VR,18.25
20260801,5167: Elizabethtown KY,Tender: Uber Eats VRM,46.45
20260801,5167: Elizabethtown KY,Tender: Uber Eats Nathans,
20260801,5167: Elizabethtown KY,Tender: Grub Hub,
20260801,5167: Elizabethtown KY,Tender: Grubhub Banda Burrito,
20260801,5167: Elizabethtown KY,Tender: Grubhub VRB,
20260801,5167: Elizabethtown KY,Tender: Grubhub VRM,
20260801,5167: Elizabethtown KY,Tender: QR Pay,
20260801,5167: Elizabethtown KY,Tender: Online,101.77
20260801,5167: Elizabethtown KY,Tender: Master Card,708.46
20260801,5167: Elizabethtown KY,Tender: Visa,2334.49
20260801,5167: Elizabethtown KY,Tender: Discover,44.71
20260801,5167: Elizabethtown KY,Tender: Debit,896.45
20260801,5167: Elizabethtown KY,Tender: American Express,52.08
20260801,5167: Elizabethtown KY,Tender: Gift Card,
20260801,5167: Elizabethtown KY,Tender: Cash,1519.97
20260801,5167: Elizabethtown KY,Credit Tips Paid,703.04
20260801,5167: Elizabethtown KY,Cash Paid Outs - Non Adjusting,
20260801,5167: Elizabethtown KY,Cash Paid Outs - Sales Adjusting,
20260801,5167: Elizabethtown KY,Online Gross Sales,92.19
20260801,5168: Catlettsburg KY,Net Sales,2784.75
20260801,5168: Catlettsburg KY,Total Sales Tax,167.12
20260801,5168: Catlettsburg KY,Total Discounts,60.05
20260801,5168: Catlettsburg KY,Major Category: Gift Card,
20260801,5168: Catlettsburg KY,Tender: Door Dash,42.95
20260801,5168: Catlettsburg KY,Tender: Doordash Banda Burrito,
20260801,5168: Catlettsburg KY,Tender: Doordash VRB,
20260801,5168: Catlettsburg KY,Tender: Doordash VRM,
20260801,5168: Catlettsburg KY,Tender: Doordash Nathans,
20260801,5168: Catlettsburg KY,Credit Tips Received,227.03
20260801,5168: Catlettsburg KY,Tender: Uber Eats,
20260801,5168: Catlettsburg KY,Tender: Uber Eats Banda Burrito,
20260801,5168: Catlettsburg KY,Tender: Uber Eats VR,
20260801,5168: Catlettsburg KY,Tender: Uber Eats VRM,
20260801,5168: Catlettsburg KY,Tender: Uber Eats Nathans,
20260801,5168: Catlettsburg KY,Tender: Grub Hub,
20260801,5168: Catlettsburg KY,Tender: Grubhub Banda Burrito,
20260801,5168: Catlettsburg KY,Tender: Grubhub VRB,
20260801,5168: Catlettsburg KY,Tender: Grubhub VRM,
20260801,5168: Catlettsburg KY,Tender: QR Pay,
20260801,5168: Catlettsburg KY,Tender: Online,135.16
20260801,5168: Catlettsburg KY,Tender: Master Card,401.15
20260801,5168: Catlettsburg KY,Tender: Visa,1040.05
20260801,5168: Catlettsburg KY,Tender: Discover,37.59
20260801,5168: Catlettsburg KY,Tender: Debit,550.99
20260801,5168: Catlettsburg KY,Tender: American Express,34.22
20260801,5168: Catlettsburg KY,Tender: Gift Card,
20260801,5168: Catlettsburg KY,Tender: Cash,936.79
20260801,5168: Catlettsburg KY,Credit Tips Paid,627.36
20260801,5168: Catlettsburg KY,Cash Paid Outs - Non Adjusting,36.15
20260801,5168: Catlettsburg KY,Cash Paid Outs - Sales Adjusting,
20260801,5168: Catlettsburg KY,Online Gross Sales,126.75
20260801,5169: Columbus OH,Net Sales,5389.23
20260801,5169: Columbus OH,Total Sales Tax,271.69
20260801,5169: Columbus OH,Total Discounts,76.45
20260801,5169: Columbus OH,Major Category: Gift Card,
20260801,5169: Columbus OH,Tender: Door Dash,617.47
20260801,5169: Columbus OH,Tender: Doordash Banda Burrito,
20260801,5169: Columbus OH,Tender: Doordash VRB,74.63
20260801,5169: Columbus OH,Tender: Doordash VRM,385.67
20260801,5169: Columbus OH,Tender: Doordash Nathans,
20260801,5169: Columbus OH,Credit Tips Received,518.06
20260801,5169: Columbus OH,Tender: Uber Eats,408.71
20260801,5169: Columbus OH,Tender: Uber Eats Banda Burrito,
20260801,5169: Columbus OH,Tender: Uber Eats VR,20.78
20260801,5169: Columbus OH,Tender: Uber Eats VRM,
20260801,5169: Columbus OH,Tender: Uber Eats Nathans,
20260801,5169: Columbus OH,Tender: Grub Hub,
20260801,5169: Columbus OH,Tender: Grubhub Banda Burrito,
20260801,5169: Columbus OH,Tender: Grubhub VRB,
20260801,5169: Columbus OH,Tender: Grubhub VRM,18.97
20260801,5169: Columbus OH,Tender: QR Pay,
20260801,5169: Columbus OH,Tender: Online,91.67
20260801,5169: Columbus OH,Tender: Master Card,1084.54
20260801,5169: Columbus OH,Tender: Visa,1950.57
20260801,5169: Columbus OH,Tender: Discover,165.94
20260801,5169: Columbus OH,Tender: Debit,780.09
20260801,5169: Columbus OH,Tender: American Express,27.80
20260801,5169: Columbus OH,Tender: Gift Card,3.87
20260801,5169: Columbus OH,Tender: Cash,548.27
20260801,5169: Columbus OH,Credit Tips Paid,364.62
20260801,5169: Columbus OH,Cash Paid Outs - Non Adjusting,150.00
20260801,5169: Columbus OH,Cash Paid Outs - Sales Adjusting,
20260801,5169: Columbus OH,Online Gross Sales,89.78
20260801,7401: Youngstown OH,Net Sales,6050.64
20260801,7401: Youngstown OH,Total Sales Tax,253.43
20260801,7401: Youngstown OH,Total Discounts,154.38
20260801,7401: Youngstown OH,Major Category: Gift Card,
20260801,7401: Youngstown OH,Tender: Door Dash,948.92
20260801,7401: Youngstown OH,Tender: Doordash Banda Burrito,54.96
20260801,7401: Youngstown OH,Tender: Doordash VRB,
20260801,7401: Youngstown OH,Tender: Doordash VRM,336.87
20260801,7401: Youngstown OH,Tender: Doordash Nathans,71.93
20260801,7401: Youngstown OH,Credit Tips Received,349.02
20260801,7401: Youngstown OH,Tender: Uber Eats,159.20
20260801,7401: Youngstown OH,Tender: Uber Eats Banda Burrito,
20260801,7401: Youngstown OH,Tender: Uber Eats VR,
20260801,7401: Youngstown OH,Tender: Uber Eats VRM,17.39
20260801,7401: Youngstown OH,Tender: Uber Eats Nathans,
20260801,7401: Youngstown OH,Tender: Grub Hub,55.01
20260801,7401: Youngstown OH,Tender: Grubhub Banda Burrito,
20260801,7401: Youngstown OH,Tender: Grubhub VRB,
20260801,7401: Youngstown OH,Tender: Grubhub VRM,
20260801,7401: Youngstown OH,Tender: QR Pay,
20260801,7401: Youngstown OH,Tender: Online,361.31
20260801,7401: Youngstown OH,Tender: Master Card,995.14
20260801,7401: Youngstown OH,Tender: Visa,1104.24
20260801,7401: Youngstown OH,Tender: Discover,124.97
20260801,7401: Youngstown OH,Tender: Debit,1060.37
20260801,7401: Youngstown OH,Tender: American Express,
20260801,7401: Youngstown OH,Tender: Gift Card,
20260801,7401: Youngstown OH,Tender: Cash,1362.78
20260801,7401: Youngstown OH,Credit Tips Paid,454.82
20260801,7401: Youngstown OH,Cash Paid Outs - Non Adjusting,
20260801,7401: Youngstown OH,Cash Paid Outs - Sales Adjusting,
20260801,7401: Youngstown OH,Online Gross Sales,370.12
20260801,9690: Marietta OH,Net Sales,2996.32
20260801,9690: Marietta OH,Total Sales Tax,188.84
20260801,9690: Marietta OH,Total Discounts,124.34
20260801,9690: Marietta OH,Major Category: Gift Card,
20260801,9690: Marietta OH,Tender: Door Dash,137.57
20260801,9690: Marietta OH,Tender: Doordash Banda Burrito,
20260801,9690: Marietta OH,Tender: Doordash VRB,24.87
20260801,9690: Marietta OH,Tender: Doordash VRM,
20260801,9690: Marietta OH,Tender: Doordash Nathans,
20260801,9690: Marietta OH,Credit Tips Received,241.13
20260801,9690: Marietta OH,Tender: Uber Eats,
20260801,9690: Marietta OH,Tender: Uber Eats Banda Burrito,
20260801,9690: Marietta OH,Tender: Uber Eats VR,
20260801,9690: Marietta OH,Tender: Uber Eats VRM,
20260801,9690: Marietta OH,Tender: Uber Eats Nathans,
20260801,9690: Marietta OH,Tender: Grub Hub,
20260801,9690: Marietta OH,Tender: Grubhub Banda Burrito,
20260801,9690: Marietta OH,Tender: Grubhub VRB,
20260801,9690: Marietta OH,Tender: Grubhub VRM,
20260801,9690: Marietta OH,Tender: QR Pay,114.88
20260801,9690: Marietta OH,Tender: Online,70.35
20260801,9690: Marietta OH,Tender: Master Card,155.76
20260801,9690: Marietta OH,Tender: Visa,666.44
20260801,9690: Marietta OH,Tender: Discover,8.10
20260801,9690: Marietta OH,Tender: Debit,1167.07
20260801,9690: Marietta OH,Tender: American Express,125.79
20260801,9690: Marietta OH,Tender: Gift Card,
20260801,9690: Marietta OH,Tender: Cash,955.46
20260801,9690: Marietta OH,Credit Tips Paid,273.36
20260801,9690: Marietta OH,Cash Paid Outs - Non Adjusting,
20260801,9690: Marietta OH,Cash Paid Outs - Sales Adjusting,
20260801,9690: Marietta OH,Online Gross Sales,
20260801,9697: Findlay OH,Net Sales,4586.51
20260801,9697: Findlay OH,Total Sales Tax,281.14
20260801,9697: Findlay OH,Total Discounts,91.02
20260801,9697: Findlay OH,Major Category: Gift Card,
20260801,9697: Findlay OH,Tender: Door Dash,525.46
20260801,9697: Findlay OH,Tender: Doordash Banda Burrito,
20260801,9697: Findlay OH,Tender: Doordash VRB,18.38
20260801,9697: Findlay OH,Tender: Doordash VRM,17.09
20260801,9697: Findlay OH,Tender: Doordash Nathans,
20260801,9697: Findlay OH,Credit Tips Received,409.91
20260801,9697: Findlay OH,Tender: Uber Eats,60.14
20260801,9697: Findlay OH,Tender: Uber Eats Banda Burrito,
20260801,9697: Findlay OH,Tender: Uber Eats VR,
20260801,9697: Findlay OH,Tender: Uber Eats VRM,
20260801,9697: Findlay OH,Tender: Uber Eats Nathans,
20260801,9697: Findlay OH,Tender: Grub Hub,
20260801,9697: Findlay OH,Tender: Grubhub Banda Burrito,
20260801,9697: Findlay OH,Tender: Grubhub VRB,
20260801,9697: Findlay OH,Tender: Grubhub VRM,
20260801,9697: Findlay OH,Tender: QR Pay,215.38
20260801,9697: Findlay OH,Tender: Online,32.06
20260801,9697: Findlay OH,Tender: Master Card,633.84
20260801,9697: Findlay OH,Tender: Visa,798.45
20260801,9697: Findlay OH,Tender: Discover,96.52
20260801,9697: Findlay OH,Tender: Debit,1486.32
20260801,9697: Findlay OH,Tender: American Express,82.65
20260801,9697: Findlay OH,Tender: Gift Card,
20260801,9697: Findlay OH,Tender: Cash,1311.27
20260801,9697: Findlay OH,Credit Tips Paid,412.50
20260801,9697: Findlay OH,Cash Paid Outs - Non Adjusting,8.04
20260801,9697: Findlay OH,Cash Paid Outs - Sales Adjusting,
20260801,9697: Findlay OH,Online Gross Sales,
20260802,5164: Berkshire OH,Net Sales,4011.05
20260802,5164: Berkshire OH,Total Sales Tax,263.48
20260802,5164: Berkshire OH,Total Discounts,158.88
20260802,5164: Berkshire OH,Major Category: Gift Card,
20260802,5164: Berkshire OH,Tender: Door Dash,57.67
20260802,5164: Berkshire OH,Tender: Doordash Banda Burrito,
20260802,5164: Berkshire OH,Tender: Doordash VRB,
20260802,5164: Berkshire OH,Tender: Doordash VRM,
20260802,5164: Berkshire OH,Tender: Doordash Nathans,
20260802,5164: Berkshire OH,Credit Tips Received,533.53
20260802,5164: Berkshire OH,Tender: Uber Eats,45.35
20260802,5164: Berkshire OH,Tender: Uber Eats Banda Burrito,
20260802,5164: Berkshire OH,Tender: Uber Eats VR,
20260802,5164: Berkshire OH,Tender: Uber Eats VRM,
20260802,5164: Berkshire OH,Tender: Uber Eats Nathans,
20260802,5164: Berkshire OH,Tender: Grub Hub,
20260802,5164: Berkshire OH,Tender: Grubhub Banda Burrito,
20260802,5164: Berkshire OH,Tender: Grubhub VRB,
20260802,5164: Berkshire OH,Tender: Grubhub VRM,
20260802,5164: Berkshire OH,Tender: QR Pay,
20260802,5164: Berkshire OH,Tender: Online,57.64
20260802,5164: Berkshire OH,Tender: Master Card,733.06
20260802,5164: Berkshire OH,Tender: Visa,1875.46
20260802,5164: Berkshire OH,Tender: Discover,
20260802,5164: Berkshire OH,Tender: Debit,931.77
20260802,5164: Berkshire OH,Tender: American Express,40.86
20260802,5164: Berkshire OH,Tender: Gift Card,5.11
20260802,5164: Berkshire OH,Tender: Cash,1061.14
20260802,5164: Berkshire OH,Credit Tips Paid,638.77
20260802,5164: Berkshire OH,Cash Paid Outs - Non Adjusting,
20260802,5164: Berkshire OH,Cash Paid Outs - Sales Adjusting,
20260802,5164: Berkshire OH,Online Gross Sales,57.64
20260802,5165: Perrysburg OH,Net Sales,3814.36
20260802,5165: Perrysburg OH,Total Sales Tax,220.34
20260802,5165: Perrysburg OH,Total Discounts,129.04
20260802,5165: Perrysburg OH,Major Category: Gift Card,
20260802,5165: Perrysburg OH,Tender: Door Dash,195.81
20260802,5165: Perrysburg OH,Tender: Doordash Banda Burrito,
20260802,5165: Perrysburg OH,Tender: Doordash VRB,
20260802,5165: Perrysburg OH,Tender: Doordash VRM,
20260802,5165: Perrysburg OH,Tender: Doordash Nathans,
20260802,5165: Perrysburg OH,Credit Tips Received,327.46
20260802,5165: Perrysburg OH,Tender: Uber Eats,22.58
20260802,5165: Perrysburg OH,Tender: Uber Eats Banda Burrito,
20260802,5165: Perrysburg OH,Tender: Uber Eats VR,
20260802,5165: Perrysburg OH,Tender: Uber Eats VRM,
20260802,5165: Perrysburg OH,Tender: Uber Eats Nathans,
20260802,5165: Perrysburg OH,Tender: Grub Hub,
20260802,5165: Perrysburg OH,Tender: Grubhub Banda Burrito,
20260802,5165: Perrysburg OH,Tender: Grubhub VRB,
20260802,5165: Perrysburg OH,Tender: Grubhub VRM,
20260802,5165: Perrysburg OH,Tender: QR Pay,
20260802,5165: Perrysburg OH,Tender: Online,125.61
20260802,5165: Perrysburg OH,Tender: Master Card,752.74
20260802,5165: Perrysburg OH,Tender: Visa,1281.95
20260802,5165: Perrysburg OH,Tender: Discover,
20260802,5165: Perrysburg OH,Tender: Debit,955.88
20260802,5165: Perrysburg OH,Tender: American Express,35.65
20260802,5165: Perrysburg OH,Tender: Gift Card,
20260802,5165: Perrysburg OH,Tender: Cash,991.94
20260802,5165: Perrysburg OH,Credit Tips Paid,260.69
20260802,5165: Perrysburg OH,Cash Paid Outs - Non Adjusting,
20260802,5165: Perrysburg OH,Cash Paid Outs - Sales Adjusting,
20260802,5165: Perrysburg OH,Online Gross Sales,118.64
20260802,5166: Jeffersonville OH,Net Sales,3855.03
20260802,5166: Jeffersonville OH,Total Sales Tax,221.96
20260802,5166: Jeffersonville OH,Total Discounts,100.40
20260802,5166: Jeffersonville OH,Major Category: Gift Card,
20260802,5166: Jeffersonville OH,Tender: Door Dash,97.60
20260802,5166: Jeffersonville OH,Tender: Doordash Banda Burrito,
20260802,5166: Jeffersonville OH,Tender: Doordash VRB,85.49
20260802,5166: Jeffersonville OH,Tender: Doordash VRM,
20260802,5166: Jeffersonville OH,Tender: Doordash Nathans,
20260802,5166: Jeffersonville OH,Credit Tips Received,456.76
20260802,5166: Jeffersonville OH,Tender: Uber Eats,
20260802,5166: Jeffersonville OH,Tender: Uber Eats Banda Burrito,
20260802,5166: Jeffersonville OH,Tender: Uber Eats VR,
20260802,5166: Jeffersonville OH,Tender: Uber Eats VRM,
20260802,5166: Jeffersonville OH,Tender: Uber Eats Nathans,
20260802,5166: Jeffersonville OH,Tender: Grub Hub,
20260802,5166: Jeffersonville OH,Tender: Grubhub Banda Burrito,
20260802,5166: Jeffersonville OH,Tender: Grubhub VRB,
20260802,5166: Jeffersonville OH,Tender: Grubhub VRM,
20260802,5166: Jeffersonville OH,Tender: QR Pay,
20260802,5166: Jeffersonville OH,Tender: Online,62.22
20260802,5166: Jeffersonville OH,Tender: Master Card,736.42
20260802,5166: Jeffersonville OH,Tender: Visa,1712.73
20260802,5166: Jeffersonville OH,Tender: Discover,
20260802,5166: Jeffersonville OH,Tender: Debit,924.82
20260802,5166: Jeffersonville OH,Tender: American Express,156.72
20260802,5166: Jeffersonville OH,Tender: Gift Card,25.00
20260802,5166: Jeffersonville OH,Tender: Cash,732.75
20260802,5166: Jeffersonville OH,Credit Tips Paid,446.71
20260802,5166: Jeffersonville OH,Cash Paid Outs - Non Adjusting,56.00
20260802,5166: Jeffersonville OH,Cash Paid Outs - Sales Adjusting,
20260802,5166: Jeffersonville OH,Online Gross Sales,53.36
20260802,5167: Elizabethtown KY,Net Sales,4667.12
20260802,5167: Elizabethtown KY,Total Sales Tax,378.92
20260802,5167: Elizabethtown KY,Total Discounts,293.04
20260802,5167: Elizabethtown KY,Major Category: Gift Card,
20260802,5167: Elizabethtown KY,Tender: Door Dash,354.23
20260802,5167: Elizabethtown KY,Tender: Doordash Banda Burrito,
20260802,5167: Elizabethtown KY,Tender: Doordash VRB,110.90
20260802,5167: Elizabethtown KY,Tender: Doordash VRM,78.51
20260802,5167: Elizabethtown KY,Tender: Doordash Nathans,
20260802,5167: Elizabethtown KY,Credit Tips Received,383.47
20260802,5167: Elizabethtown KY,Tender: Uber Eats,57.88
20260802,5167: Elizabethtown KY,Tender: Uber Eats Banda Burrito,
20260802,5167: Elizabethtown KY,Tender: Uber Eats VR,
20260802,5167: Elizabethtown KY,Tender: Uber Eats VRM,
20260802,5167: Elizabethtown KY,Tender: Uber Eats Nathans,
20260802,5167: Elizabethtown KY,Tender: Grub Hub,17.94
20260802,5167: Elizabethtown KY,Tender: Grubhub Banda Burrito,
20260802,5167: Elizabethtown KY,Tender: Grubhub VRB,
20260802,5167: Elizabethtown KY,Tender: Grubhub VRM,
20260802,5167: Elizabethtown KY,Tender: QR Pay,
20260802,5167: Elizabethtown KY,Tender: Online,156.88
20260802,5167: Elizabethtown KY,Tender: Master Card,626.42
20260802,5167: Elizabethtown KY,Tender: Visa,2180.96
20260802,5167: Elizabethtown KY,Tender: Discover,110.52
20260802,5167: Elizabethtown KY,Tender: Debit,603.25
20260802,5167: Elizabethtown KY,Tender: American Express,95.20
20260802,5167: Elizabethtown KY,Tender: Gift Card,
20260802,5167: Elizabethtown KY,Tender: Cash,1036.82
20260802,5167: Elizabethtown KY,Credit Tips Paid,391.56
20260802,5167: Elizabethtown KY,Cash Paid Outs - Non Adjusting,
20260802,5167: Elizabethtown KY,Cash Paid Outs - Sales Adjusting,45.12
20260802,5167: Elizabethtown KY,Online Gross Sales,141.46
20260802,5168: Catlettsburg KY,Net Sales,2400.01
20260802,5168: Catlettsburg KY,Total Sales Tax,144.01
20260802,5168: Catlettsburg KY,Total Discounts,65.05
20260802,5168: Catlettsburg KY,Major Category: Gift Card,
20260802,5168: Catlettsburg KY,Tender: Door Dash,79.19
20260802,5168: Catlettsburg KY,Tender: Doordash Banda Burrito,
20260802,5168: Catlettsburg KY,Tender: Doordash VRB,
20260802,5168: Catlettsburg KY,Tender: Doordash VRM,
20260802,5168: Catlettsburg KY,Tender: Doordash Nathans,
20260802,5168: Catlettsburg KY,Credit Tips Received,268.83
20260802,5168: Catlettsburg KY,Tender: Uber Eats,57.38
20260802,5168: Catlettsburg KY,Tender: Uber Eats Banda Burrito,
20260802,5168: Catlettsburg KY,Tender: Uber Eats VR,
20260802,5168: Catlettsburg KY,Tender: Uber Eats VRM,
20260802,5168: Catlettsburg KY,Tender: Uber Eats Nathans,
20260802,5168: Catlettsburg KY,Tender: Grub Hub,
20260802,5168: Catlettsburg KY,Tender: Grubhub Banda Burrito,
20260802,5168: Catlettsburg KY,Tender: Grubhub VRB,
20260802,5168: Catlettsburg KY,Tender: Grubhub VRM,
20260802,5168: Catlettsburg KY,Tender: QR Pay,
20260802,5168: Catlettsburg KY,Tender: Online,15.89
20260802,5168: Catlettsburg KY,Tender: Master Card,355.63
20260802,5168: Catlettsburg KY,Tender: Visa,1005.38
20260802,5168: Catlettsburg KY,Tender: Discover,61.46
20260802,5168: Catlettsburg KY,Tender: Debit,631.74
20260802,5168: Catlettsburg KY,Tender: American Express,
20260802,5168: Catlettsburg KY,Tender: Gift Card,12.46
20260802,5168: Catlettsburg KY,Tender: Cash,593.72
20260802,5168: Catlettsburg KY,Credit Tips Paid,286.68
20260802,5168: Catlettsburg KY,Cash Paid Outs - Non Adjusting,58.92
20260802,5168: Catlettsburg KY,Cash Paid Outs - Sales Adjusting,
20260802,5168: Catlettsburg KY,Online Gross Sales,14.99
20260802,5169: Columbus OH,Net Sales,5473.18
20260802,5169: Columbus OH,Total Sales Tax,277.33
20260802,5169: Columbus OH,Total Discounts,97.80
20260802,5169: Columbus OH,Major Category: Gift Card,
20260802,5169: Columbus OH,Tender: Door Dash,595.32
20260802,5169: Columbus OH,Tender: Doordash Banda Burrito,
20260802,5169: Columbus OH,Tender: Doordash VRB,87.41
20260802,5169: Columbus OH,Tender: Doordash VRM,388.31
20260802,5169: Columbus OH,Tender: Doordash Nathans,
20260802,5169: Columbus OH,Credit Tips Received,459.90
20260802,5169: Columbus OH,Tender: Uber Eats,356.70
20260802,5169: Columbus OH,Tender: Uber Eats Banda Burrito,
20260802,5169: Columbus OH,Tender: Uber Eats VR,17.18
20260802,5169: Columbus OH,Tender: Uber Eats VRM,
20260802,5169: Columbus OH,Tender: Uber Eats Nathans,
20260802,5169: Columbus OH,Tender: Grub Hub,94.16
20260802,5169: Columbus OH,Tender: Grubhub Banda Burrito,
20260802,5169: Columbus OH,Tender: Grubhub VRB,
20260802,5169: Columbus OH,Tender: Grubhub VRM,60.34
20260802,5169: Columbus OH,Tender: QR Pay,
20260802,5169: Columbus OH,Tender: Online,172.94
20260802,5169: Columbus OH,Tender: Master Card,881.28
20260802,5169: Columbus OH,Tender: Visa,1870.01
20260802,5169: Columbus OH,Tender: Discover,19.06
20260802,5169: Columbus OH,Tender: Debit,733.31
20260802,5169: Columbus OH,Tender: American Express,
20260802,5169: Columbus OH,Tender: Gift Card,
20260802,5169: Columbus OH,Tender: Cash,934.39
20260802,5169: Columbus OH,Credit Tips Paid,563.76
20260802,5169: Columbus OH,Cash Paid Outs - Non Adjusting,164.18
20260802,5169: Columbus OH,Cash Paid Outs - Sales Adjusting,
20260802,5169: Columbus OH,Online Gross Sales,169.80
20260802,7401: Youngstown OH,Net Sales,5983.48
20260802,7401: Youngstown OH,Total Sales Tax,248.78
20260802,7401: Youngstown OH,Total Discounts,171.37
20260802,7401: Youngstown OH,Major Category: Gift Card,
20260802,7401: Youngstown OH,Tender: Door Dash,1079.46
20260802,7401: Youngstown OH,Tender: Doordash Banda Burrito,72.31
20260802,7401: Youngstown OH,Tender: Doordash VRB,
20260802,7401: Youngstown OH,Tender: Doordash VRM,189.65
20260802,7401: Youngstown OH,Tender: Doordash Nathans,93.12
20260802,7401: Youngstown OH,Credit Tips Received,307.25
20260802,7401: Youngstown OH,Tender: Uber Eats,139.23
20260802,7401: Youngstown OH,Tender: Uber Eats Banda Burrito,
20260802,7401: Youngstown OH,Tender: Uber Eats VR,
20260802,7401: Youngstown OH,Tender: Uber Eats VRM,
20260802,7401: Youngstown OH,Tender: Uber Eats Nathans,
20260802,7401: Youngstown OH,Tender: Grub Hub,42.75
20260802,7401: Youngstown OH,Tender: Grubhub Banda Burrito,
20260802,7401: Youngstown OH,Tender: Grubhub VRB,
20260802,7401: Youngstown OH,Tender: Grubhub VRM,
20260802,7401: Youngstown OH,Tender: QR Pay,
20260802,7401: Youngstown OH,Tender: Online,283.76
20260802,7401: Youngstown OH,Tender: Master Card,931.66
20260802,7401: Youngstown OH,Tender: Visa,1275.24
20260802,7401: Youngstown OH,Tender: Discover,58.45
20260802,7401: Youngstown OH,Tender: Debit,866.03
20260802,7401: Youngstown OH,Tender: American Express,
20260802,7401: Youngstown OH,Tender: Gift Card,
20260802,7401: Youngstown OH,Tender: Cash,1507.85
20260802,7401: Youngstown OH,Credit Tips Paid,309.73
20260802,7401: Youngstown OH,Cash Paid Outs - Non Adjusting,
20260802,7401: Youngstown OH,Cash Paid Outs - Sales Adjusting,
20260802,7401: Youngstown OH,Online Gross Sales,290.99
20260802,9690: Marietta OH,Net Sales,3382.64
20260802,9690: Marietta OH,Total Sales Tax,205.91
20260802,9690: Marietta OH,Total Discounts,77.03
20260802,9690: Marietta OH,Major Category: Gift Card,
20260802,9690: Marietta OH,Tender: Door Dash,197.98
20260802,9690: Marietta OH,Tender: Doordash Banda Burrito,
20260802,9690: Marietta OH,Tender: Doordash VRB,157.91
20260802,9690: Marietta OH,Tender: Doordash VRM,
20260802,9690: Marietta OH,Tender: Doordash Nathans,
20260802,9690: Marietta OH,Credit Tips Received,291.11
20260802,9690: Marietta OH,Tender: Uber Eats,
20260802,9690: Marietta OH,Tender: Uber Eats Banda Burrito,
20260802,9690: Marietta OH,Tender: Uber Eats VR,
20260802,9690: Marietta OH,Tender: Uber Eats VRM,
20260802,9690: Marietta OH,Tender: Uber Eats Nathans,
20260802,9690: Marietta OH,Tender: Grub Hub,
20260802,9690: Marietta OH,Tender: Grubhub Banda Burrito,
20260802,9690: Marietta OH,Tender: Grubhub VRB,
20260802,9690: Marietta OH,Tender: Grubhub VRM,
20260802,9690: Marietta OH,Tender: QR Pay,186.67
20260802,9690: Marietta OH,Tender: Online,59.82
20260802,9690: Marietta OH,Tender: Master Card,287.21
20260802,9690: Marietta OH,Tender: Visa,673.88
20260802,9690: Marietta OH,Tender: Discover,99.07
20260802,9690: Marietta OH,Tender: Debit,1236.78
20260802,9690: Marietta OH,Tender: American Express,15.00
20260802,9690: Marietta OH,Tender: Gift Card,48.60
20260802,9690: Marietta OH,Tender: Cash,916.74
20260802,9690: Marietta OH,Credit Tips Paid,291.11
20260802,9690: Marietta OH,Cash Paid Outs - Non Adjusting,
20260802,9690: Marietta OH,Cash Paid Outs - Sales Adjusting,
20260802,9690: Marietta OH,Online Gross Sales,
20260802,9697: Findlay OH,Net Sales,5871.93
20260802,9697: Findlay OH,Total Sales Tax,350.04
20260802,9697: Findlay OH,Total Discounts,149.94
20260802,9697: Findlay OH,Major Category: Gift Card,
20260802,9697: Findlay OH,Tender: Door Dash,450.81
20260802,9697: Findlay OH,Tender: Doordash Banda Burrito,
20260802,9697: Findlay OH,Tender: Doordash VRB,36.76
20260802,9697: Findlay OH,Tender: Doordash VRM,94.01
20260802,9697: Findlay OH,Tender: Doordash Nathans,
20260802,9697: Findlay OH,Credit Tips Received,562.08
20260802,9697: Findlay OH,Tender: Uber Eats,
20260802,9697: Findlay OH,Tender: Uber Eats Banda Burrito,
20260802,9697: Findlay OH,Tender: Uber Eats VR,
20260802,9697: Findlay OH,Tender: Uber Eats VRM,
20260802,9697: Findlay OH,Tender: Uber Eats Nathans,
20260802,9697: Findlay OH,Tender: Grub Hub,26.27
20260802,9697: Findlay OH,Tender: Grubhub Banda Burrito,
20260802,9697: Findlay OH,Tender: Grubhub VRB,
20260802,9697: Findlay OH,Tender: Grubhub VRM,
20260802,9697: Findlay OH,Tender: QR Pay,485.25
20260802,9697: Findlay OH,Tender: Online,209.12
20260802,9697: Findlay OH,Tender: Master Card,825.88
20260802,9697: Findlay OH,Tender: Visa,1133.33
20260802,9697: Findlay OH,Tender: Discover,141.39
20260802,9697: Findlay OH,Tender: Debit,1655.39
20260802,9697: Findlay OH,Tender: American Express,116.29
20260802,9697: Findlay OH,Tender: Gift Card,
20260802,9697: Findlay OH,Tender: Cash,1609.55
20260802,9697: Findlay OH,Credit Tips Paid,553.92
20260802,9697: Findlay OH,Cash Paid Outs - Non Adjusting,
20260802,9697: Findlay OH,Cash Paid Outs - Sales Adjusting,
20260802,9697: Findlay OH,Online Gross Sales,
20260803,5164: Berkshire OH,Net Sales,2913.03
20260803,5164: Berkshire OH,Total Sales Tax,184.38
20260803,5164: Berkshire OH,Total Discounts,59.14
20260803,5164: Berkshire OH,Major Category: Gift Card,
20260803,5164: Berkshire OH,Tender: Door Dash,51.86
20260803,5164: Berkshire OH,Tender: Doordash Banda Burrito,
20260803,5164: Berkshire OH,Tender: Doordash VRB,55.94
20260803,5164: Berkshire OH,Tender: Doordash VRM,
20260803,5164: Berkshire OH,Tender: Doordash Nathans,
20260803,5164: Berkshire OH,Credit Tips Received,310.69
20260803,5164: Berkshire OH,Tender: Uber Eats,47.21
20260803,5164: Berkshire OH,Tender: Uber Eats Banda Burrito,
20260803,5164: Berkshire OH,Tender: Uber Eats VR,
20260803,5164: Berkshire OH,Tender: Uber Eats VRM,
20260803,5164: Berkshire OH,Tender: Uber Eats Nathans,
20260803,5164: Berkshire OH,Tender: Grub Hub,
20260803,5164: Berkshire OH,Tender: Grubhub Banda Burrito,
20260803,5164: Berkshire OH,Tender: Grubhub VRB,
20260803,5164: Berkshire OH,Tender: Grubhub VRM,
20260803,5164: Berkshire OH,Tender: QR Pay,
20260803,5164: Berkshire OH,Tender: Online,56.04
20260803,5164: Berkshire OH,Tender: Master Card,620.94
20260803,5164: Berkshire OH,Tender: Visa,1258.06
20260803,5164: Berkshire OH,Tender: Discover,66.91
20260803,5164: Berkshire OH,Tender: Debit,447.95
20260803,5164: Berkshire OH,Tender: American Express,
20260803,5164: Berkshire OH,Tender: Gift Card,7.53
20260803,5164: Berkshire OH,Tender: Cash,795.66
20260803,5164: Berkshire OH,Credit Tips Paid,305.92
20260803,5164: Berkshire OH,Cash Paid Outs - Non Adjusting,2.50
20260803,5164: Berkshire OH,Cash Paid Outs - Sales Adjusting,
20260803,5164: Berkshire OH,Online Gross Sales,55.31
20260803,5165: Perrysburg OH,Net Sales,2907.68
20260803,5165: Perrysburg OH,Total Sales Tax,150.96
20260803,5165: Perrysburg OH,Total Discounts,114.69
20260803,5165: Perrysburg OH,Major Category: Gift Card,
20260803,5165: Perrysburg OH,Tender: Door Dash,46.86
20260803,5165: Perrysburg OH,Tender: Doordash Banda Burrito,
20260803,5165: Perrysburg OH,Tender: Doordash VRB,
20260803,5165: Perrysburg OH,Tender: Doordash VRM,
20260803,5165: Perrysburg OH,Tender: Doordash Nathans,
20260803,5165: Perrysburg OH,Credit Tips Received,334.56
20260803,5165: Perrysburg OH,Tender: Uber Eats,35.15
20260803,5165: Perrysburg OH,Tender: Uber Eats Banda Burrito,
20260803,5165: Perrysburg OH,Tender: Uber Eats VR,
20260803,5165: Perrysburg OH,Tender: Uber Eats VRM,
20260803,5165: Perrysburg OH,Tender: Uber Eats Nathans,
20260803,5165: Perrysburg OH,Tender: Grub Hub,
20260803,5165: Perrysburg OH,Tender: Grubhub Banda Burrito,
20260803,5165: Perrysburg OH,Tender: Grubhub VRB,
20260803,5165: Perrysburg OH,Tender: Grubhub VRM,
20260803,5165: Perrysburg OH,Tender: QR Pay,
20260803,5165: Perrysburg OH,Tender: Online,150.93
20260803,5165: Perrysburg OH,Tender: Master Card,767.89
20260803,5165: Perrysburg OH,Tender: Visa,1158.88
20260803,5165: Perrysburg OH,Tender: Discover,32.96
20260803,5165: Perrysburg OH,Tender: Debit,257.48
20260803,5165: Perrysburg OH,Tender: American Express,174.08
20260803,5165: Perrysburg OH,Tender: Gift Card,
20260803,5165: Perrysburg OH,Tender: Cash,768.97
20260803,5165: Perrysburg OH,Credit Tips Paid,442.91
20260803,5165: Perrysburg OH,Cash Paid Outs - Non Adjusting,
20260803,5165: Perrysburg OH,Cash Paid Outs - Sales Adjusting,
20260803,5165: Perrysburg OH,Online Gross Sales,135.74
20260803,5166: Jeffersonville OH,Net Sales,2381.11
20260803,5166: Jeffersonville OH,Total Sales Tax,139.76
20260803,5166: Jeffersonville OH,Total Discounts,66.56
20260803,5166: Jeffersonville OH,Major Category: Gift Card,
20260803,5166: Jeffersonville OH,Tender: Door Dash,85.83
20260803,5166: Jeffersonville OH,Tender: Doordash Banda Burrito,
20260803,5166: Jeffersonville OH,Tender: Doordash VRB,14.78
20260803,5166: Jeffersonville OH,Tender: Doordash VRM,
20260803,5166: Jeffersonville OH,Tender: Doordash Nathans,
20260803,5166: Jeffersonville OH,Credit Tips Received,282.65
20260803,5166: Jeffersonville OH,Tender: Uber Eats,
20260803,5166: Jeffersonville OH,Tender: Uber Eats Banda Burrito,
20260803,5166: Jeffersonville OH,Tender: Uber Eats VR,
20260803,5166: Jeffersonville OH,Tender: Uber Eats VRM,
20260803,5166: Jeffersonville OH,Tender: Uber Eats Nathans,
20260803,5166: Jeffersonville OH,Tender: Grub Hub,
20260803,5166: Jeffersonville OH,Tender: Grubhub Banda Burrito,
20260803,5166: Jeffersonville OH,Tender: Grubhub VRB,
20260803,5166: Jeffersonville OH,Tender: Grubhub VRM,
20260803,5166: Jeffersonville OH,Tender: QR Pay,
20260803,5166: Jeffersonville OH,Tender: Online,95.00
20260803,5166: Jeffersonville OH,Tender: Master Card,438.72
20260803,5166: Jeffersonville OH,Tender: Visa,1197.56
20260803,5166: Jeffersonville OH,Tender: Discover,61.06
20260803,5166: Jeffersonville OH,Tender: Debit,300.53
20260803,5166: Jeffersonville OH,Tender: American Express,129.50
20260803,5166: Jeffersonville OH,Tender: Gift Card,
20260803,5166: Jeffersonville OH,Tender: Cash,480.54
20260803,5166: Jeffersonville OH,Credit Tips Paid,288.80
20260803,5166: Jeffersonville OH,Cash Paid Outs - Non Adjusting,
20260803,5166: Jeffersonville OH,Cash Paid Outs - Sales Adjusting,
20260803,5166: Jeffersonville OH,Online Gross Sales,92.08
20260803,5167: Elizabethtown KY,Net Sales,2616.47
20260803,5167: Elizabethtown KY,Total Sales Tax,212.48
20260803,5167: Elizabethtown KY,Total Discounts,151.73
20260803,5167: Elizabethtown KY,Major Category: Gift Card,
20260803,5167: Elizabethtown KY,Tender: Door Dash,212.27
20260803,5167: Elizabethtown KY,Tender: Doordash Banda Burrito,
20260803,5167: Elizabethtown KY,Tender: Doordash VRB,18.05
20260803,5167: Elizabethtown KY,Tender: Doordash VRM,93.80
20260803,5167: Elizabethtown KY,Tender: Doordash Nathans,
20260803,5167: Elizabethtown KY,Credit Tips Received,241.34
20260803,5167: Elizabethtown KY,Tender: Uber Eats,23.11
20260803,5167: Elizabethtown KY,Tender: Uber Eats Banda Burrito,
20260803,5167: Elizabethtown KY,Tender: Uber Eats VR,
20260803,5167: Elizabethtown KY,Tender: Uber Eats VRM,20.63
20260803,5167: Elizabethtown KY,Tender: Uber Eats Nathans,
20260803,5167: Elizabethtown KY,Tender: Grub Hub,41.59
20260803,5167: Elizabethtown KY,Tender: Grubhub Banda Burrito,
20260803,5167: Elizabethtown KY,Tender: Grubhub VRB,
20260803,5167: Elizabethtown KY,Tender: Grubhub VRM,
20260803,5167: Elizabethtown KY,Tender: QR Pay,
20260803,5167: Elizabethtown KY,Tender: Online,2.00
20260803,5167: Elizabethtown KY,Tender: Master Card,650.70
20260803,5167: Elizabethtown KY,Tender: Visa,841.57
20260803,5167: Elizabethtown KY,Tender: Discover,33.29
20260803,5167: Elizabethtown KY,Tender: Debit,397.68
20260803,5167: Elizabethtown KY,Tender: American Express,
20260803,5167: Elizabethtown KY,Tender: Gift Card,25.46
20260803,5167: Elizabethtown KY,Tender: Cash,710.14
20260803,5167: Elizabethtown KY,Credit Tips Paid,243.34
20260803,5167: Elizabethtown KY,Cash Paid Outs - Non Adjusting,
20260803,5167: Elizabethtown KY,Cash Paid Outs - Sales Adjusting,
20260803,5167: Elizabethtown KY,Online Gross Sales,11.68
20260803,5168: Catlettsburg KY,Net Sales,2124.89
20260803,5168: Catlettsburg KY,Total Sales Tax,127.54
20260803,5168: Catlettsburg KY,Total Discounts,19.34
20260803,5168: Catlettsburg KY,Major Category: Gift Card,
20260803,5168: Catlettsburg KY,Tender: Door Dash,25.74
20260803,5168: Catlettsburg KY,Tender: Doordash Banda Burrito,
20260803,5168: Catlettsburg KY,Tender: Doordash VRB,
20260803,5168: Catlettsburg KY,Tender: Doordash VRM,
20260803,5168: Catlettsburg KY,Tender: Doordash Nathans,
20260803,5168: Catlettsburg KY,Credit Tips Received,235.77
20260803,5168: Catlettsburg KY,Tender: Uber Eats,
20260803,5168: Catlettsburg KY,Tender: Uber Eats Banda Burrito,
20260803,5168: Catlettsburg KY,Tender: Uber Eats VR,
20260803,5168: Catlettsburg KY,Tender: Uber Eats VRM,
20260803,5168: Catlettsburg KY,Tender: Uber Eats Nathans,
20260803,5168: Catlettsburg KY,Tender: Grub Hub,
20260803,5168: Catlettsburg KY,Tender: Grubhub Banda Burrito,
20260803,5168: Catlettsburg KY,Tender: Grubhub VRB,
20260803,5168: Catlettsburg KY,Tender: Grubhub VRM,
20260803,5168: Catlettsburg KY,Tender: QR Pay,
20260803,5168: Catlettsburg KY,Tender: Online,115.38
20260803,5168: Catlettsburg KY,Tender: Master Card,386.29
20260803,5168: Catlettsburg KY,Tender: Visa,1048.00
20260803,5168: Catlettsburg KY,Tender: Discover,30.24
20260803,5168: Catlettsburg KY,Tender: Debit,352.09
20260803,5168: Catlettsburg KY,Tender: American Express,
20260803,5168: Catlettsburg KY,Tender: Gift Card,
20260803,5168: Catlettsburg KY,Tender: Cash,530.46
20260803,5168: Catlettsburg KY,Credit Tips Paid,202.79
20260803,5168: Catlettsburg KY,Cash Paid Outs - Non Adjusting,
20260803,5168: Catlettsburg KY,Cash Paid Outs - Sales Adjusting,
20260803,5168: Catlettsburg KY,Online Gross Sales,95.88
20260803,5169: Columbus OH,Net Sales,3338.34
20260803,5169: Columbus OH,Total Sales Tax,168.23
20260803,5169: Columbus OH,Total Discounts,57.00
20260803,5169: Columbus OH,Major Category: Gift Card,
20260803,5169: Columbus OH,Tender: Door Dash,418.41
20260803,5169: Columbus OH,Tender: Doordash Banda Burrito,
20260803,5169: Columbus OH,Tender: Doordash VRB,96.86
20260803,5169: Columbus OH,Tender: Doordash VRM,273.00
20260803,5169: Columbus OH,Tender: Doordash Nathans,
20260803,5169: Columbus OH,Credit Tips Received,215.92
20260803,5169: Columbus OH,Tender: Uber Eats,107.86
20260803,5169: Columbus OH,Tender: Uber Eats Banda Burrito,
20260803,5169: Columbus OH,Tender: Uber Eats VR,66.13
20260803,5169: Columbus OH,Tender: Uber Eats VRM,
20260803,5169: Columbus OH,Tender: Uber Eats Nathans,
20260803,5169: Columbus OH,Tender: Grub Hub,24.16
20260803,5169: Columbus OH,Tender: Grubhub Banda Burrito,
20260803,5169: Columbus OH,Tender: Grubhub VRB,
20260803,5169: Columbus OH,Tender: Grubhub VRM,
20260803,5169: Columbus OH,Tender: QR Pay,
20260803,5169: Columbus OH,Tender: Online,90.28
20260803,5169: Columbus OH,Tender: Master Card,356.17
20260803,5169: Columbus OH,Tender: Visa,1005.51
20260803,5169: Columbus OH,Tender: Discover,51.66
20260803,5169: Columbus OH,Tender: Debit,397.03
20260803,5169: Columbus OH,Tender: American Express,100.04
20260803,5169: Columbus OH,Tender: Gift Card,32.30
20260803,5169: Columbus OH,Tender: Cash,703.08
20260803,5169: Columbus OH,Credit Tips Paid,232.47
20260803,5169: Columbus OH,Cash Paid Outs - Non Adjusting,
20260803,5169: Columbus OH,Cash Paid Outs - Sales Adjusting,
20260803,5169: Columbus OH,Online Gross Sales,90.28
20260803,7401: Youngstown OH,Net Sales,3468.07
20260803,7401: Youngstown OH,Total Sales Tax,147.00
20260803,7401: Youngstown OH,Total Discounts,132.70
20260803,7401: Youngstown OH,Major Category: Gift Card,
20260803,7401: Youngstown OH,Tender: Door Dash,357.33
20260803,7401: Youngstown OH,Tender: Doordash Banda Burrito,15.39
20260803,7401: Youngstown OH,Tender: Doordash VRB,
20260803,7401: Youngstown OH,Tender: Doordash VRM,123.90
20260803,7401: Youngstown OH,Tender: Doordash Nathans,71.91
20260803,7401: Youngstown OH,Credit Tips Received,259.55
20260803,7401: Youngstown OH,Tender: Uber Eats,42.31
20260803,7401: Youngstown OH,Tender: Uber Eats Banda Burrito,
20260803,7401: Youngstown OH,Tender: Uber Eats VR,
20260803,7401: Youngstown OH,Tender: Uber Eats VRM,32.08
20260803,7401: Youngstown OH,Tender: Uber Eats Nathans,
20260803,7401: Youngstown OH,Tender: Grub Hub,22.99
20260803,7401: Youngstown OH,Tender: Grubhub Banda Burrito,
20260803,7401: Youngstown OH,Tender: Grubhub VRB,
20260803,7401: Youngstown OH,Tender: Grubhub VRM,17.39
20260803,7401: Youngstown OH,Tender: QR Pay,
20260803,7401: Youngstown OH,Tender: Online,261.09
20260803,7401: Youngstown OH,Tender: Master Card,530.82
20260803,7401: Youngstown OH,Tender: Visa,784.21
20260803,7401: Youngstown OH,Tender: Discover,137.97
20260803,7401: Youngstown OH,Tender: Debit,739.46
20260803,7401: Youngstown OH,Tender: American Express,34.59
20260803,7401: Youngstown OH,Tender: Gift Card,
20260803,7401: Youngstown OH,Tender: Cash,703.18
20260803,7401: Youngstown OH,Credit Tips Paid,259.55
20260803,7401: Youngstown OH,Cash Paid Outs - Non Adjusting,
20260803,7401: Youngstown OH,Cash Paid Outs - Sales Adjusting,
20260803,7401: Youngstown OH,Online Gross Sales,249.47
20260803,9690: Marietta OH,Net Sales,1679.15
20260803,9690: Marietta OH,Total Sales Tax,94.29
20260803,9690: Marietta OH,Total Discounts,100.41
20260803,9690: Marietta OH,Major Category: Gift Card,
20260803,9690: Marietta OH,Tender: Door Dash,87.52
20260803,9690: Marietta OH,Tender: Doordash Banda Burrito,
20260803,9690: Marietta OH,Tender: Doordash VRB,63.94
20260803,9690: Marietta OH,Tender: Doordash VRM,
20260803,9690: Marietta OH,Tender: Doordash Nathans,
20260803,9690: Marietta OH,Credit Tips Received,73.86
20260803,9690: Marietta OH,Tender: Uber Eats,39.14
20260803,9690: Marietta OH,Tender: Uber Eats Banda Burrito,
20260803,9690: Marietta OH,Tender: Uber Eats VR,
20260803,9690: Marietta OH,Tender: Uber Eats VRM,
20260803,9690: Marietta OH,Tender: Uber Eats Nathans,
20260803,9690: Marietta OH,Tender: Grub Hub,
20260803,9690: Marietta OH,Tender: Grubhub Banda Burrito,
20260803,9690: Marietta OH,Tender: Grubhub VRB,
20260803,9690: Marietta OH,Tender: Grubhub VRM,
20260803,9690: Marietta OH,Tender: QR Pay,26.67
20260803,9690: Marietta OH,Tender: Online,71.50
20260803,9690: Marietta OH,Tender: Master Card,97.65
20260803,9690: Marietta OH,Tender: Visa,209.70
20260803,9690: Marietta OH,Tender: Discover,
20260803,9690: Marietta OH,Tender: Debit,647.36
20260803,9690: Marietta OH,Tender: American Express,
20260803,9690: Marietta OH,Tender: Gift Card,50.00
20260803,9690: Marietta OH,Tender: Cash,553.82
20260803,9690: Marietta OH,Credit Tips Paid,73.86
20260803,9690: Marietta OH,Cash Paid Outs - Non Adjusting,
20260803,9690: Marietta OH,Cash Paid Outs - Sales Adjusting,
20260803,9690: Marietta OH,Online Gross Sales,
20260803,9697: Findlay OH,Net Sales,2702.91
20260803,9697: Findlay OH,Total Sales Tax,149.08
20260803,9697: Findlay OH,Total Discounts,114.64
20260803,9697: Findlay OH,Major Category: Gift Card,
20260803,9697: Findlay OH,Tender: Door Dash,224.69
20260803,9697: Findlay OH,Tender: Doordash Banda Burrito,
20260803,9697: Findlay OH,Tender: Doordash VRB,18.78
20260803,9697: Findlay OH,Tender: Doordash VRM,184.56
20260803,9697: Findlay OH,Tender: Doordash Nathans,
20260803,9697: Findlay OH,Credit Tips Received,158.79
20260803,9697: Findlay OH,Tender: Uber Eats,
20260803,9697: Findlay OH,Tender: Uber Eats Banda Burrito,
20260803,9697: Findlay OH,Tender: Uber Eats VR,
20260803,9697: Findlay OH,Tender: Uber Eats VRM,
20260803,9697: Findlay OH,Tender: Uber Eats Nathans,
20260803,9697: Findlay OH,Tender: Grub Hub,
20260803,9697: Findlay OH,Tender: Grubhub Banda Burrito,
20260803,9697: Findlay OH,Tender: Grubhub VRB,
20260803,9697: Findlay OH,Tender: Grubhub VRM,
20260803,9697: Findlay OH,Tender: QR Pay,69.97
20260803,9697: Findlay OH,Tender: Online,70.01
20260803,9697: Findlay OH,Tender: Master Card,170.87
20260803,9697: Findlay OH,Tender: Visa,567.01
20260803,9697: Findlay OH,Tender: Discover,30.19
20260803,9697: Findlay OH,Tender: Debit,686.24
20260803,9697: Findlay OH,Tender: American Express,
20260803,9697: Findlay OH,Tender: Gift Card,25.00
20260803,9697: Findlay OH,Tender: Cash,963.46
20260803,9697: Findlay OH,Credit Tips Paid,162.18
20260803,9697: Findlay OH,Cash Paid Outs - Non Adjusting,
20260803,9697: Findlay OH,Cash Paid Outs - Sales Adjusting,
20260803,9697: Findlay OH,Online Gross Sales,
20260804,5164: Berkshire OH,Net Sales,2500.14
20260804,5164: Berkshire OH,Total Sales Tax,130.44
20260804,5164: Berkshire OH,Total Discounts,106.75
20260804,5164: Berkshire OH,Major Category: Gift Card,
20260804,5164: Berkshire OH,Tender: Door Dash,42.35
20260804,5164: Berkshire OH,Tender: Doordash Banda Burrito,
20260804,5164: Berkshire OH,Tender: Doordash VRB,
20260804,5164: Berkshire OH,Tender: Doordash VRM,
20260804,5164: Berkshire OH,Tender: Doordash Nathans,
20260804,5164: Berkshire OH,Credit Tips Received,311.56
20260804,5164: Berkshire OH,Tender: Uber Eats,
20260804,5164: Berkshire OH,Tender: Uber Eats Banda Burrito,
20260804,5164: Berkshire OH,Tender: Uber Eats VR,
20260804,5164: Berkshire OH,Tender: Uber Eats VRM,
20260804,5164: Berkshire OH,Tender: Uber Eats Nathans,
20260804,5164: Berkshire OH,Tender: Grub Hub,
20260804,5164: Berkshire OH,Tender: Grubhub Banda Burrito,
20260804,5164: Berkshire OH,Tender: Grubhub VRB,
20260804,5164: Berkshire OH,Tender: Grubhub VRM,
20260804,5164: Berkshire OH,Tender: QR Pay,
20260804,5164: Berkshire OH,Tender: Online,87.41
20260804,5164: Berkshire OH,Tender: Master Card,642.84
20260804,5164: Berkshire OH,Tender: Visa,921.36
20260804,5164: Berkshire OH,Tender: Discover,59.24
20260804,5164: Berkshire OH,Tender: Debit,494.02
20260804,5164: Berkshire OH,Tender: American Express,24.80
20260804,5164: Berkshire OH,Tender: Gift Card,
20260804,5164: Berkshire OH,Tender: Cash,670.12
20260804,5164: Berkshire OH,Credit Tips Paid,292.92
20260804,5164: Berkshire OH,Cash Paid Outs - Non Adjusting,19.92
20260804,5164: Berkshire OH,Cash Paid Outs - Sales Adjusting,
20260804,5164: Berkshire OH,Online Gross Sales,109.99
20260804,5165: Perrysburg OH,Net Sales,2401.15
20260804,5165: Perrysburg OH,Total Sales Tax,123.91
20260804,5165: Perrysburg OH,Total Discounts,101.31
20260804,5165: Perrysburg OH,Major Category: Gift Card,
20260804,5165: Perrysburg OH,Tender: Door Dash,100.70
20260804,5165: Perrysburg OH,Tender: Doordash Banda Burrito,
20260804,5165: Perrysburg OH,Tender: Doordash VRB,
20260804,5165: Perrysburg OH,Tender: Doordash VRM,
20260804,5165: Perrysburg OH,Tender: Doordash Nathans,
20260804,5165: Perrysburg OH,Credit Tips Received,305.39
20260804,5165: Perrysburg OH,Tender: Uber Eats,19.38
20260804,5165: Perrysburg OH,Tender: Uber Eats Banda Burrito,
20260804,5165: Perrysburg OH,Tender: Uber Eats VR,
20260804,5165: Perrysburg OH,Tender: Uber Eats VRM,
20260804,5165: Perrysburg OH,Tender: Uber Eats Nathans,
20260804,5165: Perrysburg OH,Tender: Grub Hub,
20260804,5165: Perrysburg OH,Tender: Grubhub Banda Burrito,
20260804,5165: Perrysburg OH,Tender: Grubhub VRB,
20260804,5165: Perrysburg OH,Tender: Grubhub VRM,
20260804,5165: Perrysburg OH,Tender: QR Pay,
20260804,5165: Perrysburg OH,Tender: Online,131.92
20260804,5165: Perrysburg OH,Tender: Master Card,553.80
20260804,5165: Perrysburg OH,Tender: Visa,622.68
20260804,5165: Perrysburg OH,Tender: Discover,28.11
20260804,5165: Perrysburg OH,Tender: Debit,672.34
20260804,5165: Perrysburg OH,Tender: American Express,48.10
20260804,5165: Perrysburg OH,Tender: Gift Card,0.30
20260804,5165: Perrysburg OH,Tender: Cash,653.12
20260804,5165: Perrysburg OH,Credit Tips Paid,319.44
20260804,5165: Perrysburg OH,Cash Paid Outs - Non Adjusting,3.79
20260804,5165: Perrysburg OH,Cash Paid Outs - Sales Adjusting,
20260804,5165: Perrysburg OH,Online Gross Sales,135.18
20260804,5166: Jeffersonville OH,Net Sales,3053.36
20260804,5166: Jeffersonville OH,Total Sales Tax,163.99
20260804,5166: Jeffersonville OH,Total Discounts,116.38
20260804,5166: Jeffersonville OH,Major Category: Gift Card,
20260804,5166: Jeffersonville OH,Tender: Door Dash,57.05
20260804,5166: Jeffersonville OH,Tender: Doordash Banda Burrito,
20260804,5166: Jeffersonville OH,Tender: Doordash VRB,
20260804,5166: Jeffersonville OH,Tender: Doordash VRM,
20260804,5166: Jeffersonville OH,Tender: Doordash Nathans,
20260804,5166: Jeffersonville OH,Credit Tips Received,408.32
20260804,5166: Jeffersonville OH,Tender: Uber Eats,
20260804,5166: Jeffersonville OH,Tender: Uber Eats Banda Burrito,
20260804,5166: Jeffersonville OH,Tender: Uber Eats VR,
20260804,5166: Jeffersonville OH,Tender: Uber Eats VRM,
20260804,5166: Jeffersonville OH,Tender: Uber Eats Nathans,
20260804,5166: Jeffersonville OH,Tender: Grub Hub,
20260804,5166: Jeffersonville OH,Tender: Grubhub Banda Burrito,
20260804,5166: Jeffersonville OH,Tender: Grubhub VRB,
20260804,5166: Jeffersonville OH,Tender: Grubhub VRM,
20260804,5166: Jeffersonville OH,Tender: QR Pay,
20260804,5166: Jeffersonville OH,Tender: Online,132.89
20260804,5166: Jeffersonville OH,Tender: Master Card,542.14
20260804,5166: Jeffersonville OH,Tender: Visa,1459.49
20260804,5166: Jeffersonville OH,Tender: Discover,5.99
20260804,5166: Jeffersonville OH,Tender: Debit,626.90
20260804,5166: Jeffersonville OH,Tender: American Express,43.71
20260804,5166: Jeffersonville OH,Tender: Gift Card,2.55
20260804,5166: Jeffersonville OH,Tender: Cash,754.95
20260804,5166: Jeffersonville OH,Credit Tips Paid,307.01
20260804,5166: Jeffersonville OH,Cash Paid Outs - Non Adjusting,
20260804,5166: Jeffersonville OH,Cash Paid Outs - Sales Adjusting,
20260804,5166: Jeffersonville OH,Online Gross Sales,131.81
20260804,5167: Elizabethtown KY,Net Sales,1606.74
20260804,5167: Elizabethtown KY,Total Sales Tax,130.45
20260804,5167: Elizabethtown KY,Total Discounts,104.95
20260804,5167: Elizabethtown KY,Major Category: Gift Card,
20260804,5167: Elizabethtown KY,Tender: Door Dash,194.02
20260804,5167: Elizabethtown KY,Tender: Doordash Banda Burrito,
20260804,5167: Elizabethtown KY,Tender: Doordash VRB,
20260804,5167: Elizabethtown KY,Tender: Doordash VRM,25.70
20260804,5167: Elizabethtown KY,Tender: Doordash Nathans,
20260804,5167: Elizabethtown KY,Credit Tips Received,152.26
20260804,5167: Elizabethtown KY,Tender: Uber Eats,
20260804,5167: Elizabethtown KY,Tender: Uber Eats Banda Burrito,
20260804,5167: Elizabethtown KY,Tender: Uber Eats VR,
20260804,5167: Elizabethtown KY,Tender: Uber Eats VRM,
20260804,5167: Elizabethtown KY,Tender: Uber Eats Nathans,
20260804,5167: Elizabethtown KY,Tender: Grub Hub,
20260804,5167: Elizabethtown KY,Tender: Grubhub Banda Burrito,
20260804,5167: Elizabethtown KY,Tender: Grubhub VRB,
20260804,5167: Elizabethtown KY,Tender: Grubhub VRM,
20260804,5167: Elizabethtown KY,Tender: QR Pay,
20260804,5167: Elizabethtown KY,Tender: Online,191.59
20260804,5167: Elizabethtown KY,Tender: Master Card,267.84
20260804,5167: Elizabethtown KY,Tender: Visa,589.12
20260804,5167: Elizabethtown KY,Tender: Discover,
20260804,5167: Elizabethtown KY,Tender: Debit,332.75
20260804,5167: Elizabethtown KY,Tender: American Express,
20260804,5167: Elizabethtown KY,Tender: Gift Card,
20260804,5167: Elizabethtown KY,Tender: Cash,288.43
20260804,5167: Elizabethtown KY,Credit Tips Paid,87.60
20260804,5167: Elizabethtown KY,Cash Paid Outs - Non Adjusting,200.00
20260804,5167: Elizabethtown KY,Cash Paid Outs - Sales Adjusting,
20260804,5167: Elizabethtown KY,Online Gross Sales,184.30
20260804,5168: Catlettsburg KY,Net Sales,2255.76
20260804,5168: Catlettsburg KY,Total Sales Tax,135.37
20260804,5168: Catlettsburg KY,Total Discounts,46.78
20260804,5168: Catlettsburg KY,Major Category: Gift Card,
20260804,5168: Catlettsburg KY,Tender: Door Dash,41.31
20260804,5168: Catlettsburg KY,Tender: Doordash Banda Burrito,
20260804,5168: Catlettsburg KY,Tender: Doordash VRB,
20260804,5168: Catlettsburg KY,Tender: Doordash VRM,
20260804,5168: Catlettsburg KY,Tender: Doordash Nathans,
20260804,5168: Catlettsburg KY,Credit Tips Received,266.12
20260804,5168: Catlettsburg KY,Tender: Uber Eats,35.46
20260804,5168: Catlettsburg KY,Tender: Uber Eats Banda Burrito,
20260804,5168: Catlettsburg KY,Tender: Uber Eats VR,
20260804,5168: Catlettsburg KY,Tender: Uber Eats VRM,
20260804,5168: Catlettsburg KY,Tender: Uber Eats Nathans,
20260804,5168: Catlettsburg KY,Tender: Grub Hub,
20260804,5168: Catlettsburg KY,Tender: Grubhub Banda Burrito,
20260804,5168: Catlettsburg KY,Tender: Grubhub VRB,
20260804,5168: Catlettsburg KY,Tender: Grubhub VRM,
20260804,5168: Catlettsburg KY,Tender: QR Pay,
20260804,5168: Catlettsburg KY,Tender: Online,28.95
20260804,5168: Catlettsburg KY,Tender: Master Card,522.65
20260804,5168: Catlettsburg KY,Tender: Visa,960.17
20260804,5168: Catlettsburg KY,Tender: Discover,87.64
20260804,5168: Catlettsburg KY,Tender: Debit,368.89
20260804,5168: Catlettsburg KY,Tender: American Express,64.97
20260804,5168: Catlettsburg KY,Tender: Gift Card,
20260804,5168: Catlettsburg KY,Tender: Cash,547.21
20260804,5168: Catlettsburg KY,Credit Tips Paid,274.03
20260804,5168: Catlettsburg KY,Cash Paid Outs - Non Adjusting,
20260804,5168: Catlettsburg KY,Cash Paid Outs - Sales Adjusting,
20260804,5168: Catlettsburg KY,Online Gross Sales,31.16
20260804,5169: Columbus OH,Net Sales,2376.70
20260804,5169: Columbus OH,Total Sales Tax,165.72
20260804,5169: Columbus OH,Total Discounts,66.98
20260804,5169: Columbus OH,Major Category: Gift Card,
20260804,5169: Columbus OH,Tender: Door Dash,
20260804,5169: Columbus OH,Tender: Doordash Banda Burrito,
20260804,5169: Columbus OH,Tender: Doordash VRB,30.76
20260804,5169: Columbus OH,Tender: Doordash VRM,
20260804,5169: Columbus OH,Tender: Doordash Nathans,
20260804,5169: Columbus OH,Credit Tips Received,280.12
20260804,5169: Columbus OH,Tender: Uber Eats,52.06
20260804,5169: Columbus OH,Tender: Uber Eats Banda Burrito,
20260804,5169: Columbus OH,Tender: Uber Eats VR,
20260804,5169: Columbus OH,Tender: Uber Eats VRM,
20260804,5169: Columbus OH,Tender: Uber Eats Nathans,
20260804,5169: Columbus OH,Tender: Grub Hub,
20260804,5169: Columbus OH,Tender: Grubhub Banda Burrito,
20260804,5169: Columbus OH,Tender: Grubhub VRB,
20260804,5169: Columbus OH,Tender: Grubhub VRM,
20260804,5169: Columbus OH,Tender: QR Pay,
20260804,5169: Columbus OH,Tender: Online,
20260804,5169: Columbus OH,Tender: Master Card,347.47
20260804,5169: Columbus OH,Tender: Visa,1367.33
20260804,5169: Columbus OH,Tender: Discover,37.56
20260804,5169: Columbus OH,Tender: Debit,435.67
20260804,5169: Columbus OH,Tender: American Express,
20260804,5169: Columbus OH,Tender: Gift Card,26.91
20260804,5169: Columbus OH,Tender: Cash,524.78
20260804,5169: Columbus OH,Credit Tips Paid,174.47
20260804,5169: Columbus OH,Cash Paid Outs - Non Adjusting,100.00
20260804,5169: Columbus OH,Cash Paid Outs - Sales Adjusting,
20260804,5169: Columbus OH,Online Gross Sales,
20260804,7401: Youngstown OH,Net Sales,3065.41
20260804,7401: Youngstown OH,Total Sales Tax,126.62
20260804,7401: Youngstown OH,Total Discounts,102.34
20260804,7401: Youngstown OH,Major Category: Gift Card,
20260804,7401: Youngstown OH,Tender: Door Dash,390.14
20260804,7401: Youngstown OH,Tender: Doordash Banda Burrito,45.83
20260804,7401: Youngstown OH,Tender: Doordash VRB,
20260804,7401: Youngstown OH,Tender: Doordash VRM,92.31
20260804,7401: Youngstown OH,Tender: Doordash Nathans,76.41
20260804,7401: Youngstown OH,Credit Tips Received,240.31
20260804,7401: Youngstown OH,Tender: Uber Eats,
20260804,7401: Youngstown OH,Tender: Uber Eats Banda Burrito,
20260804,7401: Youngstown OH,Tender: Uber Eats VR,
20260804,7401: Youngstown OH,Tender: Uber Eats VRM,
20260804,7401: Youngstown OH,Tender: Uber Eats Nathans,
20260804,7401: Youngstown OH,Tender: Grub Hub,19.48
20260804,7401: Youngstown OH,Tender: Grubhub Banda Burrito,37.38
20260804,7401: Youngstown OH,Tender: Grubhub VRB,
20260804,7401: Youngstown OH,Tender: Grubhub VRM,
20260804,7401: Youngstown OH,Tender: QR Pay,
20260804,7401: Youngstown OH,Tender: Online,159.56
20260804,7401: Youngstown OH,Tender: Master Card,271.10
20260804,7401: Youngstown OH,Tender: Visa,821.16
20260804,7401: Youngstown OH,Tender: Discover,
20260804,7401: Youngstown OH,Tender: Debit,942.27
20260804,7401: Youngstown OH,Tender: American Express,25.15
20260804,7401: Youngstown OH,Tender: Gift Card,
20260804,7401: Youngstown OH,Tender: Cash,551.55
20260804,7401: Youngstown OH,Credit Tips Paid,240.31
20260804,7401: Youngstown OH,Cash Paid Outs - Non Adjusting,
20260804,7401: Youngstown OH,Cash Paid Outs - Sales Adjusting,
20260804,7401: Youngstown OH,Online Gross Sales,182.99
20260804,9690: Marietta OH,Net Sales,1740.14
20260804,9690: Marietta OH,Total Sales Tax,93.54
20260804,9690: Marietta OH,Total Discounts,112.39
20260804,9690: Marietta OH,Major Category: Gift Card,
20260804,9690: Marietta OH,Tender: Door Dash,273.81
20260804,9690: Marietta OH,Tender: Doordash Banda Burrito,
20260804,9690: Marietta OH,Tender: Doordash VRB,
20260804,9690: Marietta OH,Tender: Doordash VRM,
20260804,9690: Marietta OH,Tender: Doordash Nathans,
20260804,9690: Marietta OH,Credit Tips Received,120.81
20260804,9690: Marietta OH,Tender: Uber Eats,
20260804,9690: Marietta OH,Tender: Uber Eats Banda Burrito,
20260804,9690: Marietta OH,Tender: Uber Eats VR,
20260804,9690: Marietta OH,Tender: Uber Eats VRM,
20260804,9690: Marietta OH,Tender: Uber Eats Nathans,
20260804,9690: Marietta OH,Tender: Grub Hub,
20260804,9690: Marietta OH,Tender: Grubhub Banda Burrito,
20260804,9690: Marietta OH,Tender: Grubhub VRB,
20260804,9690: Marietta OH,Tender: Grubhub VRM,
20260804,9690: Marietta OH,Tender: QR Pay,67.17
20260804,9690: Marietta OH,Tender: Online,57.71
20260804,9690: Marietta OH,Tender: Master Card,105.38
20260804,9690: Marietta OH,Tender: Visa,276.73
20260804,9690: Marietta OH,Tender: Discover,56.17
20260804,9690: Marietta OH,Tender: Debit,534.78
20260804,9690: Marietta OH,Tender: American Express,
20260804,9690: Marietta OH,Tender: Gift Card,11.28
20260804,9690: Marietta OH,Tender: Cash,571.46
20260804,9690: Marietta OH,Credit Tips Paid,105.73
20260804,9690: Marietta OH,Cash Paid Outs - Non Adjusting,
20260804,9690: Marietta OH,Cash Paid Outs - Sales Adjusting,
20260804,9690: Marietta OH,Online Gross Sales,
20260804,9697: Findlay OH,Net Sales,2881.85
20260804,9697: Findlay OH,Total Sales Tax,188.30
20260804,9697: Findlay OH,Total Discounts,79.55
20260804,9697: Findlay OH,Major Category: Gift Card,
20260804,9697: Findlay OH,Tender: Door Dash,134.46
20260804,9697: Findlay OH,Tender: Doordash Banda Burrito,
20260804,9697: Findlay OH,Tender: Doordash VRB,52.44
20260804,9697: Findlay OH,Tender: Doordash VRM,54.47
20260804,9697: Findlay OH,Tender: Doordash Nathans,
20260804,9697: Findlay OH,Credit Tips Received,205.78
20260804,9697: Findlay OH,Tender: Uber Eats,
20260804,9697: Findlay OH,Tender: Uber Eats Banda Burrito,
20260804,9697: Findlay OH,Tender: Uber Eats VR,
20260804,9697: Findlay OH,Tender: Uber Eats VRM,
20260804,9697: Findlay OH,Tender: Uber Eats Nathans,
20260804,9697: Findlay OH,Tender: Grub Hub,
20260804,9697: Findlay OH,Tender: Grubhub Banda Burrito,
20260804,9697: Findlay OH,Tender: Grubhub VRB,
20260804,9697: Findlay OH,Tender: Grubhub VRM,
20260804,9697: Findlay OH,Tender: QR Pay,54.51
20260804,9697: Findlay OH,Tender: Online,10.68
20260804,9697: Findlay OH,Tender: Master Card,260.69
20260804,9697: Findlay OH,Tender: Visa,432.85
20260804,9697: Findlay OH,Tender: Discover,36.00
20260804,9697: Findlay OH,Tender: Debit,1101.90
20260804,9697: Findlay OH,Tender: American Express,104.40
20260804,9697: Findlay OH,Tender: Gift Card,7.11
20260804,9697: Findlay OH,Tender: Cash,1026.42
20260804,9697: Findlay OH,Credit Tips Paid,185.84
20260804,9697: Findlay OH,Cash Paid Outs - Non Adjusting,
20260804,9697: Findlay OH,Cash Paid Outs - Sales Adjusting,
20260804,9697: Findlay OH,Online Gross Sales,
20260805,5164: Berkshire OH,Net Sales,3066.01
20260805,5164: Berkshire OH,Total Sales Tax,196.21
20260805,5164: Berkshire OH,Total Discounts,142.88
20260805,5164: Berkshire OH,Major Category: Gift Card,
20260805,5164: Berkshire OH,Tender: Door Dash,23.37
20260805,5164: Berkshire OH,Tender: Doordash Banda Burrito,
20260805,5164: Berkshire OH,Tender: Doordash VRB,
20260805,5164: Berkshire OH,Tender: Doordash VRM,
20260805,5164: Berkshire OH,Tender: Doordash Nathans,
20260805,5164: Berkshire OH,Credit Tips Received,360.93
20260805,5164: Berkshire OH,Tender: Uber Eats,
20260805,5164: Berkshire OH,Tender: Uber Eats Banda Burrito,
20260805,5164: Berkshire OH,Tender: Uber Eats VR,
20260805,5164: Berkshire OH,Tender: Uber Eats VRM,
20260805,5164: Berkshire OH,Tender: Uber Eats Nathans,
20260805,5164: Berkshire OH,Tender: Grub Hub,
20260805,5164: Berkshire OH,Tender: Grubhub Banda Burrito,
20260805,5164: Berkshire OH,Tender: Grubhub VRB,
20260805,5164: Berkshire OH,Tender: Grubhub VRM,
20260805,5164: Berkshire OH,Tender: QR Pay,
20260805,5164: Berkshire OH,Tender: Online,82.32
20260805,5164: Berkshire OH,Tender: Master Card,537.33
20260805,5164: Berkshire OH,Tender: Visa,1495.05
20260805,5164: Berkshire OH,Tender: Discover,
20260805,5164: Berkshire OH,Tender: Debit,475.26
20260805,5164: Berkshire OH,Tender: American Express,65.84
20260805,5164: Berkshire OH,Tender: Gift Card,17.56
20260805,5164: Berkshire OH,Tender: Cash,926.42
20260805,5164: Berkshire OH,Credit Tips Paid,376.07
20260805,5164: Berkshire OH,Cash Paid Outs - Non Adjusting,79.32
20260805,5164: Berkshire OH,Cash Paid Outs - Sales Adjusting,
20260805,5164: Berkshire OH,Online Gross Sales,87.20
20260805,5165: Perrysburg OH,Net Sales,2409.07
20260805,5165: Perrysburg OH,Total Sales Tax,121.54
20260805,5165: Perrysburg OH,Total Discounts,105.09
20260805,5165: Perrysburg OH,Major Category: Gift Card,
20260805,5165: Perrysburg OH,Tender: Door Dash,54.14
20260805,5165: Perrysburg OH,Tender: Doordash Banda Burrito,
20260805,5165: Perrysburg OH,Tender: Doordash VRB,
20260805,5165: Perrysburg OH,Tender: Doordash VRM,
20260805,5165: Perrysburg OH,Tender: Doordash Nathans,
20260805,5165: Perrysburg OH,Credit Tips Received,305.32
20260805,5165: Perrysburg OH,Tender: Uber Eats,12.09
20260805,5165: Perrysburg OH,Tender: Uber Eats Banda Burrito,
20260805,5165: Perrysburg OH,Tender: Uber Eats VR,
20260805,5165: Perrysburg OH,Tender: Uber Eats VRM,
20260805,5165: Perrysburg OH,Tender: Uber Eats Nathans,
20260805,5165: Perrysburg OH,Tender: Grub Hub,
20260805,5165: Perrysburg OH,Tender: Grubhub Banda Burrito,
20260805,5165: Perrysburg OH,Tender: Grubhub VRB,
20260805,5165: Perrysburg OH,Tender: Grubhub VRM,
20260805,5165: Perrysburg OH,Tender: QR Pay,
20260805,5165: Perrysburg OH,Tender: Online,97.07
20260805,5165: Perrysburg OH,Tender: Master Card,418.59
20260805,5165: Perrysburg OH,Tender: Visa,937.40
20260805,5165: Perrysburg OH,Tender: Discover,82.78
20260805,5165: Perrysburg OH,Tender: Debit,605.16
20260805,5165: Perrysburg OH,Tender: American Express,18.43
20260805,5165: Perrysburg OH,Tender: Gift Card,
20260805,5165: Perrysburg OH,Tender: Cash,610.27
20260805,5165: Perrysburg OH,Credit Tips Paid,264.49
20260805,5165: Perrysburg OH,Cash Paid Outs - Non Adjusting,100.00
20260805,5165: Perrysburg OH,Cash Paid Outs - Sales Adjusting,
20260805,5165: Perrysburg OH,Online Gross Sales,89.49
20260805,5166: Jeffersonville OH,Net Sales,2560.93
20260805,5166: Jeffersonville OH,Total Sales Tax,133.45
20260805,5166: Jeffersonville OH,Total Discounts,151.48
20260805,5166: Jeffersonville OH,Major Category: Gift Card,
20260805,5166: Jeffersonville OH,Tender: Door Dash,47.59
20260805,5166: Jeffersonville OH,Tender: Doordash Banda Burrito,
20260805,5166: Jeffersonville OH,Tender: Doordash VRB,
20260805,5166: Jeffersonville OH,Tender: Doordash VRM,
20260805,5166: Jeffersonville OH,Tender: Doordash Nathans,
20260805,5166: Jeffersonville OH,Credit Tips Received,290.17
20260805,5166: Jeffersonville OH,Tender: Uber Eats,
20260805,5166: Jeffersonville OH,Tender: Uber Eats Banda Burrito,
20260805,5166: Jeffersonville OH,Tender: Uber Eats VR,
20260805,5166: Jeffersonville OH,Tender: Uber Eats VRM,
20260805,5166: Jeffersonville OH,Tender: Uber Eats Nathans,
20260805,5166: Jeffersonville OH,Tender: Grub Hub,
20260805,5166: Jeffersonville OH,Tender: Grubhub Banda Burrito,
20260805,5166: Jeffersonville OH,Tender: Grubhub VRB,
20260805,5166: Jeffersonville OH,Tender: Grubhub VRM,
20260805,5166: Jeffersonville OH,Tender: QR Pay,
20260805,5166: Jeffersonville OH,Tender: Online,41.22
20260805,5166: Jeffersonville OH,Tender: Master Card,326.80
20260805,5166: Jeffersonville OH,Tender: Visa,1223.44
20260805,5166: Jeffersonville OH,Tender: Discover,23.89
20260805,5166: Jeffersonville OH,Tender: Debit,540.24
20260805,5166: Jeffersonville OH,Tender: American Express,24.15
20260805,5166: Jeffersonville OH,Tender: Gift Card,
20260805,5166: Jeffersonville OH,Tender: Cash,757.22
20260805,5166: Jeffersonville OH,Credit Tips Paid,395.38
20260805,5166: Jeffersonville OH,Cash Paid Outs - Non Adjusting,
20260805,5166: Jeffersonville OH,Cash Paid Outs - Sales Adjusting,
20260805,5166: Jeffersonville OH,Online Gross Sales,47.45
20260805,5167: Elizabethtown KY,Net Sales,2940.48
20260805,5167: Elizabethtown KY,Total Sales Tax,238.79
20260805,5167: Elizabethtown KY,Total Discounts,132.03
20260805,5167: Elizabethtown KY,Major Category: Gift Card,
20260805,5167: Elizabethtown KY,Tender: Door Dash,235.29
20260805,5167: Elizabethtown KY,Tender: Doordash Banda Burrito,
20260805,5167: Elizabethtown KY,Tender: Doordash VRB,60.44
20260805,5167: Elizabethtown KY,Tender: Doordash VRM,59.76
20260805,5167: Elizabethtown KY,Tender: Doordash Nathans,
20260805,5167: Elizabethtown KY,Credit Tips Received,305.48
20260805,5167: Elizabethtown KY,Tender: Uber Eats,
20260805,5167: Elizabethtown KY,Tender: Uber Eats Banda Burrito,
20260805,5167: Elizabethtown KY,Tender: Uber Eats VR,
20260805,5167: Elizabethtown KY,Tender: Uber Eats VRM,
20260805,5167: Elizabethtown KY,Tender: Uber Eats Nathans,
20260805,5167: Elizabethtown KY,Tender: Grub Hub,
20260805,5167: Elizabethtown KY,Tender: Grubhub Banda Burrito,
20260805,5167: Elizabethtown KY,Tender: Grubhub VRB,
20260805,5167: Elizabethtown KY,Tender: Grubhub VRM,
20260805,5167: Elizabethtown KY,Tender: QR Pay,
20260805,5167: Elizabethtown KY,Tender: Online,120.03
20260805,5167: Elizabethtown KY,Tender: Master Card,528.83
20260805,5167: Elizabethtown KY,Tender: Visa,1127.02
20260805,5167: Elizabethtown KY,Tender: Discover,54.39
20260805,5167: Elizabethtown KY,Tender: Debit,735.54
20260805,5167: Elizabethtown KY,Tender: American Express,74.42
20260805,5167: Elizabethtown KY,Tender: Gift Card,
20260805,5167: Elizabethtown KY,Tender: Cash,489.03
20260805,5167: Elizabethtown KY,Credit Tips Paid,357.01
20260805,5167: Elizabethtown KY,Cash Paid Outs - Non Adjusting,100.00
20260805,5167: Elizabethtown KY,Cash Paid Outs - Sales Adjusting,
20260805,5167: Elizabethtown KY,Online Gross Sales,106.17
20260805,5168: Catlettsburg KY,Net Sales,2160.24
20260805,5168: Catlettsburg KY,Total Sales Tax,129.72
20260805,5168: Catlettsburg KY,Total Discounts,73.90
20260805,5168: Catlettsburg KY,Major Category: Gift Card,
20260805,5168: Catlettsburg KY,Tender: Door Dash,17.15
20260805,5168: Catlettsburg KY,Tender: Doordash Banda Burrito,
20260805,5168: Catlettsburg KY,Tender: Doordash VRB,
20260805,5168: Catlettsburg KY,Tender: Doordash VRM,
20260805,5168: Catlettsburg KY,Tender: Doordash Nathans,
20260805,5168: Catlettsburg KY,Credit Tips Received,294.32
20260805,5168: Catlettsburg KY,Tender: Uber Eats,
20260805,5168: Catlettsburg KY,Tender: Uber Eats Banda Burrito,
20260805,5168: Catlettsburg KY,Tender: Uber Eats VR,
20260805,5168: Catlettsburg KY,Tender: Uber Eats VRM,
20260805,5168: Catlettsburg KY,Tender: Uber Eats Nathans,
20260805,5168: Catlettsburg KY,Tender: Grub Hub,
20260805,5168: Catlettsburg KY,Tender: Grubhub Banda Burrito,
20260805,5168: Catlettsburg KY,Tender: Grubhub VRB,
20260805,5168: Catlettsburg KY,Tender: Grubhub VRM,
20260805,5168: Catlettsburg KY,Tender: QR Pay,
20260805,5168: Catlettsburg KY,Tender: Online,67.02
20260805,5168: Catlettsburg KY,Tender: Master Card,318.20
20260805,5168: Catlettsburg KY,Tender: Visa,1032.34
20260805,5168: Catlettsburg KY,Tender: Discover,57.99
20260805,5168: Catlettsburg KY,Tender: Debit,528.16
20260805,5168: Catlettsburg KY,Tender: American Express,56.39
20260805,5168: Catlettsburg KY,Tender: Gift Card,
20260805,5168: Catlettsburg KY,Tender: Cash,507.03
20260805,5168: Catlettsburg KY,Credit Tips Paid,283.35
20260805,5168: Catlettsburg KY,Cash Paid Outs - Non Adjusting,107.97
20260805,5168: Catlettsburg KY,Cash Paid Outs - Sales Adjusting,
20260805,5168: Catlettsburg KY,Online Gross Sales,61.93
20260805,5169: Columbus OH,Net Sales,4060.02
20260805,5169: Columbus OH,Total Sales Tax,170.21
20260805,5169: Columbus OH,Total Discounts,201.11
20260805,5169: Columbus OH,Major Category: Gift Card,
20260805,5169: Columbus OH,Tender: Door Dash,315.33
20260805,5169: Columbus OH,Tender: Doordash Banda Burrito,
20260805,5169: Columbus OH,Tender: Doordash VRB,261.30
20260805,5169: Columbus OH,Tender: Doordash VRM,445.19
20260805,5169: Columbus OH,Tender: Doordash Nathans,
20260805,5169: Columbus OH,Credit Tips Received,338.66
20260805,5169: Columbus OH,Tender: Uber Eats,358.22
20260805,5169: Columbus OH,Tender: Uber Eats Banda Burrito,
20260805,5169: Columbus OH,Tender: Uber Eats VR,47.25
20260805,5169: Columbus OH,Tender: Uber Eats VRM,
20260805,5169: Columbus OH,Tender: Uber Eats Nathans,
20260805,5169: Columbus OH,Tender: Grub Hub,16.79
20260805,5169: Columbus OH,Tender: Grubhub Banda Burrito,
20260805,5169: Columbus OH,Tender: Grubhub VRB,
20260805,5169: Columbus OH,Tender: Grubhub VRM,17.27
20260805,5169: Columbus OH,Tender: QR Pay,
20260805,5169: Columbus OH,Tender: Online,143.92
20260805,5169: Columbus OH,Tender: Master Card,656.58
20260805,5169: Columbus OH,Tender: Visa,1134.53
20260805,5169: Columbus OH,Tender: Discover,132.82
20260805,5169: Columbus OH,Tender: Debit,361.83
20260805,5169: Columbus OH,Tender: American Express,117.39
20260805,5169: Columbus OH,Tender: Gift Card,30.38
20260805,5169: Columbus OH,Tender: Cash,530.09
20260805,5169: Columbus OH,Credit Tips Paid,135.70
20260805,5169: Columbus OH,Cash Paid Outs - Non Adjusting,116.36
20260805,5169: Columbus OH,Cash Paid Outs - Sales Adjusting,30.00
20260805,5169: Columbus OH,Online Gross Sales,153.03
20260805,7401: Youngstown OH,Net Sales,3282.02
20260805,7401: Youngstown OH,Total Sales Tax,119.78
20260805,7401: Youngstown OH,Total Discounts,137.08
20260805,7401: Youngstown OH,Major Category: Gift Card,
20260805,7401: Youngstown OH,Tender: Door Dash,666.20
20260805,7401: Youngstown OH,Tender: Doordash Banda Burrito,61.35
20260805,7401: Youngstown OH,Tender: Doordash VRB,
20260805,7401: Youngstown OH,Tender: Doordash VRM,88.24
20260805,7401: Youngstown OH,Tender: Doordash Nathans,67.59
20260805,7401: Youngstown OH,Credit Tips Received,247.95
20260805,7401: Youngstown OH,Tender: Uber Eats,63.68
20260805,7401: Youngstown OH,Tender: Uber Eats Banda Burrito,41.06
20260805,7401: Youngstown OH,Tender: Uber Eats VR,
20260805,7401: Youngstown OH,Tender: Uber Eats VRM,
20260805,7401: Youngstown OH,Tender: Uber Eats Nathans,
20260805,7401: Youngstown OH,Tender: Grub Hub,
20260805,7401: Youngstown OH,Tender: Grubhub Banda Burrito,
20260805,7401: Youngstown OH,Tender: Grubhub VRB,
20260805,7401: Youngstown OH,Tender: Grubhub VRM,
20260805,7401: Youngstown OH,Tender: QR Pay,
20260805,7401: Youngstown OH,Tender: Online,254.09
20260805,7401: Youngstown OH,Tender: Master Card,432.41
20260805,7401: Youngstown OH,Tender: Visa,679.92
20260805,7401: Youngstown OH,Tender: Discover,63.41
20260805,7401: Youngstown OH,Tender: Debit,434.97
20260805,7401: Youngstown OH,Tender: American Express,108.35
20260805,7401: Youngstown OH,Tender: Gift Card,
20260805,7401: Youngstown OH,Tender: Cash,688.48
20260805,7401: Youngstown OH,Credit Tips Paid,247.95
20260805,7401: Youngstown OH,Cash Paid Outs - Non Adjusting,
20260805,7401: Youngstown OH,Cash Paid Outs - Sales Adjusting,
20260805,7401: Youngstown OH,Online Gross Sales,266.31
20260805,9690: Marietta OH,Net Sales,1290.20
20260805,9690: Marietta OH,Total Sales Tax,56.02
20260805,9690: Marietta OH,Total Discounts,53.87
20260805,9690: Marietta OH,Major Category: Gift Card,
20260805,9690: Marietta OH,Tender: Door Dash,194.44
20260805,9690: Marietta OH,Tender: Doordash Banda Burrito,
20260805,9690: Marietta OH,Tender: Doordash VRB,18.85
20260805,9690: Marietta OH,Tender: Doordash VRM,
20260805,9690: Marietta OH,Tender: Doordash Nathans,
20260805,9690: Marietta OH,Credit Tips Received,88.67
20260805,9690: Marietta OH,Tender: Uber Eats,
20260805,9690: Marietta OH,Tender: Uber Eats Banda Burrito,
20260805,9690: Marietta OH,Tender: Uber Eats VR,
20260805,9690: Marietta OH,Tender: Uber Eats VRM,
20260805,9690: Marietta OH,Tender: Uber Eats Nathans,
20260805,9690: Marietta OH,Tender: Grub Hub,
20260805,9690: Marietta OH,Tender: Grubhub Banda Burrito,
20260805,9690: Marietta OH,Tender: Grubhub VRB,
20260805,9690: Marietta OH,Tender: Grubhub VRM,
20260805,9690: Marietta OH,Tender: QR Pay,92.02
20260805,9690: Marietta OH,Tender: Online,29.96
20260805,9690: Marietta OH,Tender: Master Card,189.91
20260805,9690: Marietta OH,Tender: Visa,189.80
20260805,9690: Marietta OH,Tender: Discover,
20260805,9690: Marietta OH,Tender: Debit,380.90
20260805,9690: Marietta OH,Tender: American Express,
20260805,9690: Marietta OH,Tender: Gift Card,23.89
20260805,9690: Marietta OH,Tender: Cash,315.12
20260805,9690: Marietta OH,Credit Tips Paid,86.35
20260805,9690: Marietta OH,Cash Paid Outs - Non Adjusting,35.00
20260805,9690: Marietta OH,Cash Paid Outs - Sales Adjusting,
20260805,9690: Marietta OH,Online Gross Sales,
20260805,9697: Findlay OH,Net Sales,2854.63
20260805,9697: Findlay OH,Total Sales Tax,122.02
20260805,9697: Findlay OH,Total Discounts,108.12
20260805,9697: Findlay OH,Major Category: Gift Card,
20260805,9697: Findlay OH,Tender: Door Dash,661.38
20260805,9697: Findlay OH,Tender: Doordash Banda Burrito,
20260805,9697: Findlay OH,Tender: Doordash VRB,285.45
20260805,9697: Findlay OH,Tender: Doordash VRM,55.36
20260805,9697: Findlay OH,Tender: Doordash Nathans,
20260805,9697: Findlay OH,Credit Tips Received,149.37
20260805,9697: Findlay OH,Tender: Uber Eats,
20260805,9697: Findlay OH,Tender: Uber Eats Banda Burrito,
20260805,9697: Findlay OH,Tender: Uber Eats VR,
20260805,9697: Findlay OH,Tender: Uber Eats VRM,
20260805,9697: Findlay OH,Tender: Uber Eats Nathans,
20260805,9697: Findlay OH,Tender: Grub Hub,
20260805,9697: Findlay OH,Tender: Grubhub Banda Burrito,
20260805,9697: Findlay OH,Tender: Grubhub VRB,
20260805,9697: Findlay OH,Tender: Grubhub VRM,
20260805,9697: Findlay OH,Tender: QR Pay,53.34
20260805,9697: Findlay OH,Tender: Online,48.23
20260805,9697: Findlay OH,Tender: Master Card,180.79
20260805,9697: Findlay OH,Tender: Visa,473.84
20260805,9697: Findlay OH,Tender: Discover,32.98
20260805,9697: Findlay OH,Tender: Debit,556.85
20260805,9697: Findlay OH,Tender: American Express,
20260805,9697: Findlay OH,Tender: Gift Card,80.81
20260805,9697: Findlay OH,Tender: Cash,656.11
20260805,9697: Findlay OH,Credit Tips Paid,123.93
20260805,9697: Findlay OH,Cash Paid Outs - Non Adjusting,
20260805,9697: Findlay OH,Cash Paid Outs - Sales Adjusting,
20260805,9697: Findlay OH,Online Gross Sales,
20260806,5164: Berkshire OH,Net Sales,3445.97
20260806,5164: Berkshire OH,Total Sales Tax,209.38
20260806,5164: Berkshire OH,Total Discounts,239.03
20260806,5164: Berkshire OH,Major Category: Gift Card,
20260806,5164: Berkshire OH,Tender: Door Dash,97.08
20260806,5164: Berkshire OH,Tender: Doordash Banda Burrito,
20260806,5164: Berkshire OH,Tender: Doordash VRB,
20260806,5164: Berkshire OH,Tender: Doordash VRM,
20260806,5164: Berkshire OH,Tender: Doordash Nathans,
20260806,5164: Berkshire OH,Credit Tips Received,448.36
20260806,5164: Berkshire OH,Tender: Uber Eats,15.59
20260806,5164: Berkshire OH,Tender: Uber Eats Banda Burrito,
20260806,5164: Berkshire OH,Tender: Uber Eats VR,25.48
20260806,5164: Berkshire OH,Tender: Uber Eats VRM,
20260806,5164: Berkshire OH,Tender: Uber Eats Nathans,
20260806,5164: Berkshire OH,Tender: Grub Hub,
20260806,5164: Berkshire OH,Tender: Grubhub Banda Burrito,
20260806,5164: Berkshire OH,Tender: Grubhub VRB,
20260806,5164: Berkshire OH,Tender: Grubhub VRM,
20260806,5164: Berkshire OH,Tender: QR Pay,
20260806,5164: Berkshire OH,Tender: Online,106.09
20260806,5164: Berkshire OH,Tender: Master Card,955.29
20260806,5164: Berkshire OH,Tender: Visa,1664.77
20260806,5164: Berkshire OH,Tender: Discover,30.12
20260806,5164: Berkshire OH,Tender: Debit,444.21
20260806,5164: Berkshire OH,Tender: American Express,10.48
20260806,5164: Berkshire OH,Tender: Gift Card,18.71
20260806,5164: Berkshire OH,Tender: Cash,735.89
20260806,5164: Berkshire OH,Credit Tips Paid,459.51
20260806,5164: Berkshire OH,Cash Paid Outs - Non Adjusting,3.99
20260806,5164: Berkshire OH,Cash Paid Outs - Sales Adjusting,
20260806,5164: Berkshire OH,Online Gross Sales,110.18
20260806,5165: Perrysburg OH,Net Sales,2265.31
20260806,5165: Perrysburg OH,Total Sales Tax,121.27
20260806,5165: Perrysburg OH,Total Discounts,59.53
20260806,5165: Perrysburg OH,Major Category: Gift Card,
20260806,5165: Perrysburg OH,Tender: Door Dash,120.89
20260806,5165: Perrysburg OH,Tender: Doordash Banda Burrito,
20260806,5165: Perrysburg OH,Tender: Doordash VRB,
20260806,5165: Perrysburg OH,Tender: Doordash VRM,
20260806,5165: Perrysburg OH,Tender: Doordash Nathans,
20260806,5165: Perrysburg OH,Credit Tips Received,229.52
20260806,5165: Perrysburg OH,Tender: Uber Eats,
20260806,5165: Perrysburg OH,Tender: Uber Eats Banda Burrito,
20260806,5165: Perrysburg OH,Tender: Uber Eats VR,
20260806,5165: Perrysburg OH,Tender: Uber Eats VRM,
20260806,5165: Perrysburg OH,Tender: Uber Eats Nathans,
20260806,5165: Perrysburg OH,Tender: Grub Hub,
20260806,5165: Perrysburg OH,Tender: Grubhub Banda Burrito,
20260806,5165: Perrysburg OH,Tender: Grubhub VRB,
20260806,5165: Perrysburg OH,Tender: Grubhub VRM,
20260806,5165: Perrysburg OH,Tender: QR Pay,
20260806,5165: Perrysburg OH,Tender: Online,53.29
20260806,5165: Perrysburg OH,Tender: Master Card,402.25
20260806,5165: Perrysburg OH,Tender: Visa,753.05
20260806,5165: Perrysburg OH,Tender: Discover,78.44
20260806,5165: Perrysburg OH,Tender: Debit,341.95
20260806,5165: Perrysburg OH,Tender: American Express,77.77
20260806,5165: Perrysburg OH,Tender: Gift Card,
20260806,5165: Perrysburg OH,Tender: Cash,788.46
20260806,5165: Perrysburg OH,Credit Tips Paid,251.15
20260806,5165: Perrysburg OH,Cash Paid Outs - Non Adjusting,23.67
20260806,5165: Perrysburg OH,Cash Paid Outs - Sales Adjusting,
20260806,5165: Perrysburg OH,Online Gross Sales,49.73
20260806,5166: Jeffersonville OH,Net Sales,2974.25
20260806,5166: Jeffersonville OH,Total Sales Tax,169.56
20260806,5166: Jeffersonville OH,Total Discounts,153.91
20260806,5166: Jeffersonville OH,Major Category: Gift Card,
20260806,5166: Jeffersonville OH,Tender: Door Dash,49.71
20260806,5166: Jeffersonville OH,Tender: Doordash Banda Burrito,
20260806,5166: Jeffersonville OH,Tender: Doordash VRB,
20260806,5166: Jeffersonville OH,Tender: Doordash VRM,
20260806,5166: Jeffersonville OH,Tender: Doordash Nathans,
20260806,5166: Jeffersonville OH,Credit Tips Received,336.10
20260806,5166: Jeffersonville OH,Tender: Uber Eats,
20260806,5166: Jeffersonville OH,Tender: Uber Eats Banda Burrito,
20260806,5166: Jeffersonville OH,Tender: Uber Eats VR,
20260806,5166: Jeffersonville OH,Tender: Uber Eats VRM,
20260806,5166: Jeffersonville OH,Tender: Uber Eats Nathans,
20260806,5166: Jeffersonville OH,Tender: Grub Hub,
20260806,5166: Jeffersonville OH,Tender: Grubhub Banda Burrito,
20260806,5166: Jeffersonville OH,Tender: Grubhub VRB,
20260806,5166: Jeffersonville OH,Tender: Grubhub VRM,
20260806,5166: Jeffersonville OH,Tender: QR Pay,
20260806,5166: Jeffersonville OH,Tender: Online,121.88
20260806,5166: Jeffersonville OH,Tender: Master Card,742.69
20260806,5166: Jeffersonville OH,Tender: Visa,1068.90
20260806,5166: Jeffersonville OH,Tender: Discover,45.97
20260806,5166: Jeffersonville OH,Tender: Debit,555.61
20260806,5166: Jeffersonville OH,Tender: American Express,
20260806,5166: Jeffersonville OH,Tender: Gift Card,
20260806,5166: Jeffersonville OH,Tender: Cash,895.15
20260806,5166: Jeffersonville OH,Credit Tips Paid,336.10
20260806,5166: Jeffersonville OH,Cash Paid Outs - Non Adjusting,
20260806,5166: Jeffersonville OH,Cash Paid Outs - Sales Adjusting,
20260806,5166: Jeffersonville OH,Online Gross Sales,127.82
20260806,5167: Elizabethtown KY,Net Sales,3075.22
20260806,5167: Elizabethtown KY,Total Sales Tax,249.73
20260806,5167: Elizabethtown KY,Total Discounts,128.67
20260806,5167: Elizabethtown KY,Major Category: Gift Card,
20260806,5167: Elizabethtown KY,Tender: Door Dash,206.47
20260806,5167: Elizabethtown KY,Tender: Doordash Banda Burrito,
20260806,5167: Elizabethtown KY,Tender: Doordash VRB,
20260806,5167: Elizabethtown KY,Tender: Doordash VRM,50.78
20260806,5167: Elizabethtown KY,Tender: Doordash Nathans,
20260806,5167: Elizabethtown KY,Credit Tips Received,313.42
20260806,5167: Elizabethtown KY,Tender: Uber Eats,
20260806,5167: Elizabethtown KY,Tender: Uber Eats Banda Burrito,
20260806,5167: Elizabethtown KY,Tender: Uber Eats VR,
20260806,5167: Elizabethtown KY,Tender: Uber Eats VRM,20.63
20260806,5167: Elizabethtown KY,Tender: Uber Eats Nathans,
20260806,5167: Elizabethtown KY,Tender: Grub Hub,
20260806,5167: Elizabethtown KY,Tender: Grubhub Banda Burrito,
20260806,5167: Elizabethtown KY,Tender: Grubhub VRB,
20260806,5167: Elizabethtown KY,Tender: Grubhub VRM,
20260806,5167: Elizabethtown KY,Tender: QR Pay,
20260806,5167: Elizabethtown KY,Tender: Online,280.97
20260806,5167: Elizabethtown KY,Tender: Master Card,529.76
20260806,5167: Elizabethtown KY,Tender: Visa,1259.53
20260806,5167: Elizabethtown KY,Tender: Discover,23.06
20260806,5167: Elizabethtown KY,Tender: Debit,256.83
20260806,5167: Elizabethtown KY,Tender: American Express,161.58
20260806,5167: Elizabethtown KY,Tender: Gift Card,28.37
20260806,5167: Elizabethtown KY,Tender: Cash,820.39
20260806,5167: Elizabethtown KY,Credit Tips Paid,319.21
20260806,5167: Elizabethtown KY,Cash Paid Outs - Non Adjusting,7.80
20260806,5167: Elizabethtown KY,Cash Paid Outs - Sales Adjusting,
20260806,5167: Elizabethtown KY,Online Gross Sales,287.62
20260806,5168: Catlettsburg KY,Net Sales,2396.19
20260806,5168: Catlettsburg KY,Total Sales Tax,143.76
20260806,5168: Catlettsburg KY,Total Discounts,54.18
20260806,5168: Catlettsburg KY,Major Category: Gift Card,
20260806,5168: Catlettsburg KY,Tender: Door Dash,14.39
20260806,5168: Catlettsburg KY,Tender: Doordash Banda Burrito,
20260806,5168: Catlettsburg KY,Tender: Doordash VRB,
20260806,5168: Catlettsburg KY,Tender: Doordash VRM,
20260806,5168: Catlettsburg KY,Tender: Doordash Nathans,
20260806,5168: Catlettsburg KY,Credit Tips Received,297.89
20260806,5168: Catlettsburg KY,Tender: Uber Eats,
20260806,5168: Catlettsburg KY,Tender: Uber Eats Banda Burrito,
20260806,5168: Catlettsburg KY,Tender: Uber Eats VR,
20260806,5168: Catlettsburg KY,Tender: Uber Eats VRM,
20260806,5168: Catlettsburg KY,Tender: Uber Eats Nathans,
20260806,5168: Catlettsburg KY,Tender: Grub Hub,
20260806,5168: Catlettsburg KY,Tender: Grubhub Banda Burrito,
20260806,5168: Catlettsburg KY,Tender: Grubhub VRB,
20260806,5168: Catlettsburg KY,Tender: Grubhub VRM,
20260806,5168: Catlettsburg KY,Tender: QR Pay,
20260806,5168: Catlettsburg KY,Tender: Online,13.15
20260806,5168: Catlettsburg KY,Tender: Master Card,502.72
20260806,5168: Catlettsburg KY,Tender: Visa,1249.32
20260806,5168: Catlettsburg KY,Tender: Discover,16.15
20260806,5168: Catlettsburg KY,Tender: Debit,564.66
20260806,5168: Catlettsburg KY,Tender: American Express,
20260806,5168: Catlettsburg KY,Tender: Gift Card,
20260806,5168: Catlettsburg KY,Tender: Cash,477.45
20260806,5168: Catlettsburg KY,Credit Tips Paid,246.34
20260806,5168: Catlettsburg KY,Cash Paid Outs - Non Adjusting,
20260806,5168: Catlettsburg KY,Cash Paid Outs - Sales Adjusting,
20260806,5168: Catlettsburg KY,Online Gross Sales,10.99
20260806,5169: Columbus OH,Net Sales,3774.62
20260806,5169: Columbus OH,Total Sales Tax,170.66
20260806,5169: Columbus OH,Total Discounts,115.86
20260806,5169: Columbus OH,Major Category: Gift Card,
20260806,5169: Columbus OH,Tender: Door Dash,232.59
20260806,5169: Columbus OH,Tender: Doordash Banda Burrito,
20260806,5169: Columbus OH,Tender: Doordash VRB,141.24
20260806,5169: Columbus OH,Tender: Doordash VRM,444.85
20260806,5169: Columbus OH,Tender: Doordash Nathans,
20260806,5169: Columbus OH,Credit Tips Received,265.76
20260806,5169: Columbus OH,Tender: Uber Eats,355.37
20260806,5169: Columbus OH,Tender: Uber Eats Banda Burrito,
20260806,5169: Columbus OH,Tender: Uber Eats VR,60.54
20260806,5169: Columbus OH,Tender: Uber Eats VRM,
20260806,5169: Columbus OH,Tender: Uber Eats Nathans,
20260806,5169: Columbus OH,Tender: Grub Hub,34.77
20260806,5169: Columbus OH,Tender: Grubhub Banda Burrito,
20260806,5169: Columbus OH,Tender: Grubhub VRB,
20260806,5169: Columbus OH,Tender: Grubhub VRM,47.14
20260806,5169: Columbus OH,Tender: QR Pay,
20260806,5169: Columbus OH,Tender: Online,134.51
20260806,5169: Columbus OH,Tender: Master Card,594.56
20260806,5169: Columbus OH,Tender: Visa,968.66
20260806,5169: Columbus OH,Tender: Discover,95.29
20260806,5169: Columbus OH,Tender: Debit,338.15
20260806,5169: Columbus OH,Tender: American Express,126.25
20260806,5169: Columbus OH,Tender: Gift Card,46.73
20260806,5169: Columbus OH,Tender: Cash,590.39
20260806,5169: Columbus OH,Credit Tips Paid,241.38
20260806,5169: Columbus OH,Cash Paid Outs - Non Adjusting,
20260806,5169: Columbus OH,Cash Paid Outs - Sales Adjusting,
20260806,5169: Columbus OH,Online Gross Sales,144.90
20260806,7401: Youngstown OH,Net Sales,3499.26
20260806,7401: Youngstown OH,Total Sales Tax,131.10
20260806,7401: Youngstown OH,Total Discounts,217.82
20260806,7401: Youngstown OH,Major Category: Gift Card,
20260806,7401: Youngstown OH,Tender: Door Dash,399.70
20260806,7401: Youngstown OH,Tender: Doordash Banda Burrito,73.42
20260806,7401: Youngstown OH,Tender: Doordash VRB,
20260806,7401: Youngstown OH,Tender: Doordash VRM,136.58
20260806,7401: Youngstown OH,Tender: Doordash Nathans,161.71
20260806,7401: Youngstown OH,Credit Tips Received,215.43
20260806,7401: Youngstown OH,Tender: Uber Eats,50.66
20260806,7401: Youngstown OH,Tender: Uber Eats Banda Burrito,
20260806,7401: Youngstown OH,Tender: Uber Eats VR,
20260806,7401: Youngstown OH,Tender: Uber Eats VRM,
20260806,7401: Youngstown OH,Tender: Uber Eats Nathans,
20260806,7401: Youngstown OH,Tender: Grub Hub,
20260806,7401: Youngstown OH,Tender: Grubhub Banda Burrito,
20260806,7401: Youngstown OH,Tender: Grubhub VRB,
20260806,7401: Youngstown OH,Tender: Grubhub VRM,
20260806,7401: Youngstown OH,Tender: QR Pay,
20260806,7401: Youngstown OH,Tender: Online,243.11
20260806,7401: Youngstown OH,Tender: Master Card,557.63
20260806,7401: Youngstown OH,Tender: Visa,606.68
20260806,7401: Youngstown OH,Tender: Discover,34.10
20260806,7401: Youngstown OH,Tender: Debit,567.78
20260806,7401: Youngstown OH,Tender: American Express,
20260806,7401: Youngstown OH,Tender: Gift Card,
20260806,7401: Youngstown OH,Tender: Cash,1014.42
20260806,7401: Youngstown OH,Credit Tips Paid,215.43
20260806,7401: Youngstown OH,Cash Paid Outs - Non Adjusting,
20260806,7401: Youngstown OH,Cash Paid Outs - Sales Adjusting,
20260806,7401: Youngstown OH,Online Gross Sales,262.35
20260806,9690: Marietta OH,Net Sales,1674.27
20260806,9690: Marietta OH,Total Sales Tax,88.39
20260806,9690: Marietta OH,Total Discounts,79.00
20260806,9690: Marietta OH,Major Category: Gift Card,
20260806,9690: Marietta OH,Tender: Door Dash,232.81
20260806,9690: Marietta OH,Tender: Doordash Banda Burrito,
20260806,9690: Marietta OH,Tender: Doordash VRB,64.91
20260806,9690: Marietta OH,Tender: Doordash VRM,
20260806,9690: Marietta OH,Tender: Doordash Nathans,
20260806,9690: Marietta OH,Credit Tips Received,143.60
20260806,9690: Marietta OH,Tender: Uber Eats,
20260806,9690: Marietta OH,Tender: Uber Eats Banda Burrito,
20260806,9690: Marietta OH,Tender: Uber Eats VR,
20260806,9690: Marietta OH,Tender: Uber Eats VRM,
20260806,9690: Marietta OH,Tender: Uber Eats Nathans,
20260806,9690: Marietta OH,Tender: Grub Hub,
20260806,9690: Marietta OH,Tender: Grubhub Banda Burrito,
20260806,9690: Marietta OH,Tender: Grubhub VRB,
20260806,9690: Marietta OH,Tender: Grubhub VRM,
20260806,9690: Marietta OH,Tender: QR Pay,110.19
20260806,9690: Marietta OH,Tender: Online,49.84
20260806,9690: Marietta OH,Tender: Master Card,152.07
20260806,9690: Marietta OH,Tender: Visa,268.30
20260806,9690: Marietta OH,Tender: Discover,
20260806,9690: Marietta OH,Tender: Debit,620.31
20260806,9690: Marietta OH,Tender: American Express,
20260806,9690: Marietta OH,Tender: Gift Card,
20260806,9690: Marietta OH,Tender: Cash,407.83
20260806,9690: Marietta OH,Credit Tips Paid,125.86
20260806,9690: Marietta OH,Cash Paid Outs - Non Adjusting,
20260806,9690: Marietta OH,Cash Paid Outs - Sales Adjusting,
20260806,9690: Marietta OH,Online Gross Sales,
20260806,9697: Findlay OH,Net Sales,2708.34
20260806,9697: Findlay OH,Total Sales Tax,151.97
20260806,9697: Findlay OH,Total Discounts,107.20
20260806,9697: Findlay OH,Major Category: Gift Card,
20260806,9697: Findlay OH,Tender: Door Dash,326.42
20260806,9697: Findlay OH,Tender: Doordash Banda Burrito,
20260806,9697: Findlay OH,Tender: Doordash VRB,92.87
20260806,9697: Findlay OH,Tender: Doordash VRM,86.68
20260806,9697: Findlay OH,Tender: Doordash Nathans,
20260806,9697: Findlay OH,Credit Tips Received,285.13
20260806,9697: Findlay OH,Tender: Uber Eats,54.66
20260806,9697: Findlay OH,Tender: Uber Eats Banda Burrito,
20260806,9697: Findlay OH,Tender: Uber Eats VR,
20260806,9697: Findlay OH,Tender: Uber Eats VRM,
20260806,9697: Findlay OH,Tender: Uber Eats Nathans,
20260806,9697: Findlay OH,Tender: Grub Hub,
20260806,9697: Findlay OH,Tender: Grubhub Banda Burrito,
20260806,9697: Findlay OH,Tender: Grubhub VRB,
20260806,9697: Findlay OH,Tender: Grubhub VRM,
20260806,9697: Findlay OH,Tender: QR Pay,288.92
20260806,9697: Findlay OH,Tender: Online,37.84
20260806,9697: Findlay OH,Tender: Master Card,347.71
20260806,9697: Findlay OH,Tender: Visa,490.99
20260806,9697: Findlay OH,Tender: Discover,24.10
20260806,9697: Findlay OH,Tender: Debit,543.84
20260806,9697: Findlay OH,Tender: American Express,65.84
20260806,9697: Findlay OH,Tender: Gift Card,34.59
20260806,9697: Findlay OH,Tender: Cash,750.98
20260806,9697: Findlay OH,Credit Tips Paid,326.74
20260806,9697: Findlay OH,Cash Paid Outs - Non Adjusting,
20260806,9697: Findlay OH,Cash Paid Outs - Sales Adjusting,
20260806,9697: Findlay OH,Online Gross Sales,
20260807,5164: Berkshire OH,Net Sales,4250.55
20260807,5164: Berkshire OH,Total Sales Tax,264.38
20260807,5164: Berkshire OH,Total Discounts,174.65
20260807,5164: Berkshire OH,Major Category: Gift Card,
20260807,5164: Berkshire OH,Tender: Door Dash,124.31
20260807,5164: Berkshire OH,Tender: Doordash Banda Burrito,
20260807,5164: Berkshire OH,Tender: Doordash VRB,
20260807,5164: Berkshire OH,Tender: Doordash VRM,
20260807,5164: Berkshire OH,Tender: Doordash Nathans,
20260807,5164: Berkshire OH,Credit Tips Received,519.46
20260807,5164: Berkshire OH,Tender: Uber Eats,17.99
20260807,5164: Berkshire OH,Tender: Uber Eats Banda Burrito,
20260807,5164: Berkshire OH,Tender: Uber Eats VR,23.68
20260807,5164: Berkshire OH,Tender: Uber Eats VRM,
20260807,5164: Berkshire OH,Tender: Uber Eats Nathans,
20260807,5164: Berkshire OH,Tender: Grub Hub,
20260807,5164: Berkshire OH,Tender: Grubhub Banda Burrito,
20260807,5164: Berkshire OH,Tender: Grubhub VRB,
20260807,5164: Berkshire OH,Tender: Grubhub VRM,
20260807,5164: Berkshire OH,Tender: QR Pay,
20260807,5164: Berkshire OH,Tender: Online,138.12
20260807,5164: Berkshire OH,Tender: Master Card,698.19
20260807,5164: Berkshire OH,Tender: Visa,2233.18
20260807,5164: Berkshire OH,Tender: Discover,26.97
20260807,5164: Berkshire OH,Tender: Debit,738.67
20260807,5164: Berkshire OH,Tender: American Express,25.91
20260807,5164: Berkshire OH,Tender: Gift Card,33.93
20260807,5164: Berkshire OH,Tender: Cash,973.44
20260807,5164: Berkshire OH,Credit Tips Paid,519.46
20260807,5164: Berkshire OH,Cash Paid Outs - Non Adjusting,
20260807,5164: Berkshire OH,Cash Paid Outs - Sales Adjusting,
20260807,5164: Berkshire OH,Online Gross Sales,126.90
20260807,5165: Perrysburg OH,Net Sales,2541.63
20260807,5165: Perrysburg OH,Total Sales Tax,131.20
20260807,5165: Perrysburg OH,Total Discounts,84.87
20260807,5165: Perrysburg OH,Major Category: Gift Card,
20260807,5165: Perrysburg OH,Tender: Door Dash,205.47
20260807,5165: Perrysburg OH,Tender: Doordash Banda Burrito,
20260807,5165: Perrysburg OH,Tender: Doordash VRB,
20260807,5165: Perrysburg OH,Tender: Doordash VRM,
20260807,5165: Perrysburg OH,Tender: Doordash Nathans,
20260807,5165: Perrysburg OH,Credit Tips Received,286.90
20260807,5165: Perrysburg OH,Tender: Uber Eats,
20260807,5165: Perrysburg OH,Tender: Uber Eats Banda Burrito,
20260807,5165: Perrysburg OH,Tender: Uber Eats VR,
20260807,5165: Perrysburg OH,Tender: Uber Eats VRM,
20260807,5165: Perrysburg OH,Tender: Uber Eats Nathans,
20260807,5165: Perrysburg OH,Tender: Grub Hub,
20260807,5165: Perrysburg OH,Tender: Grubhub Banda Burrito,
20260807,5165: Perrysburg OH,Tender: Grubhub VRB,
20260807,5165: Perrysburg OH,Tender: Grubhub VRM,
20260807,5165: Perrysburg OH,Tender: QR Pay,
20260807,5165: Perrysburg OH,Tender: Online,85.12
20260807,5165: Perrysburg OH,Tender: Master Card,620.34
20260807,5165: Perrysburg OH,Tender: Visa,833.57
20260807,5165: Perrysburg OH,Tender: Discover,257.09
20260807,5165: Perrysburg OH,Tender: Debit,452.90
20260807,5165: Perrysburg OH,Tender: American Express,
20260807,5165: Perrysburg OH,Tender: Gift Card,
20260807,5165: Perrysburg OH,Tender: Cash,505.24
20260807,5165: Perrysburg OH,Credit Tips Paid,283.39
20260807,5165: Perrysburg OH,Cash Paid Outs - Non Adjusting,
20260807,5165: Perrysburg OH,Cash Paid Outs - Sales Adjusting,
20260807,5165: Perrysburg OH,Online Gross Sales,82.49
20260807,5166: Jeffersonville OH,Net Sales,2728.55
20260807,5166: Jeffersonville OH,Total Sales Tax,157.41
20260807,5166: Jeffersonville OH,Total Discounts,86.12
20260807,5166: Jeffersonville OH,Major Category: Gift Card,
20260807,5166: Jeffersonville OH,Tender: Door Dash,
20260807,5166: Jeffersonville OH,Tender: Doordash Banda Burrito,
20260807,5166: Jeffersonville OH,Tender: Doordash VRB,
20260807,5166: Jeffersonville OH,Tender: Doordash VRM,
20260807,5166: Jeffersonville OH,Tender: Doordash Nathans,
20260807,5166: Jeffersonville OH,Credit Tips Received,289.01
20260807,5166: Jeffersonville OH,Tender: Uber Eats,
20260807,5166: Jeffersonville OH,Tender: Uber Eats Banda Burrito,
20260807,5166: Jeffersonville OH,Tender: Uber Eats VR,
20260807,5166: Jeffersonville OH,Tender: Uber Eats VRM,
20260807,5166: Jeffersonville OH,Tender: Uber Eats Nathans,
20260807,5166: Jeffersonville OH,Tender: Grub Hub,
20260807,5166: Jeffersonville OH,Tender: Grubhub Banda Burrito,
20260807,5166: Jeffersonville OH,Tender: Grubhub VRB,
20260807,5166: Jeffersonville OH,Tender: Grubhub VRM,
20260807,5166: Jeffersonville OH,Tender: QR Pay,
20260807,5166: Jeffersonville OH,Tender: Online,117.09
20260807,5166: Jeffersonville OH,Tender: Master Card,717.24
20260807,5166: Jeffersonville OH,Tender: Visa,1176.44
20260807,5166: Jeffersonville OH,Tender: Discover,55.49
20260807,5166: Jeffersonville OH,Tender: Debit,606.74
20260807,5166: Jeffersonville OH,Tender: American Express,142.63
20260807,5166: Jeffersonville OH,Tender: Gift Card,
20260807,5166: Jeffersonville OH,Tender: Cash,359.34
20260807,5166: Jeffersonville OH,Credit Tips Paid,228.50
20260807,5166: Jeffersonville OH,Cash Paid Outs - Non Adjusting,
20260807,5166: Jeffersonville OH,Cash Paid Outs - Sales Adjusting,
20260807,5166: Jeffersonville OH,Online Gross Sales,111.24
20260807,5167: Elizabethtown KY,Net Sales,3328.22
20260807,5167: Elizabethtown KY,Total Sales Tax,270.27
20260807,5167: Elizabethtown KY,Total Discounts,131.77
20260807,5167: Elizabethtown KY,Major Category: Gift Card,
20260807,5167: Elizabethtown KY,Tender: Door Dash,316.77
20260807,5167: Elizabethtown KY,Tender: Doordash Banda Burrito,
20260807,5167: Elizabethtown KY,Tender: Doordash VRB,84.22
20260807,5167: Elizabethtown KY,Tender: Doordash VRM,18.91
20260807,5167: Elizabethtown KY,Tender: Doordash Nathans,
20260807,5167: Elizabethtown KY,Credit Tips Received,491.13
20260807,5167: Elizabethtown KY,Tender: Uber Eats,
20260807,5167: Elizabethtown KY,Tender: Uber Eats Banda Burrito,
20260807,5167: Elizabethtown KY,Tender: Uber Eats VR,
20260807,5167: Elizabethtown KY,Tender: Uber Eats VRM,
20260807,5167: Elizabethtown KY,Tender: Uber Eats Nathans,
20260807,5167: Elizabethtown KY,Tender: Grub Hub,
20260807,5167: Elizabethtown KY,Tender: Grubhub Banda Burrito,
20260807,5167: Elizabethtown KY,Tender: Grubhub VRB,
20260807,5167: Elizabethtown KY,Tender: Grubhub VRM,
20260807,5167: Elizabethtown KY,Tender: QR Pay,
20260807,5167: Elizabethtown KY,Tender: Online,124.69
20260807,5167: Elizabethtown KY,Tender: Master Card,431.07
20260807,5167: Elizabethtown KY,Tender: Visa,1546.55
20260807,5167: Elizabethtown KY,Tender: Discover,
20260807,5167: Elizabethtown KY,Tender: Debit,696.91
20260807,5167: Elizabethtown KY,Tender: American Express,
20260807,5167: Elizabethtown KY,Tender: Gift Card,
20260807,5167: Elizabethtown KY,Tender: Cash,870.50
20260807,5167: Elizabethtown KY,Credit Tips Paid,480.13
20260807,5167: Elizabethtown KY,Cash Paid Outs - Non Adjusting,
20260807,5167: Elizabethtown KY,Cash Paid Outs - Sales Adjusting,
20260807,5167: Elizabethtown KY,Online Gross Sales,140.53
20260807,5168: Catlettsburg KY,Net Sales,2775.64
20260807,5168: Catlettsburg KY,Total Sales Tax,166.53
20260807,5168: Catlettsburg KY,Total Discounts,65.93
20260807,5168: Catlettsburg KY,Major Category: Gift Card,
20260807,5168: Catlettsburg KY,Tender: Door Dash,44.44
20260807,5168: Catlettsburg KY,Tender: Doordash Banda Burrito,
20260807,5168: Catlettsburg KY,Tender: Doordash VRB,
20260807,5168: Catlettsburg KY,Tender: Doordash VRM,
20260807,5168: Catlettsburg KY,Tender: Doordash Nathans,
20260807,5168: Catlettsburg KY,Credit Tips Received,286.34
20260807,5168: Catlettsburg KY,Tender: Uber Eats,
20260807,5168: Catlettsburg KY,Tender: Uber Eats Banda Burrito,
20260807,5168: Catlettsburg KY,Tender: Uber Eats VR,
20260807,5168: Catlettsburg KY,Tender: Uber Eats VRM,
20260807,5168: Catlettsburg KY,Tender: Uber Eats Nathans,
20260807,5168: Catlettsburg KY,Tender: Grub Hub,
20260807,5168: Catlettsburg KY,Tender: Grubhub Banda Burrito,
20260807,5168: Catlettsburg KY,Tender: Grubhub VRB,
20260807,5168: Catlettsburg KY,Tender: Grubhub VRM,
20260807,5168: Catlettsburg KY,Tender: QR Pay,
20260807,5168: Catlettsburg KY,Tender: Online,181.57
20260807,5168: Catlettsburg KY,Tender: Master Card,433.68
20260807,5168: Catlettsburg KY,Tender: Visa,986.30
20260807,5168: Catlettsburg KY,Tender: Discover,188.43
20260807,5168: Catlettsburg KY,Tender: Debit,471.39
20260807,5168: Catlettsburg KY,Tender: American Express,
20260807,5168: Catlettsburg KY,Tender: Gift Card,
20260807,5168: Catlettsburg KY,Tender: Cash,922.70
20260807,5168: Catlettsburg KY,Credit Tips Paid,268.31
20260807,5168: Catlettsburg KY,Cash Paid Outs - Non Adjusting,
20260807,5168: Catlettsburg KY,Cash Paid Outs - Sales Adjusting,3.00
20260807,5168: Catlettsburg KY,Online Gross Sales,164.73
20260807,5169: Columbus OH,Net Sales,4567.43
20260807,5169: Columbus OH,Total Sales Tax,198.42
20260807,5169: Columbus OH,Total Discounts,142.26
20260807,5169: Columbus OH,Major Category: Gift Card,
20260807,5169: Columbus OH,Tender: Door Dash,561.24
20260807,5169: Columbus OH,Tender: Doordash Banda Burrito,
20260807,5169: Columbus OH,Tender: Doordash VRB,116.67
20260807,5169: Columbus OH,Tender: Doordash VRM,361.39
20260807,5169: Columbus OH,Tender: Doordash Nathans,
20260807,5169: Columbus OH,Credit Tips Received,331.48
20260807,5169: Columbus OH,Tender: Uber Eats,360.34
20260807,5169: Columbus OH,Tender: Uber Eats Banda Burrito,
20260807,5169: Columbus OH,Tender: Uber Eats VR,95.36
20260807,5169: Columbus OH,Tender: Uber Eats VRM,
20260807,5169: Columbus OH,Tender: Uber Eats Nathans,
20260807,5169: Columbus OH,Tender: Grub Hub,98.43
20260807,5169: Columbus OH,Tender: Grubhub Banda Burrito,
20260807,5169: Columbus OH,Tender: Grubhub VRB,
20260807,5169: Columbus OH,Tender: Grubhub VRM,
20260807,5169: Columbus OH,Tender: QR Pay,
20260807,5169: Columbus OH,Tender: Online,289.30
20260807,5169: Columbus OH,Tender: Master Card,634.29
20260807,5169: Columbus OH,Tender: Visa,1496.20
20260807,5169: Columbus OH,Tender: Discover,133.24
20260807,5169: Columbus OH,Tender: Debit,381.87
20260807,5169: Columbus OH,Tender: American Express,
20260807,5169: Columbus OH,Tender: Gift Card,23.89
20260807,5169: Columbus OH,Tender: Cash,545.11
20260807,5169: Columbus OH,Credit Tips Paid,201.46
20260807,5169: Columbus OH,Cash Paid Outs - Non Adjusting,100.00
20260807,5169: Columbus OH,Cash Paid Outs - Sales Adjusting,
20260807,5169: Columbus OH,Online Gross Sales,309.55
20260807,7401: Youngstown OH,Net Sales,731.25
20260807,7401: Youngstown OH,Total Sales Tax,21.55
20260807,7401: Youngstown OH,Total Discounts,20.77
20260807,7401: Youngstown OH,Major Category: Gift Card,
20260807,7401: Youngstown OH,Tender: Door Dash,53.56
20260807,7401: Youngstown OH,Tender: Doordash Banda Burrito,15.39
20260807,7401: Youngstown OH,Tender: Doordash VRB,
20260807,7401: Youngstown OH,Tender: Doordash VRM,
20260807,7401: Youngstown OH,Tender: Doordash Nathans,25.97
20260807,7401: Youngstown OH,Credit Tips Received,37.11
20260807,7401: Youngstown OH,Tender: Uber Eats,
20260807,7401: Youngstown OH,Tender: Uber Eats Banda Burrito,
20260807,7401: Youngstown OH,Tender: Uber Eats VR,
20260807,7401: Youngstown OH,Tender: Uber Eats VRM,
20260807,7401: Youngstown OH,Tender: Uber Eats Nathans,
20260807,7401: Youngstown OH,Tender: Grub Hub,251.70
20260807,7401: Youngstown OH,Tender: Grubhub Banda Burrito,
20260807,7401: Youngstown OH,Tender: Grubhub VRB,
20260807,7401: Youngstown OH,Tender: Grubhub VRM,
20260807,7401: Youngstown OH,Tender: QR Pay,
20260807,7401: Youngstown OH,Tender: Online,40.99
20260807,7401: Youngstown OH,Tender: Master Card,
20260807,7401: Youngstown OH,Tender: Visa,141.17
20260807,7401: Youngstown OH,Tender: Discover,
20260807,7401: Youngstown OH,Tender: Debit,182.61
20260807,7401: Youngstown OH,Tender: American Express,
20260807,7401: Youngstown OH,Tender: Gift Card,
20260807,7401: Youngstown OH,Tender: Cash,78.52
20260807,7401: Youngstown OH,Credit Tips Paid,37.11
20260807,7401: Youngstown OH,Cash Paid Outs - Non Adjusting,
20260807,7401: Youngstown OH,Cash Paid Outs - Sales Adjusting,
20260807,7401: Youngstown OH,Online Gross Sales,43.25
20260807,9690: Marietta OH,Net Sales,2239.49
20260807,9690: Marietta OH,Total Sales Tax,124.60
20260807,9690: Marietta OH,Total Discounts,184.02
20260807,9690: Marietta OH,Major Category: Gift Card,
20260807,9690: Marietta OH,Tender: Door Dash,89.52
20260807,9690: Marietta OH,Tender: Doordash Banda Burrito,
20260807,9690: Marietta OH,Tender: Doordash VRB,50.62
20260807,9690: Marietta OH,Tender: Doordash VRM,
20260807,9690: Marietta OH,Tender: Doordash Nathans,
20260807,9690: Marietta OH,Credit Tips Received,239.06
20260807,9690: Marietta OH,Tender: Uber Eats,
20260807,9690: Marietta OH,Tender: Uber Eats Banda Burrito,
20260807,9690: Marietta OH,Tender: Uber Eats VR,
20260807,9690: Marietta OH,Tender: Uber Eats VRM,28.25
20260807,9690: Marietta OH,Tender: Uber Eats Nathans,
20260807,9690: Marietta OH,Tender: Grub Hub,
20260807,9690: Marietta OH,Tender: Grubhub Banda Burrito,
20260807,9690: Marietta OH,Tender: Grubhub VRB,
20260807,9690: Marietta OH,Tender: Grubhub VRM,
20260807,9690: Marietta OH,Tender: QR Pay,56.28
20260807,9690: Marietta OH,Tender: Online,
20260807,9690: Marietta OH,Tender: Master Card,128.44
20260807,9690: Marietta OH,Tender: Visa,725.60
20260807,9690: Marietta OH,Tender: Discover,25.72
20260807,9690: Marietta OH,Tender: Debit,928.46
20260807,9690: Marietta OH,Tender: American Express,
20260807,9690: Marietta OH,Tender: Gift Card,52.67
20260807,9690: Marietta OH,Tender: Cash,517.59
20260807,9690: Marietta OH,Credit Tips Paid,189.83
20260807,9690: Marietta OH,Cash Paid Outs - Non Adjusting,
20260807,9690: Marietta OH,Cash Paid Outs - Sales Adjusting,
20260807,9690: Marietta OH,Online Gross Sales,
20260807,9697: Findlay OH,Net Sales,4649.52
20260807,9697: Findlay OH,Total Sales Tax,290.84
20260807,9697: Findlay OH,Total Discounts,168.03
20260807,9697: Findlay OH,Major Category: Gift Card,
20260807,9697: Findlay OH,Tender: Door Dash,310.33
20260807,9697: Findlay OH,Tender: Doordash Banda Burrito,
20260807,9697: Findlay OH,Tender: Doordash VRB,
20260807,9697: Findlay OH,Tender: Doordash VRM,109.02
20260807,9697: Findlay OH,Tender: Doordash Nathans,
20260807,9697: Findlay OH,Credit Tips Received,499.08
20260807,9697: Findlay OH,Tender: Uber Eats,
20260807,9697: Findlay OH,Tender: Uber Eats Banda Burrito,
20260807,9697: Findlay OH,Tender: Uber Eats VR,
20260807,9697: Findlay OH,Tender: Uber Eats VRM,
20260807,9697: Findlay OH,Tender: Uber Eats Nathans,
20260807,9697: Findlay OH,Tender: Grub Hub,
20260807,9697: Findlay OH,Tender: Grubhub Banda Burrito,
20260807,9697: Findlay OH,Tender: Grubhub VRB,
20260807,9697: Findlay OH,Tender: Grubhub VRM,
20260807,9697: Findlay OH,Tender: QR Pay,227.55
20260807,9697: Findlay OH,Tender: Online,100.86
20260807,9697: Findlay OH,Tender: Master Card,807.21
20260807,9697: Findlay OH,Tender: Visa,572.22
20260807,9697: Findlay OH,Tender: Discover,245.59
20260807,9697: Findlay OH,Tender: Debit,1901.05
20260807,9697: Findlay OH,Tender: American Express,64.20
20260807,9697: Findlay OH,Tender: Gift Card,10.37
20260807,9697: Findlay OH,Tender: Cash,1091.04
20260807,9697: Findlay OH,Credit Tips Paid,502.85
20260807,9697: Findlay OH,Cash Paid Outs - Non Adjusting,
20260807,9697: Findlay OH,Cash Paid Outs - Sales Adjusting,
20260807,9697: Findlay OH,Online Gross Sales,
20260808,5164: Berkshire OH,Net Sales,5073.25
20260808,5164: Berkshire OH,Total Sales Tax,347.89
20260808,5164: Berkshire OH,Total Discounts,128.22
20260808,5164: Berkshire OH,Major Category: Gift Card,
20260808,5164: Berkshire OH,Tender: Door Dash,117.66
20260808,5164: Berkshire OH,Tender: Doordash Banda Burrito,
20260808,5164: Berkshire OH,Tender: Doordash VRB,42.33
20260808,5164: Berkshire OH,Tender: Doordash VRM,
20260808,5164: Berkshire OH,Tender: Doordash Nathans,
20260808,5164: Berkshire OH,Credit Tips Received,643.75
20260808,5164: Berkshire OH,Tender: Uber Eats,
20260808,5164: Berkshire OH,Tender: Uber Eats Banda Burrito,
20260808,5164: Berkshire OH,Tender: Uber Eats VR,
20260808,5164: Berkshire OH,Tender: Uber Eats VRM,
20260808,5164: Berkshire OH,Tender: Uber Eats Nathans,
20260808,5164: Berkshire OH,Tender: Grub Hub,
20260808,5164: Berkshire OH,Tender: Grubhub Banda Burrito,
20260808,5164: Berkshire OH,Tender: Grubhub VRB,
20260808,5164: Berkshire OH,Tender: Grubhub VRM,
20260808,5164: Berkshire OH,Tender: QR Pay,
20260808,5164: Berkshire OH,Tender: Online,29.38
20260808,5164: Berkshire OH,Tender: Master Card,931.90
20260808,5164: Berkshire OH,Tender: Visa,2694.08
20260808,5164: Berkshire OH,Tender: Discover,151.28
20260808,5164: Berkshire OH,Tender: Debit,1220.13
20260808,5164: Berkshire OH,Tender: American Express,44.18
20260808,5164: Berkshire OH,Tender: Gift Card,92.48
20260808,5164: Berkshire OH,Tender: Cash,741.47
20260808,5164: Berkshire OH,Credit Tips Paid,538.37
20260808,5164: Berkshire OH,Cash Paid Outs - Non Adjusting,
20260808,5164: Berkshire OH,Cash Paid Outs - Sales Adjusting,
20260808,5164: Berkshire OH,Online Gross Sales,29.38
20260808,5165: Perrysburg OH,Net Sales,3050.95
20260808,5165: Perrysburg OH,Total Sales Tax,161.67
20260808,5165: Perrysburg OH,Total Discounts,145.44
20260808,5165: Perrysburg OH,Major Category: Gift Card,
20260808,5165: Perrysburg OH,Tender: Door Dash,168.77
20260808,5165: Perrysburg OH,Tender: Doordash Banda Burrito,
20260808,5165: Perrysburg OH,Tender: Doordash VRB,
20260808,5165: Perrysburg OH,Tender: Doordash VRM,
20260808,5165: Perrysburg OH,Tender: Doordash Nathans,
20260808,5165: Perrysburg OH,Credit Tips Received,339.28
20260808,5165: Perrysburg OH,Tender: Uber Eats,
20260808,5165: Perrysburg OH,Tender: Uber Eats Banda Burrito,
20260808,5165: Perrysburg OH,Tender: Uber Eats VR,
20260808,5165: Perrysburg OH,Tender: Uber Eats VRM,
20260808,5165: Perrysburg OH,Tender: Uber Eats Nathans,
20260808,5165: Perrysburg OH,Tender: Grub Hub,
20260808,5165: Perrysburg OH,Tender: Grubhub Banda Burrito,
20260808,5165: Perrysburg OH,Tender: Grubhub VRB,
20260808,5165: Perrysburg OH,Tender: Grubhub VRM,
20260808,5165: Perrysburg OH,Tender: QR Pay,
20260808,5165: Perrysburg OH,Tender: Online,55.79
20260808,5165: Perrysburg OH,Tender: Master Card,862.04
20260808,5165: Perrysburg OH,Tender: Visa,853.78
20260808,5165: Perrysburg OH,Tender: Discover,121.23
20260808,5165: Perrysburg OH,Tender: Debit,600.67
20260808,5165: Perrysburg OH,Tender: American Express,223.10
20260808,5165: Perrysburg OH,Tender: Gift Card,
20260808,5165: Perrysburg OH,Tender: Cash,666.52
20260808,5165: Perrysburg OH,Credit Tips Paid,344.10
20260808,5165: Perrysburg OH,Cash Paid Outs - Non Adjusting,
20260808,5165: Perrysburg OH,Cash Paid Outs - Sales Adjusting,
20260808,5165: Perrysburg OH,Online Gross Sales,52.86
20260808,5166: Jeffersonville OH,Net Sales,153.37
20260808,5166: Jeffersonville OH,Total Sales Tax,1.54
20260808,5166: Jeffersonville OH,Total Discounts,53.91
20260808,5166: Jeffersonville OH,Major Category: Gift Card,
20260808,5166: Jeffersonville OH,Tender: Door Dash,49.16
20260808,5166: Jeffersonville OH,Tender: Doordash Banda Burrito,
20260808,5166: Jeffersonville OH,Tender: Doordash VRB,
20260808,5166: Jeffersonville OH,Tender: Doordash VRM,
20260808,5166: Jeffersonville OH,Tender: Doordash Nathans,
20260808,5166: Jeffersonville OH,Credit Tips Received,16.36
20260808,5166: Jeffersonville OH,Tender: Uber Eats,
20260808,5166: Jeffersonville OH,Tender: Uber Eats Banda Burrito,
20260808,5166: Jeffersonville OH,Tender: Uber Eats VR,
20260808,5166: Jeffersonville OH,Tender: Uber Eats VRM,
20260808,5166: Jeffersonville OH,Tender: Uber Eats Nathans,
20260808,5166: Jeffersonville OH,Tender: Grub Hub,
20260808,5166: Jeffersonville OH,Tender: Grubhub Banda Burrito,
20260808,5166: Jeffersonville OH,Tender: Grubhub VRB,
20260808,5166: Jeffersonville OH,Tender: Grubhub VRM,
20260808,5166: Jeffersonville OH,Tender: QR Pay,
20260808,5166: Jeffersonville OH,Tender: Online,99.36
20260808,5166: Jeffersonville OH,Tender: Master Card,
20260808,5166: Jeffersonville OH,Tender: Visa,
20260808,5166: Jeffersonville OH,Tender: Discover,
20260808,5166: Jeffersonville OH,Tender: Debit,
20260808,5166: Jeffersonville OH,Tender: American Express,
20260808,5166: Jeffersonville OH,Tender: Gift Card,
20260808,5166: Jeffersonville OH,Tender: Cash,22.75
20260808,5166: Jeffersonville OH,Credit Tips Paid,
20260808,5166: Jeffersonville OH,Cash Paid Outs - Non Adjusting,
20260808,5166: Jeffersonville OH,Cash Paid Outs - Sales Adjusting,
20260808,5166: Jeffersonville OH,Online Gross Sales,103.59
20260808,5167: Elizabethtown KY,Net Sales,4429.11
20260808,5167: Elizabethtown KY,Total Sales Tax,359.62
20260808,5167: Elizabethtown KY,Total Discounts,210.51
20260808,5167: Elizabethtown KY,Major Category: Gift Card,
20260808,5167: Elizabethtown KY,Tender: Door Dash,196.26
20260808,5167: Elizabethtown KY,Tender: Doordash Banda Burrito,
20260808,5167: Elizabethtown KY,Tender: Doordash VRB,77.44
20260808,5167: Elizabethtown KY,Tender: Doordash VRM,81.26
20260808,5167: Elizabethtown KY,Tender: Doordash Nathans,
20260808,5167: Elizabethtown KY,Credit Tips Received,442.52
20260808,5167: Elizabethtown KY,Tender: Uber Eats,
20260808,5167: Elizabethtown KY,Tender: Uber Eats Banda Burrito,
20260808,5167: Elizabethtown KY,Tender: Uber Eats VR,
20260808,5167: Elizabethtown KY,Tender: Uber Eats VRM,
20260808,5167: Elizabethtown KY,Tender: Uber Eats Nathans,
20260808,5167: Elizabethtown KY,Tender: Grub Hub,
20260808,5167: Elizabethtown KY,Tender: Grubhub Banda Burrito,
20260808,5167: Elizabethtown KY,Tender: Grubhub VRB,
20260808,5167: Elizabethtown KY,Tender: Grubhub VRM,
20260808,5167: Elizabethtown KY,Tender: QR Pay,
20260808,5167: Elizabethtown KY,Tender: Online,176.38
20260808,5167: Elizabethtown KY,Tender: Master Card,619.40
20260808,5167: Elizabethtown KY,Tender: Visa,1925.46
20260808,5167: Elizabethtown KY,Tender: Discover,97.51
20260808,5167: Elizabethtown KY,Tender: Debit,468.41
20260808,5167: Elizabethtown KY,Tender: American Express,316.25
20260808,5167: Elizabethtown KY,Tender: Gift Card,23.09
20260808,5167: Elizabethtown KY,Tender: Cash,1249.79
20260808,5167: Elizabethtown KY,Credit Tips Paid,439.08
20260808,5167: Elizabethtown KY,Cash Paid Outs - Non Adjusting,
20260808,5167: Elizabethtown KY,Cash Paid Outs - Sales Adjusting,
20260808,5167: Elizabethtown KY,Online Gross Sales,162.21
20260808,5168: Catlettsburg KY,Net Sales,3638.72
20260808,5168: Catlettsburg KY,Total Sales Tax,218.34
20260808,5168: Catlettsburg KY,Total Discounts,117.16
20260808,5168: Catlettsburg KY,Major Category: Gift Card,
20260808,5168: Catlettsburg KY,Tender: Door Dash,70.62
20260808,5168: Catlettsburg KY,Tender: Doordash Banda Burrito,
20260808,5168: Catlettsburg KY,Tender: Doordash VRB,
20260808,5168: Catlettsburg KY,Tender: Doordash VRM,
20260808,5168: Catlettsburg KY,Tender: Doordash Nathans,
20260808,5168: Catlettsburg KY,Credit Tips Received,395.17
20260808,5168: Catlettsburg KY,Tender: Uber Eats,
20260808,5168: Catlettsburg KY,Tender: Uber Eats Banda Burrito,
20260808,5168: Catlettsburg KY,Tender: Uber Eats VR,
20260808,5168: Catlettsburg KY,Tender: Uber Eats VRM,
20260808,5168: Catlettsburg KY,Tender: Uber Eats Nathans,
20260808,5168: Catlettsburg KY,Tender: Grub Hub,
20260808,5168: Catlettsburg KY,Tender: Grubhub Banda Burrito,
20260808,5168: Catlettsburg KY,Tender: Grubhub VRB,
20260808,5168: Catlettsburg KY,Tender: Grubhub VRM,
20260808,5168: Catlettsburg KY,Tender: QR Pay,
20260808,5168: Catlettsburg KY,Tender: Online,11.58
20260808,5168: Catlettsburg KY,Tender: Master Card,1052.44
20260808,5168: Catlettsburg KY,Tender: Visa,1101.99
20260808,5168: Catlettsburg KY,Tender: Discover,108.77
20260808,5168: Catlettsburg KY,Tender: Debit,827.72
20260808,5168: Catlettsburg KY,Tender: American Express,77.31
20260808,5168: Catlettsburg KY,Tender: Gift Card,25.00
20260808,5168: Catlettsburg KY,Tender: Cash,976.80
20260808,5168: Catlettsburg KY,Credit Tips Paid,363.97
20260808,5168: Catlettsburg KY,Cash Paid Outs - Non Adjusting,91.48
20260808,5168: Catlettsburg KY,Cash Paid Outs - Sales Adjusting,
20260808,5168: Catlettsburg KY,Online Gross Sales,9.99
20260808,5169: Columbus OH,Net Sales,4334.79
20260808,5169: Columbus OH,Total Sales Tax,234.75
20260808,5169: Columbus OH,Total Discounts,125.15
20260808,5169: Columbus OH,Major Category: Gift Card,
20260808,5169: Columbus OH,Tender: Door Dash,303.71
20260808,5169: Columbus OH,Tender: Doordash Banda Burrito,
20260808,5169: Columbus OH,Tender: Doordash VRB,103.74
20260808,5169: Columbus OH,Tender: Doordash VRM,271.68
20260808,5169: Columbus OH,Tender: Doordash Nathans,
20260808,5169: Columbus OH,Credit Tips Received,430.50
20260808,5169: Columbus OH,Tender: Uber Eats,132.20
20260808,5169: Columbus OH,Tender: Uber Eats Banda Burrito,
20260808,5169: Columbus OH,Tender: Uber Eats VR,23.08
20260808,5169: Columbus OH,Tender: Uber Eats VRM,
20260808,5169: Columbus OH,Tender: Uber Eats Nathans,
20260808,5169: Columbus OH,Tender: Grub Hub,97.19
20260808,5169: Columbus OH,Tender: Grubhub Banda Burrito,
20260808,5169: Columbus OH,Tender: Grubhub VRB,
20260808,5169: Columbus OH,Tender: Grubhub VRM,26.58
20260808,5169: Columbus OH,Tender: QR Pay,
20260808,5169: Columbus OH,Tender: Online,67.71
20260808,5169: Columbus OH,Tender: Master Card,767.86
20260808,5169: Columbus OH,Tender: Visa,1167.86
20260808,5169: Columbus OH,Tender: Discover,165.07
20260808,5169: Columbus OH,Tender: Debit,884.04
20260808,5169: Columbus OH,Tender: American Express,276.00
20260808,5169: Columbus OH,Tender: Gift Card,71.95
20260808,5169: Columbus OH,Tender: Cash,641.37
20260808,5169: Columbus OH,Credit Tips Paid,511.97
20260808,5169: Columbus OH,Cash Paid Outs - Non Adjusting,
20260808,5169: Columbus OH,Cash Paid Outs - Sales Adjusting,
20260808,5169: Columbus OH,Online Gross Sales,71.51
20260808,7401: Youngstown OH,Net Sales,
20260808,7401: Youngstown OH,Total Sales Tax,
20260808,7401: Youngstown OH,Total Discounts,
20260808,7401: Youngstown OH,Major Category: Gift Card,
20260808,7401: Youngstown OH,Tender: Door Dash,
20260808,7401: Youngstown OH,Tender: Doordash Banda Burrito,
20260808,7401: Youngstown OH,Tender: Doordash VRB,
20260808,7401: Youngstown OH,Tender: Doordash VRM,
20260808,7401: Youngstown OH,Tender: Doordash Nathans,
20260808,7401: Youngstown OH,Credit Tips Received,
20260808,7401: Youngstown OH,Tender: Uber Eats,
20260808,7401: Youngstown OH,Tender: Uber Eats Banda Burrito,
20260808,7401: Youngstown OH,Tender: Uber Eats VR,
20260808,7401: Youngstown OH,Tender: Uber Eats VRM,
20260808,7401: Youngstown OH,Tender: Uber Eats Nathans,
20260808,7401: Youngstown OH,Tender: Grub Hub,
20260808,7401: Youngstown OH,Tender: Grubhub Banda Burrito,
20260808,7401: Youngstown OH,Tender: Grubhub VRB,
20260808,7401: Youngstown OH,Tender: Grubhub VRM,
20260808,7401: Youngstown OH,Tender: QR Pay,
20260808,7401: Youngstown OH,Tender: Online,
20260808,7401: Youngstown OH,Tender: Master Card,
20260808,7401: Youngstown OH,Tender: Visa,
20260808,7401: Youngstown OH,Tender: Discover,
20260808,7401: Youngstown OH,Tender: Debit,
20260808,7401: Youngstown OH,Tender: American Express,
20260808,7401: Youngstown OH,Tender: Gift Card,
20260808,7401: Youngstown OH,Tender: Cash,
20260808,7401: Youngstown OH,Credit Tips Paid,
20260808,7401: Youngstown OH,Cash Paid Outs - Non Adjusting,
20260808,7401: Youngstown OH,Cash Paid Outs - Sales Adjusting,
20260808,7401: Youngstown OH,Online Gross Sales,
20260808,9690: Marietta OH,Net Sales,2560.00
20260808,9690: Marietta OH,Total Sales Tax,171.61
20260808,9690: Marietta OH,Total Discounts,183.89
20260808,9690: Marietta OH,Major Category: Gift Card,
20260808,9690: Marietta OH,Tender: Door Dash,30.77
20260808,9690: Marietta OH,Tender: Doordash Banda Burrito,
20260808,9690: Marietta OH,Tender: Doordash VRB,20.47
20260808,9690: Marietta OH,Tender: Doordash VRM,
20260808,9690: Marietta OH,Tender: Doordash Nathans,
20260808,9690: Marietta OH,Credit Tips Received,271.98
20260808,9690: Marietta OH,Tender: Uber Eats,
20260808,9690: Marietta OH,Tender: Uber Eats Banda Burrito,
20260808,9690: Marietta OH,Tender: Uber Eats VR,
20260808,9690: Marietta OH,Tender: Uber Eats VRM,
20260808,9690: Marietta OH,Tender: Uber Eats Nathans,
20260808,9690: Marietta OH,Tender: Grub Hub,
20260808,9690: Marietta OH,Tender: Grubhub Banda Burrito,
20260808,9690: Marietta OH,Tender: Grubhub VRB,
20260808,9690: Marietta OH,Tender: Grubhub VRM,
20260808,9690: Marietta OH,Tender: QR Pay,284.18
20260808,9690: Marietta OH,Tender: Online,31.65
20260808,9690: Marietta OH,Tender: Master Card,273.04
20260808,9690: Marietta OH,Tender: Visa,625.09
20260808,9690: Marietta OH,Tender: Discover,
20260808,9690: Marietta OH,Tender: Debit,904.22
20260808,9690: Marietta OH,Tender: American Express,
20260808,9690: Marietta OH,Tender: Gift Card,16.44
20260808,9690: Marietta OH,Tender: Cash,817.73
20260808,9690: Marietta OH,Credit Tips Paid,356.35
20260808,9690: Marietta OH,Cash Paid Outs - Non Adjusting,
20260808,9690: Marietta OH,Cash Paid Outs - Sales Adjusting,
20260808,9690: Marietta OH,Online Gross Sales,
20260808,9697: Findlay OH,Net Sales,5827.80
20260808,9697: Findlay OH,Total Sales Tax,351.95
20260808,9697: Findlay OH,Total Discounts,170.26
20260808,9697: Findlay OH,Major Category: Gift Card,
20260808,9697: Findlay OH,Tender: Door Dash,339.79
20260808,9697: Findlay OH,Tender: Doordash Banda Burrito,
20260808,9697: Findlay OH,Tender: Doordash VRB,101.26
20260808,9697: Findlay OH,Tender: Doordash VRM,237.97
20260808,9697: Findlay OH,Tender: Doordash Nathans,
20260808,9697: Findlay OH,Credit Tips Received,476.02
20260808,9697: Findlay OH,Tender: Uber Eats,14.78
20260808,9697: Findlay OH,Tender: Uber Eats Banda Burrito,
20260808,9697: Findlay OH,Tender: Uber Eats VR,
20260808,9697: Findlay OH,Tender: Uber Eats VRM,
20260808,9697: Findlay OH,Tender: Uber Eats Nathans,
20260808,9697: Findlay OH,Tender: Grub Hub,
20260808,9697: Findlay OH,Tender: Grubhub Banda Burrito,
20260808,9697: Findlay OH,Tender: Grubhub VRB,
20260808,9697: Findlay OH,Tender: Grubhub VRM,
20260808,9697: Findlay OH,Tender: QR Pay,174.20
20260808,9697: Findlay OH,Tender: Online,209.89
20260808,9697: Findlay OH,Tender: Master Card,702.30
20260808,9697: Findlay OH,Tender: Visa,1484.47
20260808,9697: Findlay OH,Tender: Discover,52.85
20260808,9697: Findlay OH,Tender: Debit,1787.82
20260808,9697: Findlay OH,Tender: American Express,159.36
20260808,9697: Findlay OH,Tender: Gift Card,26.55
20260808,9697: Findlay OH,Tender: Cash,1351.67
20260808,9697: Findlay OH,Credit Tips Paid,480.79
20260808,9697: Findlay OH,Cash Paid Outs - Non Adjusting,
20260808,9697: Findlay OH,Cash Paid Outs - Sales Adjusting,
20260808,9697: Findlay OH,Online Gross Sales,
20260809,5164: Berkshire OH,Net Sales,3964.55
20260809,5164: Berkshire OH,Total Sales Tax,260.56
20260809,5164: Berkshire OH,Total Discounts,131.52
20260809,5164: Berkshire OH,Major Category: Gift Card,
20260809,5164: Berkshire OH,Tender: Door Dash,86.72
20260809,5164: Berkshire OH,Tender: Doordash Banda Burrito,
20260809,5164: Berkshire OH,Tender: Doordash VRB,31.07
20260809,5164: Berkshire OH,Tender: Doordash VRM,
20260809,5164: Berkshire OH,Tender: Doordash Nathans,
20260809,5164: Berkshire OH,Credit Tips Received,545.63
20260809,5164: Berkshire OH,Tender: Uber Eats,56.26
20260809,5164: Berkshire OH,Tender: Uber Eats Banda Burrito,
20260809,5164: Berkshire OH,Tender: Uber Eats VR,
20260809,5164: Berkshire OH,Tender: Uber Eats VRM,
20260809,5164: Berkshire OH,Tender: Uber Eats Nathans,
20260809,5164: Berkshire OH,Tender: Grub Hub,
20260809,5164: Berkshire OH,Tender: Grubhub Banda Burrito,
20260809,5164: Berkshire OH,Tender: Grubhub VRB,
20260809,5164: Berkshire OH,Tender: Grubhub VRM,
20260809,5164: Berkshire OH,Tender: QR Pay,
20260809,5164: Berkshire OH,Tender: Online,139.67
20260809,5164: Berkshire OH,Tender: Master Card,1404.68
20260809,5164: Berkshire OH,Tender: Visa,1562.04
20260809,5164: Berkshire OH,Tender: Discover,206.80
20260809,5164: Berkshire OH,Tender: Debit,783.20
20260809,5164: Berkshire OH,Tender: American Express,
20260809,5164: Berkshire OH,Tender: Gift Card,35.11
20260809,5164: Berkshire OH,Tender: Cash,465.19
20260809,5164: Berkshire OH,Credit Tips Paid,355.47
20260809,5164: Berkshire OH,Cash Paid Outs - Non Adjusting,
20260809,5164: Berkshire OH,Cash Paid Outs - Sales Adjusting,
20260809,5164: Berkshire OH,Online Gross Sales,142.25
20260809,5165: Perrysburg OH,Net Sales,3787.19
20260809,5165: Perrysburg OH,Total Sales Tax,213.35
20260809,5165: Perrysburg OH,Total Discounts,150.79
20260809,5165: Perrysburg OH,Major Category: Gift Card,
20260809,5165: Perrysburg OH,Tender: Door Dash,125.60
20260809,5165: Perrysburg OH,Tender: Doordash Banda Burrito,
20260809,5165: Perrysburg OH,Tender: Doordash VRB,
20260809,5165: Perrysburg OH,Tender: Doordash VRM,
20260809,5165: Perrysburg OH,Tender: Doordash Nathans,
20260809,5165: Perrysburg OH,Credit Tips Received,429.81
20260809,5165: Perrysburg OH,Tender: Uber Eats,63.50
20260809,5165: Perrysburg OH,Tender: Uber Eats Banda Burrito,
20260809,5165: Perrysburg OH,Tender: Uber Eats VR,
20260809,5165: Perrysburg OH,Tender: Uber Eats VRM,
20260809,5165: Perrysburg OH,Tender: Uber Eats Nathans,
20260809,5165: Perrysburg OH,Tender: Grub Hub,
20260809,5165: Perrysburg OH,Tender: Grubhub Banda Burrito,
20260809,5165: Perrysburg OH,Tender: Grubhub VRB,
20260809,5165: Perrysburg OH,Tender: Grubhub VRM,
20260809,5165: Perrysburg OH,Tender: QR Pay,
20260809,5165: Perrysburg OH,Tender: Online,143.10
20260809,5165: Perrysburg OH,Tender: Master Card,916.67
20260809,5165: Perrysburg OH,Tender: Visa,1482.28
20260809,5165: Perrysburg OH,Tender: Discover,65.87
20260809,5165: Perrysburg OH,Tender: Debit,438.42
20260809,5165: Perrysburg OH,Tender: American Express,89.81
20260809,5165: Perrysburg OH,Tender: Gift Card,25.00
20260809,5165: Perrysburg OH,Tender: Cash,1080.10
20260809,5165: Perrysburg OH,Credit Tips Paid,430.54
20260809,5165: Perrysburg OH,Cash Paid Outs - Non Adjusting,
20260809,5165: Perrysburg OH,Cash Paid Outs - Sales Adjusting,
20260809,5165: Perrysburg OH,Online Gross Sales,142.10
20260809,5166: Jeffersonville OH,Net Sales,3458.90
20260809,5166: Jeffersonville OH,Total Sales Tax,214.22
20260809,5166: Jeffersonville OH,Total Discounts,81.42
20260809,5166: Jeffersonville OH,Major Category: Gift Card,
20260809,5166: Jeffersonville OH,Tender: Door Dash,
20260809,5166: Jeffersonville OH,Tender: Doordash Banda Burrito,
20260809,5166: Jeffersonville OH,Tender: Doordash VRB,
20260809,5166: Jeffersonville OH,Tender: Doordash VRM,
20260809,5166: Jeffersonville OH,Tender: Doordash Nathans,
20260809,5166: Jeffersonville OH,Credit Tips Received,405.28
20260809,5166: Jeffersonville OH,Tender: Uber Eats,
20260809,5166: Jeffersonville OH,Tender: Uber Eats Banda Burrito,
20260809,5166: Jeffersonville OH,Tender: Uber Eats VR,
20260809,5166: Jeffersonville OH,Tender: Uber Eats VRM,
20260809,5166: Jeffersonville OH,Tender: Uber Eats Nathans,
20260809,5166: Jeffersonville OH,Tender: Grub Hub,
20260809,5166: Jeffersonville OH,Tender: Grubhub Banda Burrito,
20260809,5166: Jeffersonville OH,Tender: Grubhub VRB,
20260809,5166: Jeffersonville OH,Tender: Grubhub VRM,
20260809,5166: Jeffersonville OH,Tender: QR Pay,
20260809,5166: Jeffersonville OH,Tender: Online,
20260809,5166: Jeffersonville OH,Tender: Master Card,1045.52
20260809,5166: Jeffersonville OH,Tender: Visa,1923.48
20260809,5166: Jeffersonville OH,Tender: Discover,101.90
20260809,5166: Jeffersonville OH,Tender: Debit,81.00
20260809,5166: Jeffersonville OH,Tender: American Express,41.03
20260809,5166: Jeffersonville OH,Tender: Gift Card,0.38
20260809,5166: Jeffersonville OH,Tender: Cash,885.09
20260809,5166: Jeffersonville OH,Credit Tips Paid,482.15
20260809,5166: Jeffersonville OH,Cash Paid Outs - Non Adjusting,
20260809,5166: Jeffersonville OH,Cash Paid Outs - Sales Adjusting,
20260809,5166: Jeffersonville OH,Online Gross Sales,
20260809,5167: Elizabethtown KY,Net Sales,4708.07
20260809,5167: Elizabethtown KY,Total Sales Tax,382.26
20260809,5167: Elizabethtown KY,Total Discounts,126.91
20260809,5167: Elizabethtown KY,Major Category: Gift Card,
20260809,5167: Elizabethtown KY,Tender: Door Dash,639.73
20260809,5167: Elizabethtown KY,Tender: Doordash Banda Burrito,
20260809,5167: Elizabethtown KY,Tender: Doordash VRB,51.73
20260809,5167: Elizabethtown KY,Tender: Doordash VRM,66.77
20260809,5167: Elizabethtown KY,Tender: Doordash Nathans,
20260809,5167: Elizabethtown KY,Credit Tips Received,405.70
20260809,5167: Elizabethtown KY,Tender: Uber Eats,35.32
20260809,5167: Elizabethtown KY,Tender: Uber Eats Banda Burrito,
20260809,5167: Elizabethtown KY,Tender: Uber Eats VR,
20260809,5167: Elizabethtown KY,Tender: Uber Eats VRM,
20260809,5167: Elizabethtown KY,Tender: Uber Eats Nathans,
20260809,5167: Elizabethtown KY,Tender: Grub Hub,
20260809,5167: Elizabethtown KY,Tender: Grubhub Banda Burrito,
20260809,5167: Elizabethtown KY,Tender: Grubhub VRB,
20260809,5167: Elizabethtown KY,Tender: Grubhub VRM,
20260809,5167: Elizabethtown KY,Tender: QR Pay,
20260809,5167: Elizabethtown KY,Tender: Online,64.28
20260809,5167: Elizabethtown KY,Tender: Master Card,497.21
20260809,5167: Elizabethtown KY,Tender: Visa,1805.78
20260809,5167: Elizabethtown KY,Tender: Discover,46.64
20260809,5167: Elizabethtown KY,Tender: Debit,1145.21
20260809,5167: Elizabethtown KY,Tender: American Express,52.64
20260809,5167: Elizabethtown KY,Tender: Gift Card,50.00
20260809,5167: Elizabethtown KY,Tender: Cash,1040.72
20260809,5167: Elizabethtown KY,Credit Tips Paid,427.48
20260809,5167: Elizabethtown KY,Cash Paid Outs - Non Adjusting,
20260809,5167: Elizabethtown KY,Cash Paid Outs - Sales Adjusting,
20260809,5167: Elizabethtown KY,Online Gross Sales,62.24
20260809,5168: Catlettsburg KY,Net Sales,2847.90
20260809,5168: Catlettsburg KY,Total Sales Tax,170.89
20260809,5168: Catlettsburg KY,Total Discounts,60.67
20260809,5168: Catlettsburg KY,Major Category: Gift Card,
20260809,5168: Catlettsburg KY,Tender: Door Dash,66.66
20260809,5168: Catlettsburg KY,Tender: Doordash Banda Burrito,
20260809,5168: Catlettsburg KY,Tender: Doordash VRB,
20260809,5168: Catlettsburg KY,Tender: Doordash VRM,
20260809,5168: Catlettsburg KY,Tender: Doordash Nathans,
20260809,5168: Catlettsburg KY,Credit Tips Received,316.77
20260809,5168: Catlettsburg KY,Tender: Uber Eats,
20260809,5168: Catlettsburg KY,Tender: Uber Eats Banda Burrito,
20260809,5168: Catlettsburg KY,Tender: Uber Eats VR,
20260809,5168: Catlettsburg KY,Tender: Uber Eats VRM,
20260809,5168: Catlettsburg KY,Tender: Uber Eats Nathans,
20260809,5168: Catlettsburg KY,Tender: Grub Hub,
20260809,5168: Catlettsburg KY,Tender: Grubhub Banda Burrito,
20260809,5168: Catlettsburg KY,Tender: Grubhub VRB,
20260809,5168: Catlettsburg KY,Tender: Grubhub VRM,
20260809,5168: Catlettsburg KY,Tender: QR Pay,
20260809,5168: Catlettsburg KY,Tender: Online,89.10
20260809,5168: Catlettsburg KY,Tender: Master Card,506.88
20260809,5168: Catlettsburg KY,Tender: Visa,1248.26
20260809,5168: Catlettsburg KY,Tender: Discover,82.32
20260809,5168: Catlettsburg KY,Tender: Debit,636.58
20260809,5168: Catlettsburg KY,Tender: American Express,
20260809,5168: Catlettsburg KY,Tender: Gift Card,
20260809,5168: Catlettsburg KY,Tender: Cash,705.76
20260809,5168: Catlettsburg KY,Credit Tips Paid,443.64
20260809,5168: Catlettsburg KY,Cash Paid Outs - Non Adjusting,58.53
20260809,5168: Catlettsburg KY,Cash Paid Outs - Sales Adjusting,
20260809,5168: Catlettsburg KY,Online Gross Sales,89.71
20260809,5169: Columbus OH,Net Sales,2112.19
20260809,5169: Columbus OH,Total Sales Tax,157.37
20260809,5169: Columbus OH,Total Discounts,68.90
20260809,5169: Columbus OH,Major Category: Gift Card,
20260809,5169: Columbus OH,Tender: Door Dash,
20260809,5169: Columbus OH,Tender: Doordash Banda Burrito,
20260809,5169: Columbus OH,Tender: Doordash VRB,
20260809,5169: Columbus OH,Tender: Doordash VRM,
20260809,5169: Columbus OH,Tender: Doordash Nathans,
20260809,5169: Columbus OH,Credit Tips Received,263.81
20260809,5169: Columbus OH,Tender: Uber Eats,
20260809,5169: Columbus OH,Tender: Uber Eats Banda Burrito,
20260809,5169: Columbus OH,Tender: Uber Eats VR,
20260809,5169: Columbus OH,Tender: Uber Eats VRM,
20260809,5169: Columbus OH,Tender: Uber Eats Nathans,
20260809,5169: Columbus OH,Tender: Grub Hub,
20260809,5169: Columbus OH,Tender: Grubhub Banda Burrito,
20260809,5169: Columbus OH,Tender: Grubhub VRB,
20260809,5169: Columbus OH,Tender: Grubhub VRM,
20260809,5169: Columbus OH,Tender: QR Pay,
20260809,5169: Columbus OH,Tender: Online,
20260809,5169: Columbus OH,Tender: Master Card,322.34
20260809,5169: Columbus OH,Tender: Visa,853.70
20260809,5169: Columbus OH,Tender: Discover,65.50
20260809,5169: Columbus OH,Tender: Debit,686.69
20260809,5169: Columbus OH,Tender: American Express,170.39
20260809,5169: Columbus OH,Tender: Gift Card,
20260809,5169: Columbus OH,Tender: Cash,434.75
20260809,5169: Columbus OH,Credit Tips Paid,354.29
20260809,5169: Columbus OH,Cash Paid Outs - Non Adjusting,
20260809,5169: Columbus OH,Cash Paid Outs - Sales Adjusting,
20260809,5169: Columbus OH,Online Gross Sales,
20260809,7401: Youngstown OH,Net Sales,1512.36
20260809,7401: Youngstown OH,Total Sales Tax,50.80
20260809,7401: Youngstown OH,Total Discounts,41.62
20260809,7401: Youngstown OH,Major Category: Gift Card,
20260809,7401: Youngstown OH,Tender: Door Dash,371.73
20260809,7401: Youngstown OH,Tender: Doordash Banda Burrito,34.05
20260809,7401: Youngstown OH,Tender: Doordash VRB,
20260809,7401: Youngstown OH,Tender: Doordash VRM,46.87
20260809,7401: Youngstown OH,Tender: Doordash Nathans,33.95
20260809,7401: Youngstown OH,Credit Tips Received,89.15
20260809,7401: Youngstown OH,Tender: Uber Eats,32.26
20260809,7401: Youngstown OH,Tender: Uber Eats Banda Burrito,40.97
20260809,7401: Youngstown OH,Tender: Uber Eats VR,
20260809,7401: Youngstown OH,Tender: Uber Eats VRM,
20260809,7401: Youngstown OH,Tender: Uber Eats Nathans,
20260809,7401: Youngstown OH,Tender: Grub Hub,
20260809,7401: Youngstown OH,Tender: Grubhub Banda Burrito,
20260809,7401: Youngstown OH,Tender: Grubhub VRB,
20260809,7401: Youngstown OH,Tender: Grubhub VRM,
20260809,7401: Youngstown OH,Tender: QR Pay,
20260809,7401: Youngstown OH,Tender: Online,121.59
20260809,7401: Youngstown OH,Tender: Master Card,90.51
20260809,7401: Youngstown OH,Tender: Visa,89.95
20260809,7401: Youngstown OH,Tender: Discover,
20260809,7401: Youngstown OH,Tender: Debit,518.66
20260809,7401: Youngstown OH,Tender: American Express,
20260809,7401: Youngstown OH,Tender: Gift Card,
20260809,7401: Youngstown OH,Tender: Cash,271.77
20260809,7401: Youngstown OH,Credit Tips Paid,89.15
20260809,7401: Youngstown OH,Cash Paid Outs - Non Adjusting,
20260809,7401: Youngstown OH,Cash Paid Outs - Sales Adjusting,
20260809,7401: Youngstown OH,Online Gross Sales,123.47
20260809,9690: Marietta OH,Net Sales,2955.09
20260809,9690: Marietta OH,Total Sales Tax,193.06
20260809,9690: Marietta OH,Total Discounts,100.69
20260809,9690: Marietta OH,Major Category: Gift Card,
20260809,9690: Marietta OH,Tender: Door Dash,20.38
20260809,9690: Marietta OH,Tender: Doordash Banda Burrito,
20260809,9690: Marietta OH,Tender: Doordash VRB,19.57
20260809,9690: Marietta OH,Tender: Doordash VRM,
20260809,9690: Marietta OH,Tender: Doordash Nathans,
20260809,9690: Marietta OH,Credit Tips Received,299.06
20260809,9690: Marietta OH,Tender: Uber Eats,
20260809,9690: Marietta OH,Tender: Uber Eats Banda Burrito,
20260809,9690: Marietta OH,Tender: Uber Eats VR,
20260809,9690: Marietta OH,Tender: Uber Eats VRM,
20260809,9690: Marietta OH,Tender: Uber Eats Nathans,
20260809,9690: Marietta OH,Tender: Grub Hub,
20260809,9690: Marietta OH,Tender: Grubhub Banda Burrito,
20260809,9690: Marietta OH,Tender: Grubhub VRB,
20260809,9690: Marietta OH,Tender: Grubhub VRM,
20260809,9690: Marietta OH,Tender: QR Pay,479.98
20260809,9690: Marietta OH,Tender: Online,114.90
20260809,9690: Marietta OH,Tender: Master Card,161.03
20260809,9690: Marietta OH,Tender: Visa,683.12
20260809,9690: Marietta OH,Tender: Discover,45.87
20260809,9690: Marietta OH,Tender: Debit,1235.06
20260809,9690: Marietta OH,Tender: American Express,
20260809,9690: Marietta OH,Tender: Gift Card,24.94
20260809,9690: Marietta OH,Tender: Cash,662.36
20260809,9690: Marietta OH,Credit Tips Paid,299.06
20260809,9690: Marietta OH,Cash Paid Outs - Non Adjusting,
20260809,9690: Marietta OH,Cash Paid Outs - Sales Adjusting,
20260809,9690: Marietta OH,Online Gross Sales,
20260809,9697: Findlay OH,Net Sales,5394.85
20260809,9697: Findlay OH,Total Sales Tax,328.47
20260809,9697: Findlay OH,Total Discounts,164.38
20260809,9697: Findlay OH,Major Category: Gift Card,
20260809,9697: Findlay OH,Tender: Door Dash,387.01
20260809,9697: Findlay OH,Tender: Doordash Banda Burrito,
20260809,9697: Findlay OH,Tender: Doordash VRB,110.24
20260809,9697: Findlay OH,Tender: Doordash VRM,107.91
20260809,9697: Findlay OH,Tender: Doordash Nathans,
20260809,9697: Findlay OH,Credit Tips Received,469.25
20260809,9697: Findlay OH,Tender: Uber Eats,17.19
20260809,9697: Findlay OH,Tender: Uber Eats Banda Burrito,
20260809,9697: Findlay OH,Tender: Uber Eats VR,
20260809,9697: Findlay OH,Tender: Uber Eats VRM,
20260809,9697: Findlay OH,Tender: Uber Eats Nathans,
20260809,9697: Findlay OH,Tender: Grub Hub,
20260809,9697: Findlay OH,Tender: Grubhub Banda Burrito,
20260809,9697: Findlay OH,Tender: Grubhub VRB,
20260809,9697: Findlay OH,Tender: Grubhub VRM,
20260809,9697: Findlay OH,Tender: QR Pay,359.18
20260809,9697: Findlay OH,Tender: Online,103.55
20260809,9697: Findlay OH,Tender: Master Card,796.72
20260809,9697: Findlay OH,Tender: Visa,949.48
20260809,9697: Findlay OH,Tender: Discover,210.84
20260809,9697: Findlay OH,Tender: Debit,1765.97
20260809,9697: Findlay OH,Tender: American Express,88.68
20260809,9697: Findlay OH,Tender: Gift Card,43.81
20260809,9697: Findlay OH,Tender: Cash,1251.99
20260809,9697: Findlay OH,Credit Tips Paid,469.25
20260809,9697: Findlay OH,Cash Paid Outs - Non Adjusting,39.33
20260809,9697: Findlay OH,Cash Paid Outs - Sales Adjusting,
20260809,9697: Findlay OH,Online Gross Sales,
20260810,5164: Berkshire OH,Net Sales,2612.71
20260810,5164: Berkshire OH,Total Sales Tax,147.67
20260810,5164: Berkshire OH,Total Discounts,46.05
20260810,5164: Berkshire OH,Major Category: Gift Card,
20260810,5164: Berkshire OH,Tender: Door Dash,44.35
20260810,5164: Berkshire OH,Tender: Doordash Banda Burrito,
20260810,5164: Berkshire OH,Tender: Doordash VRB,89.19
20260810,5164: Berkshire OH,Tender: Doordash VRM,
20260810,5164: Berkshire OH,Tender: Doordash Nathans,
20260810,5164: Berkshire OH,Credit Tips Received,286.36
20260810,5164: Berkshire OH,Tender: Uber Eats,162.11
20260810,5164: Berkshire OH,Tender: Uber Eats Banda Burrito,
20260810,5164: Berkshire OH,Tender: Uber Eats VR,
20260810,5164: Berkshire OH,Tender: Uber Eats VRM,
20260810,5164: Berkshire OH,Tender: Uber Eats Nathans,
20260810,5164: Berkshire OH,Tender: Grub Hub,
20260810,5164: Berkshire OH,Tender: Grubhub Banda Burrito,
20260810,5164: Berkshire OH,Tender: Grubhub VRB,
20260810,5164: Berkshire OH,Tender: Grubhub VRM,
20260810,5164: Berkshire OH,Tender: QR Pay,
20260810,5164: Berkshire OH,Tender: Online,117.61
20260810,5164: Berkshire OH,Tender: Master Card,565.60
20260810,5164: Berkshire OH,Tender: Visa,992.58
20260810,5164: Berkshire OH,Tender: Discover,22.44
20260810,5164: Berkshire OH,Tender: Debit,441.53
20260810,5164: Berkshire OH,Tender: American Express,
20260810,5164: Berkshire OH,Tender: Gift Card,7.53
20260810,5164: Berkshire OH,Tender: Cash,603.80
20260810,5164: Berkshire OH,Credit Tips Paid,488.09
20260810,5164: Berkshire OH,Cash Paid Outs - Non Adjusting,
20260810,5164: Berkshire OH,Cash Paid Outs - Sales Adjusting,
20260810,5164: Berkshire OH,Online Gross Sales,114.34
20260810,5165: Perrysburg OH,Net Sales,2009.63
20260810,5165: Perrysburg OH,Total Sales Tax,114.59
20260810,5165: Perrysburg OH,Total Discounts,66.36
20260810,5165: Perrysburg OH,Major Category: Gift Card,
20260810,5165: Perrysburg OH,Tender: Door Dash,70.03
20260810,5165: Perrysburg OH,Tender: Doordash Banda Burrito,
20260810,5165: Perrysburg OH,Tender: Doordash VRB,
20260810,5165: Perrysburg OH,Tender: Doordash VRM,
20260810,5165: Perrysburg OH,Tender: Doordash Nathans,
20260810,5165: Perrysburg OH,Credit Tips Received,251.71
20260810,5165: Perrysburg OH,Tender: Uber Eats,25.65
20260810,5165: Perrysburg OH,Tender: Uber Eats Banda Burrito,
20260810,5165: Perrysburg OH,Tender: Uber Eats VR,
20260810,5165: Perrysburg OH,Tender: Uber Eats VRM,
20260810,5165: Perrysburg OH,Tender: Uber Eats Nathans,
20260810,5165: Perrysburg OH,Tender: Grub Hub,
20260810,5165: Perrysburg OH,Tender: Grubhub Banda Burrito,
20260810,5165: Perrysburg OH,Tender: Grubhub VRB,
20260810,5165: Perrysburg OH,Tender: Grubhub VRM,
20260810,5165: Perrysburg OH,Tender: QR Pay,
20260810,5165: Perrysburg OH,Tender: Online,42.43
20260810,5165: Perrysburg OH,Tender: Master Card,545.02
20260810,5165: Perrysburg OH,Tender: Visa,735.14
20260810,5165: Perrysburg OH,Tender: Discover,37.50
20260810,5165: Perrysburg OH,Tender: Debit,329.06
20260810,5165: Perrysburg OH,Tender: American Express,
20260810,5165: Perrysburg OH,Tender: Gift Card,
20260810,5165: Perrysburg OH,Tender: Cash,591.10
20260810,5165: Perrysburg OH,Credit Tips Paid,259.10
20260810,5165: Perrysburg OH,Cash Paid Outs - Non Adjusting,
20260810,5165: Perrysburg OH,Cash Paid Outs - Sales Adjusting,
20260810,5165: Perrysburg OH,Online Gross Sales,39.43
20260810,5166: Jeffersonville OH,Net Sales,2388.61
20260810,5166: Jeffersonville OH,Total Sales Tax,142.34
20260810,5166: Jeffersonville OH,Total Discounts,95.28
20260810,5166: Jeffersonville OH,Major Category: Gift Card,
20260810,5166: Jeffersonville OH,Tender: Door Dash,
20260810,5166: Jeffersonville OH,Tender: Doordash Banda Burrito,
20260810,5166: Jeffersonville OH,Tender: Doordash VRB,20.17
20260810,5166: Jeffersonville OH,Tender: Doordash VRM,
20260810,5166: Jeffersonville OH,Tender: Doordash Nathans,
20260810,5166: Jeffersonville OH,Credit Tips Received,333.54
20260810,5166: Jeffersonville OH,Tender: Uber Eats,
20260810,5166: Jeffersonville OH,Tender: Uber Eats Banda Burrito,
20260810,5166: Jeffersonville OH,Tender: Uber Eats VR,
20260810,5166: Jeffersonville OH,Tender: Uber Eats VRM,
20260810,5166: Jeffersonville OH,Tender: Uber Eats Nathans,
20260810,5166: Jeffersonville OH,Tender: Grub Hub,
20260810,5166: Jeffersonville OH,Tender: Grubhub Banda Burrito,
20260810,5166: Jeffersonville OH,Tender: Grubhub VRB,
20260810,5166: Jeffersonville OH,Tender: Grubhub VRM,
20260810,5166: Jeffersonville OH,Tender: QR Pay,
20260810,5166: Jeffersonville OH,Tender: Online,108.26
20260810,5166: Jeffersonville OH,Tender: Master Card,605.27
20260810,5166: Jeffersonville OH,Tender: Visa,1125.93
20260810,5166: Jeffersonville OH,Tender: Discover,
20260810,5166: Jeffersonville OH,Tender: Debit,473.31
20260810,5166: Jeffersonville OH,Tender: American Express,43.38
20260810,5166: Jeffersonville OH,Tender: Gift Card,
20260810,5166: Jeffersonville OH,Tender: Cash,488.17
20260810,5166: Jeffersonville OH,Credit Tips Paid,329.76
20260810,5166: Jeffersonville OH,Cash Paid Outs - Non Adjusting,
20260810,5166: Jeffersonville OH,Cash Paid Outs - Sales Adjusting,
20260810,5166: Jeffersonville OH,Online Gross Sales,100.15
20260810,5167: Elizabethtown KY,Net Sales,1955.06
20260810,5167: Elizabethtown KY,Total Sales Tax,158.76
20260810,5167: Elizabethtown KY,Total Discounts,93.00
20260810,5167: Elizabethtown KY,Major Category: Gift Card,
20260810,5167: Elizabethtown KY,Tender: Door Dash,62.40
20260810,5167: Elizabethtown KY,Tender: Doordash Banda Burrito,
20260810,5167: Elizabethtown KY,Tender: Doordash VRB,
20260810,5167: Elizabethtown KY,Tender: Doordash VRM,21.40
20260810,5167: Elizabethtown KY,Tender: Doordash Nathans,
20260810,5167: Elizabethtown KY,Credit Tips Received,192.89
20260810,5167: Elizabethtown KY,Tender: Uber Eats,
20260810,5167: Elizabethtown KY,Tender: Uber Eats Banda Burrito,
20260810,5167: Elizabethtown KY,Tender: Uber Eats VR,
20260810,5167: Elizabethtown KY,Tender: Uber Eats VRM,
20260810,5167: Elizabethtown KY,Tender: Uber Eats Nathans,
20260810,5167: Elizabethtown KY,Tender: Grub Hub,
20260810,5167: Elizabethtown KY,Tender: Grubhub Banda Burrito,
20260810,5167: Elizabethtown KY,Tender: Grubhub VRB,
20260810,5167: Elizabethtown KY,Tender: Grubhub VRM,
20260810,5167: Elizabethtown KY,Tender: QR Pay,
20260810,5167: Elizabethtown KY,Tender: Online,33.23
20260810,5167: Elizabethtown KY,Tender: Master Card,342.32
20260810,5167: Elizabethtown KY,Tender: Visa,857.30
20260810,5167: Elizabethtown KY,Tender: Discover,29.90
20260810,5167: Elizabethtown KY,Tender: Debit,315.43
20260810,5167: Elizabethtown KY,Tender: American Express,59.93
20260810,5167: Elizabethtown KY,Tender: Gift Card,15.75
20260810,5167: Elizabethtown KY,Tender: Cash,569.05
20260810,5167: Elizabethtown KY,Credit Tips Paid,188.46
20260810,5167: Elizabethtown KY,Cash Paid Outs - Non Adjusting,
20260810,5167: Elizabethtown KY,Cash Paid Outs - Sales Adjusting,
20260810,5167: Elizabethtown KY,Online Gross Sales,29.47
20260810,5168: Catlettsburg KY,Net Sales,1639.20
20260810,5168: Catlettsburg KY,Total Sales Tax,98.36
20260810,5168: Catlettsburg KY,Total Discounts,29.69
20260810,5168: Catlettsburg KY,Major Category: Gift Card,
20260810,5168: Catlettsburg KY,Tender: Door Dash,42.99
20260810,5168: Catlettsburg KY,Tender: Doordash Banda Burrito,
20260810,5168: Catlettsburg KY,Tender: Doordash VRB,
20260810,5168: Catlettsburg KY,Tender: Doordash VRM,
20260810,5168: Catlettsburg KY,Tender: Doordash Nathans,
20260810,5168: Catlettsburg KY,Credit Tips Received,165.04
20260810,5168: Catlettsburg KY,Tender: Uber Eats,32.09
20260810,5168: Catlettsburg KY,Tender: Uber Eats Banda Burrito,
20260810,5168: Catlettsburg KY,Tender: Uber Eats VR,
20260810,5168: Catlettsburg KY,Tender: Uber Eats VRM,
20260810,5168: Catlettsburg KY,Tender: Uber Eats Nathans,
20260810,5168: Catlettsburg KY,Tender: Grub Hub,
20260810,5168: Catlettsburg KY,Tender: Grubhub Banda Burrito,
20260810,5168: Catlettsburg KY,Tender: Grubhub VRB,
20260810,5168: Catlettsburg KY,Tender: Grubhub VRM,
20260810,5168: Catlettsburg KY,Tender: QR Pay,
20260810,5168: Catlettsburg KY,Tender: Online,38.78
20260810,5168: Catlettsburg KY,Tender: Master Card,192.39
20260810,5168: Catlettsburg KY,Tender: Visa,652.41
20260810,5168: Catlettsburg KY,Tender: Discover,136.65
20260810,5168: Catlettsburg KY,Tender: Debit,331.19
20260810,5168: Catlettsburg KY,Tender: American Express,
20260810,5168: Catlettsburg KY,Tender: Gift Card,
20260810,5168: Catlettsburg KY,Tender: Cash,476.10
20260810,5168: Catlettsburg KY,Credit Tips Paid,149.33
20260810,5168: Catlettsburg KY,Cash Paid Outs - Non Adjusting,97.91
20260810,5168: Catlettsburg KY,Cash Paid Outs - Sales Adjusting,
20260810,5168: Catlettsburg KY,Online Gross Sales,34.45
20260810,5169: Columbus OH,Net Sales,
20260810,5169: Columbus OH,Total Sales Tax,
20260810,5169: Columbus OH,Total Discounts,
20260810,5169: Columbus OH,Major Category: Gift Card,
20260810,5169: Columbus OH,Tender: Door Dash,
20260810,5169: Columbus OH,Tender: Doordash Banda Burrito,
20260810,5169: Columbus OH,Tender: Doordash VRB,
20260810,5169: Columbus OH,Tender: Doordash VRM,
20260810,5169: Columbus OH,Tender: Doordash Nathans,
20260810,5169: Columbus OH,Credit Tips Received,
20260810,5169: Columbus OH,Tender: Uber Eats,
20260810,5169: Columbus OH,Tender: Uber Eats Banda Burrito,
20260810,5169: Columbus OH,Tender: Uber Eats VR,
20260810,5169: Columbus OH,Tender: Uber Eats VRM,
20260810,5169: Columbus OH,Tender: Uber Eats Nathans,
20260810,5169: Columbus OH,Tender: Grub Hub,
20260810,5169: Columbus OH,Tender: Grubhub Banda Burrito,
20260810,5169: Columbus OH,Tender: Grubhub VRB,
20260810,5169: Columbus OH,Tender: Grubhub VRM,
20260810,5169: Columbus OH,Tender: QR Pay,
20260810,5169: Columbus OH,Tender: Online,
20260810,5169: Columbus OH,Tender: Master Card,
20260810,5169: Columbus OH,Tender: Visa,
20260810,5169: Columbus OH,Tender: Discover,
20260810,5169: Columbus OH,Tender: Debit,
20260810,5169: Columbus OH,Tender: American Express,
20260810,5169: Columbus OH,Tender: Gift Card,
20260810,5169: Columbus OH,Tender: Cash,
20260810,5169: Columbus OH,Credit Tips Paid,
20260810,5169: Columbus OH,Cash Paid Outs - Non Adjusting,
20260810,5169: Columbus OH,Cash Paid Outs - Sales Adjusting,
20260810,5169: Columbus OH,Online Gross Sales,
20260810,7401: Youngstown OH,Net Sales,2244.01
20260810,7401: Youngstown OH,Total Sales Tax,93.77
20260810,7401: Youngstown OH,Total Discounts,97.72
20260810,7401: Youngstown OH,Major Category: Gift Card,
20260810,7401: Youngstown OH,Tender: Door Dash,223.60
20260810,7401: Youngstown OH,Tender: Doordash Banda Burrito,25.73
20260810,7401: Youngstown OH,Tender: Doordash VRB,
20260810,7401: Youngstown OH,Tender: Doordash VRM,69.23
20260810,7401: Youngstown OH,Tender: Doordash Nathans,30.47
20260810,7401: Youngstown OH,Credit Tips Received,126.96
20260810,7401: Youngstown OH,Tender: Uber Eats,30.26
20260810,7401: Youngstown OH,Tender: Uber Eats Banda Burrito,
20260810,7401: Youngstown OH,Tender: Uber Eats VR,
20260810,7401: Youngstown OH,Tender: Uber Eats VRM,
20260810,7401: Youngstown OH,Tender: Uber Eats Nathans,
20260810,7401: Youngstown OH,Tender: Grub Hub,86.69
20260810,7401: Youngstown OH,Tender: Grubhub Banda Burrito,
20260810,7401: Youngstown OH,Tender: Grubhub VRB,
20260810,7401: Youngstown OH,Tender: Grubhub VRM,34.08
20260810,7401: Youngstown OH,Tender: QR Pay,
20260810,7401: Youngstown OH,Tender: Online,122.27
20260810,7401: Youngstown OH,Tender: Master Card,234.22
20260810,7401: Youngstown OH,Tender: Visa,262.50
20260810,7401: Youngstown OH,Tender: Discover,32.16
20260810,7401: Youngstown OH,Tender: Debit,633.60
20260810,7401: Youngstown OH,Tender: American Express,
20260810,7401: Youngstown OH,Tender: Gift Card,
20260810,7401: Youngstown OH,Tender: Cash,679.93
20260810,7401: Youngstown OH,Credit Tips Paid,126.96
20260810,7401: Youngstown OH,Cash Paid Outs - Non Adjusting,
20260810,7401: Youngstown OH,Cash Paid Outs - Sales Adjusting,
20260810,7401: Youngstown OH,Online Gross Sales,125.93
20260810,9690: Marietta OH,Net Sales,1412.00
20260810,9690: Marietta OH,Total Sales Tax,75.59
20260810,9690: Marietta OH,Total Discounts,110.28
20260810,9690: Marietta OH,Major Category: Gift Card,
20260810,9690: Marietta OH,Tender: Door Dash,181.64
20260810,9690: Marietta OH,Tender: Doordash Banda Burrito,
20260810,9690: Marietta OH,Tender: Doordash VRB,34.95
20260810,9690: Marietta OH,Tender: Doordash VRM,
20260810,9690: Marietta OH,Tender: Doordash Nathans,
20260810,9690: Marietta OH,Credit Tips Received,74.57
20260810,9690: Marietta OH,Tender: Uber Eats,
20260810,9690: Marietta OH,Tender: Uber Eats Banda Burrito,
20260810,9690: Marietta OH,Tender: Uber Eats VR,
20260810,9690: Marietta OH,Tender: Uber Eats VRM,
20260810,9690: Marietta OH,Tender: Uber Eats Nathans,
20260810,9690: Marietta OH,Tender: Grub Hub,21.18
20260810,9690: Marietta OH,Tender: Grubhub Banda Burrito,
20260810,9690: Marietta OH,Tender: Grubhub VRB,
20260810,9690: Marietta OH,Tender: Grubhub VRM,
20260810,9690: Marietta OH,Tender: QR Pay,
20260810,9690: Marietta OH,Tender: Online,16.23
20260810,9690: Marietta OH,Tender: Master Card,163.10
20260810,9690: Marietta OH,Tender: Visa,280.87
20260810,9690: Marietta OH,Tender: Discover,46.30
20260810,9690: Marietta OH,Tender: Debit,266.02
20260810,9690: Marietta OH,Tender: American Express,
20260810,9690: Marietta OH,Tender: Gift Card,26.15
20260810,9690: Marietta OH,Tender: Cash,525.72
20260810,9690: Marietta OH,Credit Tips Paid,50.57
20260810,9690: Marietta OH,Cash Paid Outs - Non Adjusting,
20260810,9690: Marietta OH,Cash Paid Outs - Sales Adjusting,
20260810,9690: Marietta OH,Online Gross Sales,
20260810,9697: Findlay OH,Net Sales,2796.13
20260810,9697: Findlay OH,Total Sales Tax,156.29
20260810,9697: Findlay OH,Total Discounts,66.45
20260810,9697: Findlay OH,Major Category: Gift Card,
20260810,9697: Findlay OH,Tender: Door Dash,279.49
20260810,9697: Findlay OH,Tender: Doordash Banda Burrito,
20260810,9697: Findlay OH,Tender: Doordash VRB,75.10
20260810,9697: Findlay OH,Tender: Doordash VRM,154.48
20260810,9697: Findlay OH,Tender: Doordash Nathans,
20260810,9697: Findlay OH,Credit Tips Received,211.08
20260810,9697: Findlay OH,Tender: Uber Eats,
20260810,9697: Findlay OH,Tender: Uber Eats Banda Burrito,
20260810,9697: Findlay OH,Tender: Uber Eats VR,
20260810,9697: Findlay OH,Tender: Uber Eats VRM,
20260810,9697: Findlay OH,Tender: Uber Eats Nathans,
20260810,9697: Findlay OH,Tender: Grub Hub,
20260810,9697: Findlay OH,Tender: Grubhub Banda Burrito,
20260810,9697: Findlay OH,Tender: Grubhub VRB,
20260810,9697: Findlay OH,Tender: Grubhub VRM,
20260810,9697: Findlay OH,Tender: QR Pay,89.83
20260810,9697: Findlay OH,Tender: Online,85.81
20260810,9697: Findlay OH,Tender: Master Card,431.57
20260810,9697: Findlay OH,Tender: Visa,456.78
20260810,9697: Findlay OH,Tender: Discover,
20260810,9697: Findlay OH,Tender: Debit,721.68
20260810,9697: Findlay OH,Tender: American Express,71.23
20260810,9697: Findlay OH,Tender: Gift Card,25.00
20260810,9697: Findlay OH,Tender: Cash,772.53
20260810,9697: Findlay OH,Credit Tips Paid,212.53
20260810,9697: Findlay OH,Cash Paid Outs - Non Adjusting,
20260810,9697: Findlay OH,Cash Paid Outs - Sales Adjusting,
20260810,9697: Findlay OH,Online Gross Sales,
20260811,5164: Berkshire OH,Net Sales,2682.49
20260811,5164: Berkshire OH,Total Sales Tax,140.81
20260811,5164: Berkshire OH,Total Discounts,64.75
20260811,5164: Berkshire OH,Major Category: Gift Card,
20260811,5164: Berkshire OH,Tender: Door Dash,12.78
20260811,5164: Berkshire OH,Tender: Doordash Banda Burrito,
20260811,5164: Berkshire OH,Tender: Doordash VRB,49.74
20260811,5164: Berkshire OH,Tender: Doordash VRM,
20260811,5164: Berkshire OH,Tender: Doordash Nathans,
20260811,5164: Berkshire OH,Credit Tips Received,306.36
20260811,5164: Berkshire OH,Tender: Uber Eats,106.60
20260811,5164: Berkshire OH,Tender: Uber Eats Banda Burrito,
20260811,5164: Berkshire OH,Tender: Uber Eats VR,
20260811,5164: Berkshire OH,Tender: Uber Eats VRM,
20260811,5164: Berkshire OH,Tender: Uber Eats Nathans,
20260811,5164: Berkshire OH,Tender: Grub Hub,51.15
20260811,5164: Berkshire OH,Tender: Grubhub Banda Burrito,
20260811,5164: Berkshire OH,Tender: Grubhub VRB,
20260811,5164: Berkshire OH,Tender: Grubhub VRM,
20260811,5164: Berkshire OH,Tender: QR Pay,
20260811,5164: Berkshire OH,Tender: Online,103.21
20260811,5164: Berkshire OH,Tender: Master Card,497.32
20260811,5164: Berkshire OH,Tender: Visa,1039.42
20260811,5164: Berkshire OH,Tender: Discover,88.08
20260811,5164: Berkshire OH,Tender: Debit,557.77
20260811,5164: Berkshire OH,Tender: American Express,66.20
20260811,5164: Berkshire OH,Tender: Gift Card,
20260811,5164: Berkshire OH,Tender: Cash,557.39
20260811,5164: Berkshire OH,Credit Tips Paid,398.68
20260811,5164: Berkshire OH,Cash Paid Outs - Non Adjusting,37.21
20260811,5164: Berkshire OH,Cash Paid Outs - Sales Adjusting,
20260811,5164: Berkshire OH,Online Gross Sales,103.22
20260811,5165: Perrysburg OH,Net Sales,2299.75
20260811,5165: Perrysburg OH,Total Sales Tax,118.12
20260811,5165: Perrysburg OH,Total Discounts,84.30
20260811,5165: Perrysburg OH,Major Category: Gift Card,
20260811,5165: Perrysburg OH,Tender: Door Dash,62.13
20260811,5165: Perrysburg OH,Tender: Doordash Banda Burrito,
20260811,5165: Perrysburg OH,Tender: Doordash VRB,
20260811,5165: Perrysburg OH,Tender: Doordash VRM,
20260811,5165: Perrysburg OH,Tender: Doordash Nathans,
20260811,5165: Perrysburg OH,Credit Tips Received,334.04
20260811,5165: Perrysburg OH,Tender: Uber Eats,40.46
20260811,5165: Perrysburg OH,Tender: Uber Eats Banda Burrito,
20260811,5165: Perrysburg OH,Tender: Uber Eats VR,
20260811,5165: Perrysburg OH,Tender: Uber Eats VRM,
20260811,5165: Perrysburg OH,Tender: Uber Eats Nathans,
20260811,5165: Perrysburg OH,Tender: Grub Hub,
20260811,5165: Perrysburg OH,Tender: Grubhub Banda Burrito,
20260811,5165: Perrysburg OH,Tender: Grubhub VRB,
20260811,5165: Perrysburg OH,Tender: Grubhub VRM,
20260811,5165: Perrysburg OH,Tender: QR Pay,
20260811,5165: Perrysburg OH,Tender: Online,149.83
20260811,5165: Perrysburg OH,Tender: Master Card,412.13
20260811,5165: Perrysburg OH,Tender: Visa,1097.01
20260811,5165: Perrysburg OH,Tender: Discover,36.31
20260811,5165: Perrysburg OH,Tender: Debit,436.21
20260811,5165: Perrysburg OH,Tender: American Express,80.46
20260811,5165: Perrysburg OH,Tender: Gift Card,
20260811,5165: Perrysburg OH,Tender: Cash,437.37
20260811,5165: Perrysburg OH,Credit Tips Paid,302.59
20260811,5165: Perrysburg OH,Cash Paid Outs - Non Adjusting,41.26
20260811,5165: Perrysburg OH,Cash Paid Outs - Sales Adjusting,
20260811,5165: Perrysburg OH,Online Gross Sales,153.84
20260811,5166: Jeffersonville OH,Net Sales,2202.72
20260811,5166: Jeffersonville OH,Total Sales Tax,122.42
20260811,5166: Jeffersonville OH,Total Discounts,38.38
20260811,5166: Jeffersonville OH,Major Category: Gift Card,
20260811,5166: Jeffersonville OH,Tender: Door Dash,29.65
20260811,5166: Jeffersonville OH,Tender: Doordash Banda Burrito,
20260811,5166: Jeffersonville OH,Tender: Doordash VRB,
20260811,5166: Jeffersonville OH,Tender: Doordash VRM,
20260811,5166: Jeffersonville OH,Tender: Doordash Nathans,
20260811,5166: Jeffersonville OH,Credit Tips Received,285.73
20260811,5166: Jeffersonville OH,Tender: Uber Eats,
20260811,5166: Jeffersonville OH,Tender: Uber Eats Banda Burrito,
20260811,5166: Jeffersonville OH,Tender: Uber Eats VR,
20260811,5166: Jeffersonville OH,Tender: Uber Eats VRM,
20260811,5166: Jeffersonville OH,Tender: Uber Eats Nathans,
20260811,5166: Jeffersonville OH,Tender: Grub Hub,
20260811,5166: Jeffersonville OH,Tender: Grubhub Banda Burrito,
20260811,5166: Jeffersonville OH,Tender: Grubhub VRB,
20260811,5166: Jeffersonville OH,Tender: Grubhub VRM,
20260811,5166: Jeffersonville OH,Tender: QR Pay,
20260811,5166: Jeffersonville OH,Tender: Online,60.73
20260811,5166: Jeffersonville OH,Tender: Master Card,732.49
20260811,5166: Jeffersonville OH,Tender: Visa,1115.67
20260811,5166: Jeffersonville OH,Tender: Discover,
20260811,5166: Jeffersonville OH,Tender: Debit,166.85
20260811,5166: Jeffersonville OH,Tender: American Express,63.35
20260811,5166: Jeffersonville OH,Tender: Gift Card,
20260811,5166: Jeffersonville OH,Tender: Cash,442.13
20260811,5166: Jeffersonville OH,Credit Tips Paid,289.51
20260811,5166: Jeffersonville OH,Cash Paid Outs - Non Adjusting,
20260811,5166: Jeffersonville OH,Cash Paid Outs - Sales Adjusting,
20260811,5166: Jeffersonville OH,Online Gross Sales,55.22
20260811,5167: Elizabethtown KY,Net Sales,2404.31
20260811,5167: Elizabethtown KY,Total Sales Tax,195.23
20260811,5167: Elizabethtown KY,Total Discounts,146.01
20260811,5167: Elizabethtown KY,Major Category: Gift Card,
20260811,5167: Elizabethtown KY,Tender: Door Dash,66.77
20260811,5167: Elizabethtown KY,Tender: Doordash Banda Burrito,
20260811,5167: Elizabethtown KY,Tender: Doordash VRB,38.02
20260811,5167: Elizabethtown KY,Tender: Doordash VRM,
20260811,5167: Elizabethtown KY,Tender: Doordash Nathans,
20260811,5167: Elizabethtown KY,Credit Tips Received,255.16
20260811,5167: Elizabethtown KY,Tender: Uber Eats,
20260811,5167: Elizabethtown KY,Tender: Uber Eats Banda Burrito,
20260811,5167: Elizabethtown KY,Tender: Uber Eats VR,
20260811,5167: Elizabethtown KY,Tender: Uber Eats VRM,
20260811,5167: Elizabethtown KY,Tender: Uber Eats Nathans,
20260811,5167: Elizabethtown KY,Tender: Grub Hub,
20260811,5167: Elizabethtown KY,Tender: Grubhub Banda Burrito,
20260811,5167: Elizabethtown KY,Tender: Grubhub VRB,
20260811,5167: Elizabethtown KY,Tender: Grubhub VRM,
20260811,5167: Elizabethtown KY,Tender: QR Pay,
20260811,5167: Elizabethtown KY,Tender: Online,63.29
20260811,5167: Elizabethtown KY,Tender: Master Card,292.71
20260811,5167: Elizabethtown KY,Tender: Visa,1305.09
20260811,5167: Elizabethtown KY,Tender: Discover,46.89
20260811,5167: Elizabethtown KY,Tender: Debit,321.76
20260811,5167: Elizabethtown KY,Tender: American Express,15.98
20260811,5167: Elizabethtown KY,Tender: Gift Card,64.18
20260811,5167: Elizabethtown KY,Tender: Cash,640.01
20260811,5167: Elizabethtown KY,Credit Tips Paid,255.16
20260811,5167: Elizabethtown KY,Cash Paid Outs - Non Adjusting,
20260811,5167: Elizabethtown KY,Cash Paid Outs - Sales Adjusting,
20260811,5167: Elizabethtown KY,Online Gross Sales,69.02
20260811,5168: Catlettsburg KY,Net Sales,2509.85
20260811,5168: Catlettsburg KY,Total Sales Tax,149.89
20260811,5168: Catlettsburg KY,Total Discounts,34.22
20260811,5168: Catlettsburg KY,Major Category: Gift Card,
20260811,5168: Catlettsburg KY,Tender: Door Dash,36.32
20260811,5168: Catlettsburg KY,Tender: Doordash Banda Burrito,
20260811,5168: Catlettsburg KY,Tender: Doordash VRB,
20260811,5168: Catlettsburg KY,Tender: Doordash VRM,
20260811,5168: Catlettsburg KY,Tender: Doordash Nathans,
20260811,5168: Catlettsburg KY,Credit Tips Received,364.04
20260811,5168: Catlettsburg KY,Tender: Uber Eats,
20260811,5168: Catlettsburg KY,Tender: Uber Eats Banda Burrito,
20260811,5168: Catlettsburg KY,Tender: Uber Eats VR,
20260811,5168: Catlettsburg KY,Tender: Uber Eats VRM,
20260811,5168: Catlettsburg KY,Tender: Uber Eats Nathans,
20260811,5168: Catlettsburg KY,Tender: Grub Hub,
20260811,5168: Catlettsburg KY,Tender: Grubhub Banda Burrito,
20260811,5168: Catlettsburg KY,Tender: Grubhub VRB,
20260811,5168: Catlettsburg KY,Tender: Grubhub VRM,
20260811,5168: Catlettsburg KY,Tender: QR Pay,
20260811,5168: Catlettsburg KY,Tender: Online,56.98
20260811,5168: Catlettsburg KY,Tender: Master Card,726.87
20260811,5168: Catlettsburg KY,Tender: Visa,1079.14
20260811,5168: Catlettsburg KY,Tender: Discover,34.74
20260811,5168: Catlettsburg KY,Tender: Debit,541.83
20260811,5168: Catlettsburg KY,Tender: American Express,69.49
20260811,5168: Catlettsburg KY,Tender: Gift Card,
20260811,5168: Catlettsburg KY,Tender: Cash,478.41
20260811,5168: Catlettsburg KY,Credit Tips Paid,345.27
20260811,5168: Catlettsburg KY,Cash Paid Outs - Non Adjusting,25.49
20260811,5168: Catlettsburg KY,Cash Paid Outs - Sales Adjusting,30.27
20260811,5168: Catlettsburg KY,Online Gross Sales,49.14
20260811,5169: Columbus OH,Net Sales,
20260811,5169: Columbus OH,Total Sales Tax,
20260811,5169: Columbus OH,Total Discounts,
20260811,5169: Columbus OH,Major Category: Gift Card,
20260811,5169: Columbus OH,Tender: Door Dash,
20260811,5169: Columbus OH,Tender: Doordash Banda Burrito,
20260811,5169: Columbus OH,Tender: Doordash VRB,
20260811,5169: Columbus OH,Tender: Doordash VRM,
20260811,5169: Columbus OH,Tender: Doordash Nathans,
20260811,5169: Columbus OH,Credit Tips Received,
20260811,5169: Columbus OH,Tender: Uber Eats,
20260811,5169: Columbus OH,Tender: Uber Eats Banda Burrito,
20260811,5169: Columbus OH,Tender: Uber Eats VR,
20260811,5169: Columbus OH,Tender: Uber Eats VRM,
20260811,5169: Columbus OH,Tender: Uber Eats Nathans,
20260811,5169: Columbus OH,Tender: Grub Hub,
20260811,5169: Columbus OH,Tender: Grubhub Banda Burrito,
20260811,5169: Columbus OH,Tender: Grubhub VRB,
20260811,5169: Columbus OH,Tender: Grubhub VRM,
20260811,5169: Columbus OH,Tender: QR Pay,
20260811,5169: Columbus OH,Tender: Online,
20260811,5169: Columbus OH,Tender: Master Card,
20260811,5169: Columbus OH,Tender: Visa,
20260811,5169: Columbus OH,Tender: Discover,
20260811,5169: Columbus OH,Tender: Debit,
20260811,5169: Columbus OH,Tender: American Express,
20260811,5169: Columbus OH,Tender: Gift Card,
20260811,5169: Columbus OH,Tender: Cash,
20260811,5169: Columbus OH,Credit Tips Paid,
20260811,5169: Columbus OH,Cash Paid Outs - Non Adjusting,
20260811,5169: Columbus OH,Cash Paid Outs - Sales Adjusting,
20260811,5169: Columbus OH,Online Gross Sales,
20260811,7401: Youngstown OH,Net Sales,3250.03
20260811,7401: Youngstown OH,Total Sales Tax,124.67
20260811,7401: Youngstown OH,Total Discounts,186.78
20260811,7401: Youngstown OH,Major Category: Gift Card,
20260811,7401: Youngstown OH,Tender: Door Dash,380.16
20260811,7401: Youngstown OH,Tender: Doordash Banda Burrito,100.37
20260811,7401: Youngstown OH,Tender: Doordash VRB,
20260811,7401: Youngstown OH,Tender: Doordash VRM,109.23
20260811,7401: Youngstown OH,Tender: Doordash Nathans,21.18
20260811,7401: Youngstown OH,Credit Tips Received,212.27
20260811,7401: Youngstown OH,Tender: Uber Eats,
20260811,7401: Youngstown OH,Tender: Uber Eats Banda Burrito,
20260811,7401: Youngstown OH,Tender: Uber Eats VR,39.96
20260811,7401: Youngstown OH,Tender: Uber Eats VRM,
20260811,7401: Youngstown OH,Tender: Uber Eats Nathans,
20260811,7401: Youngstown OH,Tender: Grub Hub,49.46
20260811,7401: Youngstown OH,Tender: Grubhub Banda Burrito,19.87
20260811,7401: Youngstown OH,Tender: Grubhub VRB,
20260811,7401: Youngstown OH,Tender: Grubhub VRM,
20260811,7401: Youngstown OH,Tender: QR Pay,
20260811,7401: Youngstown OH,Tender: Online,361.23
20260811,7401: Youngstown OH,Tender: Master Card,374.25
20260811,7401: Youngstown OH,Tender: Visa,812.48
20260811,7401: Youngstown OH,Tender: Discover,127.17
20260811,7401: Youngstown OH,Tender: Debit,358.27
20260811,7401: Youngstown OH,Tender: American Express,
20260811,7401: Youngstown OH,Tender: Gift Card,
20260811,7401: Youngstown OH,Tender: Cash,833.34
20260811,7401: Youngstown OH,Credit Tips Paid,212.27
20260811,7401: Youngstown OH,Cash Paid Outs - Non Adjusting,
20260811,7401: Youngstown OH,Cash Paid Outs - Sales Adjusting,
20260811,7401: Youngstown OH,Online Gross Sales,356.50
20260811,9690: Marietta OH,Net Sales,1188.78
20260811,9690: Marietta OH,Total Sales Tax,67.48
20260811,9690: Marietta OH,Total Discounts,64.83
20260811,9690: Marietta OH,Major Category: Gift Card,
20260811,9690: Marietta OH,Tender: Door Dash,144.72
20260811,9690: Marietta OH,Tender: Doordash Banda Burrito,
20260811,9690: Marietta OH,Tender: Doordash VRB,
20260811,9690: Marietta OH,Tender: Doordash VRM,
20260811,9690: Marietta OH,Tender: Doordash Nathans,
20260811,9690: Marietta OH,Credit Tips Received,91.72
20260811,9690: Marietta OH,Tender: Uber Eats,
20260811,9690: Marietta OH,Tender: Uber Eats Banda Burrito,
20260811,9690: Marietta OH,Tender: Uber Eats VR,
20260811,9690: Marietta OH,Tender: Uber Eats VRM,17.09
20260811,9690: Marietta OH,Tender: Uber Eats Nathans,
20260811,9690: Marietta OH,Tender: Grub Hub,
20260811,9690: Marietta OH,Tender: Grubhub Banda Burrito,
20260811,9690: Marietta OH,Tender: Grubhub VRB,
20260811,9690: Marietta OH,Tender: Grubhub VRM,
20260811,9690: Marietta OH,Tender: QR Pay,
20260811,9690: Marietta OH,Tender: Online,20.48
20260811,9690: Marietta OH,Tender: Master Card,132.61
20260811,9690: Marietta OH,Tender: Visa,403.79
20260811,9690: Marietta OH,Tender: Discover,11.82
20260811,9690: Marietta OH,Tender: Debit,201.13
20260811,9690: Marietta OH,Tender: American Express,22.98
20260811,9690: Marietta OH,Tender: Gift Card,21.58
20260811,9690: Marietta OH,Tender: Cash,371.78
20260811,9690: Marietta OH,Credit Tips Paid,115.72
20260811,9690: Marietta OH,Cash Paid Outs - Non Adjusting,
20260811,9690: Marietta OH,Cash Paid Outs - Sales Adjusting,
20260811,9690: Marietta OH,Online Gross Sales,
20260811,9697: Findlay OH,Net Sales,3122.31
20260811,9697: Findlay OH,Total Sales Tax,156.25
20260811,9697: Findlay OH,Total Discounts,54.02
20260811,9697: Findlay OH,Major Category: Gift Card,
20260811,9697: Findlay OH,Tender: Door Dash,550.15
20260811,9697: Findlay OH,Tender: Doordash Banda Burrito,
20260811,9697: Findlay OH,Tender: Doordash VRB,162.08
20260811,9697: Findlay OH,Tender: Doordash VRM,84.14
20260811,9697: Findlay OH,Tender: Doordash Nathans,
20260811,9697: Findlay OH,Credit Tips Received,178.00
20260811,9697: Findlay OH,Tender: Uber Eats,
20260811,9697: Findlay OH,Tender: Uber Eats Banda Burrito,
20260811,9697: Findlay OH,Tender: Uber Eats VR,
20260811,9697: Findlay OH,Tender: Uber Eats VRM,
20260811,9697: Findlay OH,Tender: Uber Eats Nathans,
20260811,9697: Findlay OH,Tender: Grub Hub,
20260811,9697: Findlay OH,Tender: Grubhub Banda Burrito,
20260811,9697: Findlay OH,Tender: Grubhub VRB,
20260811,9697: Findlay OH,Tender: Grubhub VRM,
20260811,9697: Findlay OH,Tender: QR Pay,147.35
20260811,9697: Findlay OH,Tender: Online,30.98
20260811,9697: Findlay OH,Tender: Master Card,309.93
20260811,9697: Findlay OH,Tender: Visa,408.33
20260811,9697: Findlay OH,Tender: Discover,64.90
20260811,9697: Findlay OH,Tender: Debit,803.71
20260811,9697: Findlay OH,Tender: American Express,
20260811,9697: Findlay OH,Tender: Gift Card,25.00
20260811,9697: Findlay OH,Tender: Cash,869.99
20260811,9697: Findlay OH,Credit Tips Paid,178.00
20260811,9697: Findlay OH,Cash Paid Outs - Non Adjusting,
20260811,9697: Findlay OH,Cash Paid Outs - Sales Adjusting,
20260811,9697: Findlay OH,Online Gross Sales,
20260812,5164: Berkshire OH,Net Sales,2977.25
20260812,5164: Berkshire OH,Total Sales Tax,176.72
20260812,5164: Berkshire OH,Total Discounts,46.46
20260812,5164: Berkshire OH,Major Category: Gift Card,
20260812,5164: Berkshire OH,Tender: Door Dash,82.61
20260812,5164: Berkshire OH,Tender: Doordash Banda Burrito,
20260812,5164: Berkshire OH,Tender: Doordash VRB,
20260812,5164: Berkshire OH,Tender: Doordash VRM,
20260812,5164: Berkshire OH,Tender: Doordash Nathans,
20260812,5164: Berkshire OH,Credit Tips Received,379.25
20260812,5164: Berkshire OH,Tender: Uber Eats,
20260812,5164: Berkshire OH,Tender: Uber Eats Banda Burrito,
20260812,5164: Berkshire OH,Tender: Uber Eats VR,35.75
20260812,5164: Berkshire OH,Tender: Uber Eats VRM,
20260812,5164: Berkshire OH,Tender: Uber Eats Nathans,
20260812,5164: Berkshire OH,Tender: Grub Hub,
20260812,5164: Berkshire OH,Tender: Grubhub Banda Burrito,
20260812,5164: Berkshire OH,Tender: Grubhub VRB,
20260812,5164: Berkshire OH,Tender: Grubhub VRM,
20260812,5164: Berkshire OH,Tender: QR Pay,
20260812,5164: Berkshire OH,Tender: Online,115.19
20260812,5164: Berkshire OH,Tender: Master Card,709.96
20260812,5164: Berkshire OH,Tender: Visa,1346.51
20260812,5164: Berkshire OH,Tender: Discover,
20260812,5164: Berkshire OH,Tender: Debit,685.96
20260812,5164: Berkshire OH,Tender: American Express,13.99
20260812,5164: Berkshire OH,Tender: Gift Card,
20260812,5164: Berkshire OH,Tender: Cash,543.25
20260812,5164: Berkshire OH,Credit Tips Paid,362.44
20260812,5164: Berkshire OH,Cash Paid Outs - Non Adjusting,
20260812,5164: Berkshire OH,Cash Paid Outs - Sales Adjusting,
20260812,5164: Berkshire OH,Online Gross Sales,113.39
20260812,5165: Perrysburg OH,Net Sales,2988.28
20260812,5165: Perrysburg OH,Total Sales Tax,142.86
20260812,5165: Perrysburg OH,Total Discounts,53.85
20260812,5165: Perrysburg OH,Major Category: Gift Card,
20260812,5165: Perrysburg OH,Tender: Door Dash,120.93
20260812,5165: Perrysburg OH,Tender: Doordash Banda Burrito,
20260812,5165: Perrysburg OH,Tender: Doordash VRB,
20260812,5165: Perrysburg OH,Tender: Doordash VRM,
20260812,5165: Perrysburg OH,Tender: Doordash Nathans,
20260812,5165: Perrysburg OH,Credit Tips Received,313.98
20260812,5165: Perrysburg OH,Tender: Uber Eats,57.85
20260812,5165: Perrysburg OH,Tender: Uber Eats Banda Burrito,
20260812,5165: Perrysburg OH,Tender: Uber Eats VR,
20260812,5165: Perrysburg OH,Tender: Uber Eats VRM,
20260812,5165: Perrysburg OH,Tender: Uber Eats Nathans,
20260812,5165: Perrysburg OH,Tender: Grub Hub,
20260812,5165: Perrysburg OH,Tender: Grubhub Banda Burrito,
20260812,5165: Perrysburg OH,Tender: Grubhub VRB,
20260812,5165: Perrysburg OH,Tender: Grubhub VRM,
20260812,5165: Perrysburg OH,Tender: QR Pay,
20260812,5165: Perrysburg OH,Tender: Online,214.49
20260812,5165: Perrysburg OH,Tender: Master Card,910.01
20260812,5165: Perrysburg OH,Tender: Visa,1034.78
20260812,5165: Perrysburg OH,Tender: Discover,25.56
20260812,5165: Perrysburg OH,Tender: Debit,354.75
20260812,5165: Perrysburg OH,Tender: American Express,80.85
20260812,5165: Perrysburg OH,Tender: Gift Card,1.11
20260812,5165: Perrysburg OH,Tender: Cash,644.79
20260812,5165: Perrysburg OH,Credit Tips Paid,214.39
20260812,5165: Perrysburg OH,Cash Paid Outs - Non Adjusting,
20260812,5165: Perrysburg OH,Cash Paid Outs - Sales Adjusting,
20260812,5165: Perrysburg OH,Online Gross Sales,209.61
20260812,5166: Jeffersonville OH,Net Sales,3106.29
20260812,5166: Jeffersonville OH,Total Sales Tax,188.69
20260812,5166: Jeffersonville OH,Total Discounts,55.95
20260812,5166: Jeffersonville OH,Major Category: Gift Card,
20260812,5166: Jeffersonville OH,Tender: Door Dash,18.56
20260812,5166: Jeffersonville OH,Tender: Doordash Banda Burrito,
20260812,5166: Jeffersonville OH,Tender: Doordash VRB,
20260812,5166: Jeffersonville OH,Tender: Doordash VRM,
20260812,5166: Jeffersonville OH,Tender: Doordash Nathans,
20260812,5166: Jeffersonville OH,Credit Tips Received,430.27
20260812,5166: Jeffersonville OH,Tender: Uber Eats,
20260812,5166: Jeffersonville OH,Tender: Uber Eats Banda Burrito,
20260812,5166: Jeffersonville OH,Tender: Uber Eats VR,
20260812,5166: Jeffersonville OH,Tender: Uber Eats VRM,
20260812,5166: Jeffersonville OH,Tender: Uber Eats Nathans,
20260812,5166: Jeffersonville OH,Tender: Grub Hub,
20260812,5166: Jeffersonville OH,Tender: Grubhub Banda Burrito,
20260812,5166: Jeffersonville OH,Tender: Grubhub VRB,
20260812,5166: Jeffersonville OH,Tender: Grubhub VRM,
20260812,5166: Jeffersonville OH,Tender: QR Pay,
20260812,5166: Jeffersonville OH,Tender: Online,32.70
20260812,5166: Jeffersonville OH,Tender: Master Card,637.27
20260812,5166: Jeffersonville OH,Tender: Visa,1674.17
20260812,5166: Jeffersonville OH,Tender: Discover,124.98
20260812,5166: Jeffersonville OH,Tender: Debit,507.71
20260812,5166: Jeffersonville OH,Tender: American Express,80.49
20260812,5166: Jeffersonville OH,Tender: Gift Card,
20260812,5166: Jeffersonville OH,Tender: Cash,649.37
20260812,5166: Jeffersonville OH,Credit Tips Paid,430.27
20260812,5166: Jeffersonville OH,Cash Paid Outs - Non Adjusting,
20260812,5166: Jeffersonville OH,Cash Paid Outs - Sales Adjusting,
20260812,5166: Jeffersonville OH,Online Gross Sales,31.46
20260812,5167: Elizabethtown KY,Net Sales,2090.43
20260812,5167: Elizabethtown KY,Total Sales Tax,169.76
20260812,5167: Elizabethtown KY,Total Discounts,64.01
20260812,5167: Elizabethtown KY,Major Category: Gift Card,
20260812,5167: Elizabethtown KY,Tender: Door Dash,398.43
20260812,5167: Elizabethtown KY,Tender: Doordash Banda Burrito,
20260812,5167: Elizabethtown KY,Tender: Doordash VRB,
20260812,5167: Elizabethtown KY,Tender: Doordash VRM,19.45
20260812,5167: Elizabethtown KY,Tender: Doordash Nathans,
20260812,5167: Elizabethtown KY,Credit Tips Received,157.29
20260812,5167: Elizabethtown KY,Tender: Uber Eats,
20260812,5167: Elizabethtown KY,Tender: Uber Eats Banda Burrito,
20260812,5167: Elizabethtown KY,Tender: Uber Eats VR,
20260812,5167: Elizabethtown KY,Tender: Uber Eats VRM,
20260812,5167: Elizabethtown KY,Tender: Uber Eats Nathans,
20260812,5167: Elizabethtown KY,Tender: Grub Hub,
20260812,5167: Elizabethtown KY,Tender: Grubhub Banda Burrito,
20260812,5167: Elizabethtown KY,Tender: Grubhub VRB,
20260812,5167: Elizabethtown KY,Tender: Grubhub VRM,
20260812,5167: Elizabethtown KY,Tender: QR Pay,
20260812,5167: Elizabethtown KY,Tender: Online,18.13
20260812,5167: Elizabethtown KY,Tender: Master Card,264.89
20260812,5167: Elizabethtown KY,Tender: Visa,706.75
20260812,5167: Elizabethtown KY,Tender: Discover,14.64
20260812,5167: Elizabethtown KY,Tender: Debit,248.12
20260812,5167: Elizabethtown KY,Tender: American Express,44.65
20260812,5167: Elizabethtown KY,Tender: Gift Card,
20260812,5167: Elizabethtown KY,Tender: Cash,702.42
20260812,5167: Elizabethtown KY,Credit Tips Paid,155.29
20260812,5167: Elizabethtown KY,Cash Paid Outs - Non Adjusting,
20260812,5167: Elizabethtown KY,Cash Paid Outs - Sales Adjusting,
20260812,5167: Elizabethtown KY,Online Gross Sales,21.77
20260812,5168: Catlettsburg KY,Net Sales,2077.59
20260812,5168: Catlettsburg KY,Total Sales Tax,124.68
20260812,5168: Catlettsburg KY,Total Discounts,48.79
20260812,5168: Catlettsburg KY,Major Category: Gift Card,
20260812,5168: Catlettsburg KY,Tender: Door Dash,105.05
20260812,5168: Catlettsburg KY,Tender: Doordash Banda Burrito,
20260812,5168: Catlettsburg KY,Tender: Doordash VRB,
20260812,5168: Catlettsburg KY,Tender: Doordash VRM,
20260812,5168: Catlettsburg KY,Tender: Doordash Nathans,
20260812,5168: Catlettsburg KY,Credit Tips Received,198.47
20260812,5168: Catlettsburg KY,Tender: Uber Eats,
20260812,5168: Catlettsburg KY,Tender: Uber Eats Banda Burrito,
20260812,5168: Catlettsburg KY,Tender: Uber Eats VR,
20260812,5168: Catlettsburg KY,Tender: Uber Eats VRM,
20260812,5168: Catlettsburg KY,Tender: Uber Eats Nathans,
20260812,5168: Catlettsburg KY,Tender: Grub Hub,
20260812,5168: Catlettsburg KY,Tender: Grubhub Banda Burrito,
20260812,5168: Catlettsburg KY,Tender: Grubhub VRB,
20260812,5168: Catlettsburg KY,Tender: Grubhub VRM,
20260812,5168: Catlettsburg KY,Tender: QR Pay,
20260812,5168: Catlettsburg KY,Tender: Online,70.10
20260812,5168: Catlettsburg KY,Tender: Master Card,223.84
20260812,5168: Catlettsburg KY,Tender: Visa,749.07
20260812,5168: Catlettsburg KY,Tender: Discover,
20260812,5168: Catlettsburg KY,Tender: Debit,619.32
20260812,5168: Catlettsburg KY,Tender: American Express,
20260812,5168: Catlettsburg KY,Tender: Gift Card,
20260812,5168: Catlettsburg KY,Tender: Cash,633.36
20260812,5168: Catlettsburg KY,Credit Tips Paid,233.41
20260812,5168: Catlettsburg KY,Cash Paid Outs - Non Adjusting,
20260812,5168: Catlettsburg KY,Cash Paid Outs - Sales Adjusting,
20260812,5168: Catlettsburg KY,Online Gross Sales,74.01
20260812,5169: Columbus OH,Net Sales,
20260812,5169: Columbus OH,Total Sales Tax,
20260812,5169: Columbus OH,Total Discounts,
20260812,5169: Columbus OH,Major Category: Gift Card,
20260812,5169: Columbus OH,Tender: Door Dash,
20260812,5169: Columbus OH,Tender: Doordash Banda Burrito,
20260812,5169: Columbus OH,Tender: Doordash VRB,
20260812,5169: Columbus OH,Tender: Doordash VRM,
20260812,5169: Columbus OH,Tender: Doordash Nathans,
20260812,5169: Columbus OH,Credit Tips Received,
20260812,5169: Columbus OH,Tender: Uber Eats,
20260812,5169: Columbus OH,Tender: Uber Eats Banda Burrito,
20260812,5169: Columbus OH,Tender: Uber Eats VR,
20260812,5169: Columbus OH,Tender: Uber Eats VRM,
20260812,5169: Columbus OH,Tender: Uber Eats Nathans,
20260812,5169: Columbus OH,Tender: Grub Hub,
20260812,5169: Columbus OH,Tender: Grubhub Banda Burrito,
20260812,5169: Columbus OH,Tender: Grubhub VRB,
20260812,5169: Columbus OH,Tender: Grubhub VRM,
20260812,5169: Columbus OH,Tender: QR Pay,
20260812,5169: Columbus OH,Tender: Online,
20260812,5169: Columbus OH,Tender: Master Card,
20260812,5169: Columbus OH,Tender: Visa,
20260812,5169: Columbus OH,Tender: Discover,
20260812,5169: Columbus OH,Tender: Debit,
20260812,5169: Columbus OH,Tender: American Express,
20260812,5169: Columbus OH,Tender: Gift Card,
20260812,5169: Columbus OH,Tender: Cash,
20260812,5169: Columbus OH,Credit Tips Paid,
20260812,5169: Columbus OH,Cash Paid Outs - Non Adjusting,
20260812,5169: Columbus OH,Cash Paid Outs - Sales Adjusting,
20260812,5169: Columbus OH,Online Gross Sales,
20260812,7401: Youngstown OH,Net Sales,2846.96
20260812,7401: Youngstown OH,Total Sales Tax,108.28
20260812,7401: Youngstown OH,Total Discounts,109.16
20260812,7401: Youngstown OH,Major Category: Gift Card,
20260812,7401: Youngstown OH,Tender: Door Dash,423.40
20260812,7401: Youngstown OH,Tender: Doordash Banda Burrito,72.84
20260812,7401: Youngstown OH,Tender: Doordash VRB,
20260812,7401: Youngstown OH,Tender: Doordash VRM,84.62
20260812,7401: Youngstown OH,Tender: Doordash Nathans,19.18
20260812,7401: Youngstown OH,Credit Tips Received,165.13
20260812,7401: Youngstown OH,Tender: Uber Eats,
20260812,7401: Youngstown OH,Tender: Uber Eats Banda Burrito,
20260812,7401: Youngstown OH,Tender: Uber Eats VR,23.07
20260812,7401: Youngstown OH,Tender: Uber Eats VRM,
20260812,7401: Youngstown OH,Tender: Uber Eats Nathans,
20260812,7401: Youngstown OH,Tender: Grub Hub,
20260812,7401: Youngstown OH,Tender: Grubhub Banda Burrito,
20260812,7401: Youngstown OH,Tender: Grubhub VRB,
20260812,7401: Youngstown OH,Tender: Grubhub VRM,15.69
20260812,7401: Youngstown OH,Tender: QR Pay,
20260812,7401: Youngstown OH,Tender: Online,310.09
20260812,7401: Youngstown OH,Tender: Master Card,315.33
20260812,7401: Youngstown OH,Tender: Visa,533.34
20260812,7401: Youngstown OH,Tender: Discover,126.66
20260812,7401: Youngstown OH,Tender: Debit,251.74
20260812,7401: Youngstown OH,Tender: American Express,24.41
20260812,7401: Youngstown OH,Tender: Gift Card,
20260812,7401: Youngstown OH,Tender: Cash,920.00
20260812,7401: Youngstown OH,Credit Tips Paid,165.13
20260812,7401: Youngstown OH,Cash Paid Outs - Non Adjusting,
20260812,7401: Youngstown OH,Cash Paid Outs - Sales Adjusting,
20260812,7401: Youngstown OH,Online Gross Sales,299.06
20260812,9690: Marietta OH,Net Sales,1362.04
20260812,9690: Marietta OH,Total Sales Tax,80.85
20260812,9690: Marietta OH,Total Discounts,119.71
20260812,9690: Marietta OH,Major Category: Gift Card,
20260812,9690: Marietta OH,Tender: Door Dash,39.16
20260812,9690: Marietta OH,Tender: Doordash Banda Burrito,
20260812,9690: Marietta OH,Tender: Doordash VRB,113.26
20260812,9690: Marietta OH,Tender: Doordash VRM,
20260812,9690: Marietta OH,Tender: Doordash Nathans,
20260812,9690: Marietta OH,Credit Tips Received,150.27
20260812,9690: Marietta OH,Tender: Uber Eats,
20260812,9690: Marietta OH,Tender: Uber Eats Banda Burrito,
20260812,9690: Marietta OH,Tender: Uber Eats VR,
20260812,9690: Marietta OH,Tender: Uber Eats VRM,
20260812,9690: Marietta OH,Tender: Uber Eats Nathans,
20260812,9690: Marietta OH,Tender: Grub Hub,
20260812,9690: Marietta OH,Tender: Grubhub Banda Burrito,
20260812,9690: Marietta OH,Tender: Grubhub VRB,
20260812,9690: Marietta OH,Tender: Grubhub VRM,
20260812,9690: Marietta OH,Tender: QR Pay,35.37
20260812,9690: Marietta OH,Tender: Online,
20260812,9690: Marietta OH,Tender: Master Card,98.67
20260812,9690: Marietta OH,Tender: Visa,124.33
20260812,9690: Marietta OH,Tender: Discover,90.95
20260812,9690: Marietta OH,Tender: Debit,668.31
20260812,9690: Marietta OH,Tender: American Express,
20260812,9690: Marietta OH,Tender: Gift Card,
20260812,9690: Marietta OH,Tender: Cash,423.11
20260812,9690: Marietta OH,Credit Tips Paid,62.80
20260812,9690: Marietta OH,Cash Paid Outs - Non Adjusting,
20260812,9690: Marietta OH,Cash Paid Outs - Sales Adjusting,
20260812,9690: Marietta OH,Online Gross Sales,
20260812,9697: Findlay OH,Net Sales,3429.27
20260812,9697: Findlay OH,Total Sales Tax,192.46
20260812,9697: Findlay OH,Total Discounts,68.79
20260812,9697: Findlay OH,Major Category: Gift Card,
20260812,9697: Findlay OH,Tender: Door Dash,171.32
20260812,9697: Findlay OH,Tender: Doordash Banda Burrito,
20260812,9697: Findlay OH,Tender: Doordash VRB,47.41
20260812,9697: Findlay OH,Tender: Doordash VRM,269.87
20260812,9697: Findlay OH,Tender: Doordash Nathans,
20260812,9697: Findlay OH,Credit Tips Received,322.59
20260812,9697: Findlay OH,Tender: Uber Eats,106.19
20260812,9697: Findlay OH,Tender: Uber Eats Banda Burrito,
20260812,9697: Findlay OH,Tender: Uber Eats VR,
20260812,9697: Findlay OH,Tender: Uber Eats VRM,
20260812,9697: Findlay OH,Tender: Uber Eats Nathans,
20260812,9697: Findlay OH,Tender: Grub Hub,
20260812,9697: Findlay OH,Tender: Grubhub Banda Burrito,
20260812,9697: Findlay OH,Tender: Grubhub VRB,
20260812,9697: Findlay OH,Tender: Grubhub VRM,
20260812,9697: Findlay OH,Tender: QR Pay,208.82
20260812,9697: Findlay OH,Tender: Online,96.58
20260812,9697: Findlay OH,Tender: Master Card,183.91
20260812,9697: Findlay OH,Tender: Visa,830.58
20260812,9697: Findlay OH,Tender: Discover,66.02
20260812,9697: Findlay OH,Tender: Debit,1164.04
20260812,9697: Findlay OH,Tender: American Express,23.53
20260812,9697: Findlay OH,Tender: Gift Card,38.07
20260812,9697: Findlay OH,Tender: Cash,737.98
20260812,9697: Findlay OH,Credit Tips Paid,322.59
20260812,9697: Findlay OH,Cash Paid Outs - Non Adjusting,
20260812,9697: Findlay OH,Cash Paid Outs - Sales Adjusting,
20260812,9697: Findlay OH,Online Gross Sales,
20260813,5164: Berkshire OH,Net Sales,2911.63
20260813,5164: Berkshire OH,Total Sales Tax,159.43
20260813,5164: Berkshire OH,Total Discounts,65.79
20260813,5164: Berkshire OH,Major Category: Gift Card,
20260813,5164: Berkshire OH,Tender: Door Dash,82.01
20260813,5164: Berkshire OH,Tender: Doordash Banda Burrito,
20260813,5164: Berkshire OH,Tender: Doordash VRB,
20260813,5164: Berkshire OH,Tender: Doordash VRM,
20260813,5164: Berkshire OH,Tender: Doordash Nathans,
20260813,5164: Berkshire OH,Credit Tips Received,291.57
20260813,5164: Berkshire OH,Tender: Uber Eats,171.36
20260813,5164: Berkshire OH,Tender: Uber Eats Banda Burrito,
20260813,5164: Berkshire OH,Tender: Uber Eats VR,47.54
20260813,5164: Berkshire OH,Tender: Uber Eats VRM,
20260813,5164: Berkshire OH,Tender: Uber Eats Nathans,
20260813,5164: Berkshire OH,Tender: Grub Hub,
20260813,5164: Berkshire OH,Tender: Grubhub Banda Burrito,
20260813,5164: Berkshire OH,Tender: Grubhub VRB,
20260813,5164: Berkshire OH,Tender: Grubhub VRM,
20260813,5164: Berkshire OH,Tender: QR Pay,
20260813,5164: Berkshire OH,Tender: Online,74.17
20260813,5164: Berkshire OH,Tender: Master Card,728.25
20260813,5164: Berkshire OH,Tender: Visa,981.33
20260813,5164: Berkshire OH,Tender: Discover,
20260813,5164: Berkshire OH,Tender: Debit,567.09
20260813,5164: Berkshire OH,Tender: American Express,
20260813,5164: Berkshire OH,Tender: Gift Card,11.54
20260813,5164: Berkshire OH,Tender: Cash,699.34
20260813,5164: Berkshire OH,Credit Tips Paid,242.37
20260813,5164: Berkshire OH,Cash Paid Outs - Non Adjusting,69.82
20260813,5164: Berkshire OH,Cash Paid Outs - Sales Adjusting,
20260813,5164: Berkshire OH,Online Gross Sales,70.98
20260813,5165: Perrysburg OH,Net Sales,2365.76
20260813,5165: Perrysburg OH,Total Sales Tax,122.73
20260813,5165: Perrysburg OH,Total Discounts,50.10
20260813,5165: Perrysburg OH,Major Category: Gift Card,
20260813,5165: Perrysburg OH,Tender: Door Dash,120.62
20260813,5165: Perrysburg OH,Tender: Doordash Banda Burrito,
20260813,5165: Perrysburg OH,Tender: Doordash VRB,
20260813,5165: Perrysburg OH,Tender: Doordash VRM,
20260813,5165: Perrysburg OH,Tender: Doordash Nathans,
20260813,5165: Perrysburg OH,Credit Tips Received,107.17
20260813,5165: Perrysburg OH,Tender: Uber Eats,
20260813,5165: Perrysburg OH,Tender: Uber Eats Banda Burrito,
20260813,5165: Perrysburg OH,Tender: Uber Eats VR,
20260813,5165: Perrysburg OH,Tender: Uber Eats VRM,
20260813,5165: Perrysburg OH,Tender: Uber Eats Nathans,
20260813,5165: Perrysburg OH,Tender: Grub Hub,
20260813,5165: Perrysburg OH,Tender: Grubhub Banda Burrito,
20260813,5165: Perrysburg OH,Tender: Grubhub VRB,
20260813,5165: Perrysburg OH,Tender: Grubhub VRM,
20260813,5165: Perrysburg OH,Tender: QR Pay,
20260813,5165: Perrysburg OH,Tender: Online,200.63
20260813,5165: Perrysburg OH,Tender: Master Card,195.51
20260813,5165: Perrysburg OH,Tender: Visa,387.18
20260813,5165: Perrysburg OH,Tender: Discover,23.84
20260813,5165: Perrysburg OH,Tender: Debit,200.82
20260813,5165: Perrysburg OH,Tender: American Express,
20260813,5165: Perrysburg OH,Tender: Gift Card,3.93
20260813,5165: Perrysburg OH,Tender: Cash,1463.13
20260813,5165: Perrysburg OH,Credit Tips Paid,254.40
20260813,5165: Perrysburg OH,Cash Paid Outs - Non Adjusting,
20260813,5165: Perrysburg OH,Cash Paid Outs - Sales Adjusting,
20260813,5165: Perrysburg OH,Online Gross Sales,195.47
20260813,5166: Jeffersonville OH,Net Sales,2369.76
20260813,5166: Jeffersonville OH,Total Sales Tax,138.80
20260813,5166: Jeffersonville OH,Total Discounts,161.44
20260813,5166: Jeffersonville OH,Major Category: Gift Card,
20260813,5166: Jeffersonville OH,Tender: Door Dash,
20260813,5166: Jeffersonville OH,Tender: Doordash Banda Burrito,
20260813,5166: Jeffersonville OH,Tender: Doordash VRB,
20260813,5166: Jeffersonville OH,Tender: Doordash VRM,
20260813,5166: Jeffersonville OH,Tender: Doordash Nathans,
20260813,5166: Jeffersonville OH,Credit Tips Received,268.36
20260813,5166: Jeffersonville OH,Tender: Uber Eats,
20260813,5166: Jeffersonville OH,Tender: Uber Eats Banda Burrito,
20260813,5166: Jeffersonville OH,Tender: Uber Eats VR,
20260813,5166: Jeffersonville OH,Tender: Uber Eats VRM,
20260813,5166: Jeffersonville OH,Tender: Uber Eats Nathans,
20260813,5166: Jeffersonville OH,Tender: Grub Hub,
20260813,5166: Jeffersonville OH,Tender: Grubhub Banda Burrito,
20260813,5166: Jeffersonville OH,Tender: Grubhub VRB,
20260813,5166: Jeffersonville OH,Tender: Grubhub VRM,
20260813,5166: Jeffersonville OH,Tender: QR Pay,
20260813,5166: Jeffersonville OH,Tender: Online,78.52
20260813,5166: Jeffersonville OH,Tender: Master Card,362.96
20260813,5166: Jeffersonville OH,Tender: Visa,1289.10
20260813,5166: Jeffersonville OH,Tender: Discover,76.30
20260813,5166: Jeffersonville OH,Tender: Debit,207.14
20260813,5166: Jeffersonville OH,Tender: American Express,101.93
20260813,5166: Jeffersonville OH,Tender: Gift Card,
20260813,5166: Jeffersonville OH,Tender: Cash,660.97
20260813,5166: Jeffersonville OH,Credit Tips Paid,268.36
20260813,5166: Jeffersonville OH,Cash Paid Outs - Non Adjusting,
20260813,5166: Jeffersonville OH,Cash Paid Outs - Sales Adjusting,
20260813,5166: Jeffersonville OH,Online Gross Sales,73.69
20260813,5167: Elizabethtown KY,Net Sales,2305.75
20260813,5167: Elizabethtown KY,Total Sales Tax,187.27
20260813,5167: Elizabethtown KY,Total Discounts,118.07
20260813,5167: Elizabethtown KY,Major Category: Gift Card,
20260813,5167: Elizabethtown KY,Tender: Door Dash,264.52
20260813,5167: Elizabethtown KY,Tender: Doordash Banda Burrito,
20260813,5167: Elizabethtown KY,Tender: Doordash VRB,86.99
20260813,5167: Elizabethtown KY,Tender: Doordash VRM,
20260813,5167: Elizabethtown KY,Tender: Doordash Nathans,
20260813,5167: Elizabethtown KY,Credit Tips Received,333.37
20260813,5167: Elizabethtown KY,Tender: Uber Eats,47.40
20260813,5167: Elizabethtown KY,Tender: Uber Eats Banda Burrito,
20260813,5167: Elizabethtown KY,Tender: Uber Eats VR,
20260813,5167: Elizabethtown KY,Tender: Uber Eats VRM,33.91
20260813,5167: Elizabethtown KY,Tender: Uber Eats Nathans,
20260813,5167: Elizabethtown KY,Tender: Grub Hub,
20260813,5167: Elizabethtown KY,Tender: Grubhub Banda Burrito,
20260813,5167: Elizabethtown KY,Tender: Grubhub VRB,
20260813,5167: Elizabethtown KY,Tender: Grubhub VRM,
20260813,5167: Elizabethtown KY,Tender: QR Pay,
20260813,5167: Elizabethtown KY,Tender: Online,184.93
20260813,5167: Elizabethtown KY,Tender: Master Card,228.64
20260813,5167: Elizabethtown KY,Tender: Visa,823.16
20260813,5167: Elizabethtown KY,Tender: Discover,37.78
20260813,5167: Elizabethtown KY,Tender: Debit,372.61
20260813,5167: Elizabethtown KY,Tender: American Express,63.38
20260813,5167: Elizabethtown KY,Tender: Gift Card,30.06
20260813,5167: Elizabethtown KY,Tender: Cash,653.01
20260813,5167: Elizabethtown KY,Credit Tips Paid,313.48
20260813,5167: Elizabethtown KY,Cash Paid Outs - Non Adjusting,
20260813,5167: Elizabethtown KY,Cash Paid Outs - Sales Adjusting,
20260813,5167: Elizabethtown KY,Online Gross Sales,182.64
20260813,5168: Catlettsburg KY,Net Sales,2462.48
20260813,5168: Catlettsburg KY,Total Sales Tax,147.80
20260813,5168: Catlettsburg KY,Total Discounts,42.98
20260813,5168: Catlettsburg KY,Major Category: Gift Card,
20260813,5168: Catlettsburg KY,Tender: Door Dash,
20260813,5168: Catlettsburg KY,Tender: Doordash Banda Burrito,
20260813,5168: Catlettsburg KY,Tender: Doordash VRB,
20260813,5168: Catlettsburg KY,Tender: Doordash VRM,
20260813,5168: Catlettsburg KY,Tender: Doordash Nathans,
20260813,5168: Catlettsburg KY,Credit Tips Received,285.32
20260813,5168: Catlettsburg KY,Tender: Uber Eats,
20260813,5168: Catlettsburg KY,Tender: Uber Eats Banda Burrito,
20260813,5168: Catlettsburg KY,Tender: Uber Eats VR,
20260813,5168: Catlettsburg KY,Tender: Uber Eats VRM,
20260813,5168: Catlettsburg KY,Tender: Uber Eats Nathans,
20260813,5168: Catlettsburg KY,Tender: Grub Hub,
20260813,5168: Catlettsburg KY,Tender: Grubhub Banda Burrito,
20260813,5168: Catlettsburg KY,Tender: Grubhub VRB,
20260813,5168: Catlettsburg KY,Tender: Grubhub VRM,
20260813,5168: Catlettsburg KY,Tender: QR Pay,
20260813,5168: Catlettsburg KY,Tender: Online,70.78
20260813,5168: Catlettsburg KY,Tender: Master Card,503.70
20260813,5168: Catlettsburg KY,Tender: Visa,1158.33
20260813,5168: Catlettsburg KY,Tender: Discover,41.27
20260813,5168: Catlettsburg KY,Tender: Debit,586.11
20260813,5168: Catlettsburg KY,Tender: American Express,9.83
20260813,5168: Catlettsburg KY,Tender: Gift Card,
20260813,5168: Catlettsburg KY,Tender: Cash,525.58
20260813,5168: Catlettsburg KY,Credit Tips Paid,256.61
20260813,5168: Catlettsburg KY,Cash Paid Outs - Non Adjusting,
20260813,5168: Catlettsburg KY,Cash Paid Outs - Sales Adjusting,
20260813,5168: Catlettsburg KY,Online Gross Sales,61.02
20260813,5169: Columbus OH,Net Sales,
20260813,5169: Columbus OH,Total Sales Tax,
20260813,5169: Columbus OH,Total Discounts,
20260813,5169: Columbus OH,Major Category: Gift Card,
20260813,5169: Columbus OH,Tender: Door Dash,
20260813,5169: Columbus OH,Tender: Doordash Banda Burrito,
20260813,5169: Columbus OH,Tender: Doordash VRB,
20260813,5169: Columbus OH,Tender: Doordash VRM,
20260813,5169: Columbus OH,Tender: Doordash Nathans,
20260813,5169: Columbus OH,Credit Tips Received,
20260813,5169: Columbus OH,Tender: Uber Eats,
20260813,5169: Columbus OH,Tender: Uber Eats Banda Burrito,
20260813,5169: Columbus OH,Tender: Uber Eats VR,
20260813,5169: Columbus OH,Tender: Uber Eats VRM,
20260813,5169: Columbus OH,Tender: Uber Eats Nathans,
20260813,5169: Columbus OH,Tender: Grub Hub,
20260813,5169: Columbus OH,Tender: Grubhub Banda Burrito,
20260813,5169: Columbus OH,Tender: Grubhub VRB,
20260813,5169: Columbus OH,Tender: Grubhub VRM,
20260813,5169: Columbus OH,Tender: QR Pay,
20260813,5169: Columbus OH,Tender: Online,
20260813,5169: Columbus OH,Tender: Master Card,
20260813,5169: Columbus OH,Tender: Visa,
20260813,5169: Columbus OH,Tender: Discover,
20260813,5169: Columbus OH,Tender: Debit,
20260813,5169: Columbus OH,Tender: American Express,
20260813,5169: Columbus OH,Tender: Gift Card,
20260813,5169: Columbus OH,Tender: Cash,
20260813,5169: Columbus OH,Credit Tips Paid,
20260813,5169: Columbus OH,Cash Paid Outs - Non Adjusting,
20260813,5169: Columbus OH,Cash Paid Outs - Sales Adjusting,
20260813,5169: Columbus OH,Online Gross Sales,
20260813,7401: Youngstown OH,Net Sales,3077.32
20260813,7401: Youngstown OH,Total Sales Tax,130.98
20260813,7401: Youngstown OH,Total Discounts,82.45
20260813,7401: Youngstown OH,Major Category: Gift Card,
20260813,7401: Youngstown OH,Tender: Door Dash,455.23
20260813,7401: Youngstown OH,Tender: Doordash Banda Burrito,38.76
20260813,7401: Youngstown OH,Tender: Doordash VRB,
20260813,7401: Youngstown OH,Tender: Doordash VRM,161.36
20260813,7401: Youngstown OH,Tender: Doordash Nathans,55.95
20260813,7401: Youngstown OH,Credit Tips Received,369.34
20260813,7401: Youngstown OH,Tender: Uber Eats,15.28
20260813,7401: Youngstown OH,Tender: Uber Eats Banda Burrito,
20260813,7401: Youngstown OH,Tender: Uber Eats VR,
20260813,7401: Youngstown OH,Tender: Uber Eats VRM,
20260813,7401: Youngstown OH,Tender: Uber Eats Nathans,
20260813,7401: Youngstown OH,Tender: Grub Hub,
20260813,7401: Youngstown OH,Tender: Grubhub Banda Burrito,21.98
20260813,7401: Youngstown OH,Tender: Grubhub VRB,37.74
20260813,7401: Youngstown OH,Tender: Grubhub VRM,17.39
20260813,7401: Youngstown OH,Tender: QR Pay,
20260813,7401: Youngstown OH,Tender: Online,67.92
20260813,7401: Youngstown OH,Tender: Master Card,589.11
20260813,7401: Youngstown OH,Tender: Visa,848.95
20260813,7401: Youngstown OH,Tender: Discover,18.28
20260813,7401: Youngstown OH,Tender: Debit,537.56
20260813,7401: Youngstown OH,Tender: American Express,
20260813,7401: Youngstown OH,Tender: Gift Card,33.26
20260813,7401: Youngstown OH,Tender: Cash,678.87
20260813,7401: Youngstown OH,Credit Tips Paid,320.16
20260813,7401: Youngstown OH,Cash Paid Outs - Non Adjusting,
20260813,7401: Youngstown OH,Cash Paid Outs - Sales Adjusting,
20260813,7401: Youngstown OH,Online Gross Sales,74.91
20260813,9690: Marietta OH,Net Sales,1843.31
20260813,9690: Marietta OH,Total Sales Tax,82.89
20260813,9690: Marietta OH,Total Discounts,151.77
20260813,9690: Marietta OH,Major Category: Gift Card,
20260813,9690: Marietta OH,Tender: Door Dash,352.00
20260813,9690: Marietta OH,Tender: Doordash Banda Burrito,
20260813,9690: Marietta OH,Tender: Doordash VRB,70.41
20260813,9690: Marietta OH,Tender: Doordash VRM,
20260813,9690: Marietta OH,Tender: Doordash Nathans,
20260813,9690: Marietta OH,Credit Tips Received,126.50
20260813,9690: Marietta OH,Tender: Uber Eats,
20260813,9690: Marietta OH,Tender: Uber Eats Banda Burrito,
20260813,9690: Marietta OH,Tender: Uber Eats VR,
20260813,9690: Marietta OH,Tender: Uber Eats VRM,
20260813,9690: Marietta OH,Tender: Uber Eats Nathans,
20260813,9690: Marietta OH,Tender: Grub Hub,
20260813,9690: Marietta OH,Tender: Grubhub Banda Burrito,
20260813,9690: Marietta OH,Tender: Grubhub VRB,
20260813,9690: Marietta OH,Tender: Grubhub VRM,
20260813,9690: Marietta OH,Tender: QR Pay,
20260813,9690: Marietta OH,Tender: Online,95.02
20260813,9690: Marietta OH,Tender: Master Card,70.09
20260813,9690: Marietta OH,Tender: Visa,394.57
20260813,9690: Marietta OH,Tender: Discover,19.04
20260813,9690: Marietta OH,Tender: Debit,587.92
20260813,9690: Marietta OH,Tender: American Express,
20260813,9690: Marietta OH,Tender: Gift Card,
20260813,9690: Marietta OH,Tender: Cash,463.65
20260813,9690: Marietta OH,Credit Tips Paid,213.97
20260813,9690: Marietta OH,Cash Paid Outs - Non Adjusting,
20260813,9690: Marietta OH,Cash Paid Outs - Sales Adjusting,
20260813,9690: Marietta OH,Online Gross Sales,
20260813,9697: Findlay OH,Net Sales,3920.08
20260813,9697: Findlay OH,Total Sales Tax,203.87
20260813,9697: Findlay OH,Total Discounts,73.55
20260813,9697: Findlay OH,Major Category: Gift Card,
20260813,9697: Findlay OH,Tender: Door Dash,632.58
20260813,9697: Findlay OH,Tender: Doordash Banda Burrito,
20260813,9697: Findlay OH,Tender: Doordash VRB,21.18
20260813,9697: Findlay OH,Tender: Doordash VRM,122.71
20260813,9697: Findlay OH,Tender: Doordash Nathans,
20260813,9697: Findlay OH,Credit Tips Received,297.08
20260813,9697: Findlay OH,Tender: Uber Eats,
20260813,9697: Findlay OH,Tender: Uber Eats Banda Burrito,
20260813,9697: Findlay OH,Tender: Uber Eats VR,
20260813,9697: Findlay OH,Tender: Uber Eats VRM,
20260813,9697: Findlay OH,Tender: Uber Eats Nathans,
20260813,9697: Findlay OH,Tender: Grub Hub,
20260813,9697: Findlay OH,Tender: Grubhub Banda Burrito,
20260813,9697: Findlay OH,Tender: Grubhub VRB,
20260813,9697: Findlay OH,Tender: Grubhub VRM,
20260813,9697: Findlay OH,Tender: QR Pay,74.49
20260813,9697: Findlay OH,Tender: Online,85.03
20260813,9697: Findlay OH,Tender: Master Card,390.35
20260813,9697: Findlay OH,Tender: Visa,716.31
20260813,9697: Findlay OH,Tender: Discover,64.88
20260813,9697: Findlay OH,Tender: Debit,1109.98
20260813,9697: Findlay OH,Tender: American Express,
20260813,9697: Findlay OH,Tender: Gift Card,14.83
20260813,9697: Findlay OH,Tender: Cash,1188.69
20260813,9697: Findlay OH,Credit Tips Paid,286.92
20260813,9697: Findlay OH,Cash Paid Outs - Non Adjusting,
20260813,9697: Findlay OH,Cash Paid Outs - Sales Adjusting,
20260813,9697: Findlay OH,Online Gross Sales,
20260814,5164: Berkshire OH,Net Sales,3779.77
20260814,5164: Berkshire OH,Total Sales Tax,226.62
20260814,5164: Berkshire OH,Total Discounts,127.41
20260814,5164: Berkshire OH,Major Category: Gift Card,
20260814,5164: Berkshire OH,Tender: Door Dash,71.40
20260814,5164: Berkshire OH,Tender: Doordash Banda Burrito,
20260814,5164: Berkshire OH,Tender: Doordash VRB,23.57
20260814,5164: Berkshire OH,Tender: Doordash VRM,
20260814,5164: Berkshire OH,Tender: Doordash Nathans,
20260814,5164: Berkshire OH,Credit Tips Received,532.52
20260814,5164: Berkshire OH,Tender: Uber Eats,74.13
20260814,5164: Berkshire OH,Tender: Uber Eats Banda Burrito,
20260814,5164: Berkshire OH,Tender: Uber Eats VR,49.84
20260814,5164: Berkshire OH,Tender: Uber Eats VRM,
20260814,5164: Berkshire OH,Tender: Uber Eats Nathans,
20260814,5164: Berkshire OH,Tender: Grub Hub,
20260814,5164: Berkshire OH,Tender: Grubhub Banda Burrito,
20260814,5164: Berkshire OH,Tender: Grubhub VRB,
20260814,5164: Berkshire OH,Tender: Grubhub VRM,
20260814,5164: Berkshire OH,Tender: QR Pay,
20260814,5164: Berkshire OH,Tender: Online,128.27
20260814,5164: Berkshire OH,Tender: Master Card,941.29
20260814,5164: Berkshire OH,Tender: Visa,1895.63
20260814,5164: Berkshire OH,Tender: Discover,73.13
20260814,5164: Berkshire OH,Tender: Debit,542.98
20260814,5164: Berkshire OH,Tender: American Express,64.99
20260814,5164: Berkshire OH,Tender: Gift Card,
20260814,5164: Berkshire OH,Tender: Cash,673.68
20260814,5164: Berkshire OH,Credit Tips Paid,463.69
20260814,5164: Berkshire OH,Cash Paid Outs - Non Adjusting,
20260814,5164: Berkshire OH,Cash Paid Outs - Sales Adjusting,
20260814,5164: Berkshire OH,Online Gross Sales,126.47
20260814,5165: Perrysburg OH,Net Sales,3338.86
20260814,5165: Perrysburg OH,Total Sales Tax,165.54
20260814,5165: Perrysburg OH,Total Discounts,67.81
20260814,5165: Perrysburg OH,Major Category: Gift Card,
20260814,5165: Perrysburg OH,Tender: Door Dash,203.62
20260814,5165: Perrysburg OH,Tender: Doordash Banda Burrito,
20260814,5165: Perrysburg OH,Tender: Doordash VRB,
20260814,5165: Perrysburg OH,Tender: Doordash VRM,
20260814,5165: Perrysburg OH,Tender: Doordash Nathans,
20260814,5165: Perrysburg OH,Credit Tips Received,268.99
20260814,5165: Perrysburg OH,Tender: Uber Eats,56.33
20260814,5165: Perrysburg OH,Tender: Uber Eats Banda Burrito,
20260814,5165: Perrysburg OH,Tender: Uber Eats VR,
20260814,5165: Perrysburg OH,Tender: Uber Eats VRM,
20260814,5165: Perrysburg OH,Tender: Uber Eats Nathans,
20260814,5165: Perrysburg OH,Tender: Grub Hub,
20260814,5165: Perrysburg OH,Tender: Grubhub Banda Burrito,
20260814,5165: Perrysburg OH,Tender: Grubhub VRB,
20260814,5165: Perrysburg OH,Tender: Grubhub VRM,
20260814,5165: Perrysburg OH,Tender: QR Pay,
20260814,5165: Perrysburg OH,Tender: Online,238.73
20260814,5165: Perrysburg OH,Tender: Master Card,704.34
20260814,5165: Perrysburg OH,Tender: Visa,1223.36
20260814,5165: Perrysburg OH,Tender: Discover,52.64
20260814,5165: Perrysburg OH,Tender: Debit,444.51
20260814,5165: Perrysburg OH,Tender: American Express,27.13
20260814,5165: Perrysburg OH,Tender: Gift Card,
20260814,5165: Perrysburg OH,Tender: Cash,822.73
20260814,5165: Perrysburg OH,Credit Tips Paid,205.74
20260814,5165: Perrysburg OH,Cash Paid Outs - Non Adjusting,25.81
20260814,5165: Perrysburg OH,Cash Paid Outs - Sales Adjusting,
20260814,5165: Perrysburg OH,Online Gross Sales,241.49
20260814,5166: Jeffersonville OH,Net Sales,3096.16
20260814,5166: Jeffersonville OH,Total Sales Tax,188.23
20260814,5166: Jeffersonville OH,Total Discounts,234.05
20260814,5166: Jeffersonville OH,Major Category: Gift Card,
20260814,5166: Jeffersonville OH,Tender: Door Dash,
20260814,5166: Jeffersonville OH,Tender: Doordash Banda Burrito,
20260814,5166: Jeffersonville OH,Tender: Doordash VRB,
20260814,5166: Jeffersonville OH,Tender: Doordash VRM,
20260814,5166: Jeffersonville OH,Tender: Doordash Nathans,
20260814,5166: Jeffersonville OH,Credit Tips Received,368.56
20260814,5166: Jeffersonville OH,Tender: Uber Eats,
20260814,5166: Jeffersonville OH,Tender: Uber Eats Banda Burrito,
20260814,5166: Jeffersonville OH,Tender: Uber Eats VR,
20260814,5166: Jeffersonville OH,Tender: Uber Eats VRM,
20260814,5166: Jeffersonville OH,Tender: Uber Eats Nathans,
20260814,5166: Jeffersonville OH,Tender: Grub Hub,
20260814,5166: Jeffersonville OH,Tender: Grubhub Banda Burrito,
20260814,5166: Jeffersonville OH,Tender: Grubhub VRB,
20260814,5166: Jeffersonville OH,Tender: Grubhub VRM,
20260814,5166: Jeffersonville OH,Tender: QR Pay,
20260814,5166: Jeffersonville OH,Tender: Online,
20260814,5166: Jeffersonville OH,Tender: Master Card,807.61
20260814,5166: Jeffersonville OH,Tender: Visa,1602.16
20260814,5166: Jeffersonville OH,Tender: Discover,67.40
20260814,5166: Jeffersonville OH,Tender: Debit,476.04
20260814,5166: Jeffersonville OH,Tender: American Express,40.70
20260814,5166: Jeffersonville OH,Tender: Gift Card,
20260814,5166: Jeffersonville OH,Tender: Cash,659.04
20260814,5166: Jeffersonville OH,Credit Tips Paid,368.56
20260814,5166: Jeffersonville OH,Cash Paid Outs - Non Adjusting,
20260814,5166: Jeffersonville OH,Cash Paid Outs - Sales Adjusting,
20260814,5166: Jeffersonville OH,Online Gross Sales,
20260814,5167: Elizabethtown KY,Net Sales,3472.73
20260814,5167: Elizabethtown KY,Total Sales Tax,282.03
20260814,5167: Elizabethtown KY,Total Discounts,114.57
20260814,5167: Elizabethtown KY,Major Category: Gift Card,
20260814,5167: Elizabethtown KY,Tender: Door Dash,295.58
20260814,5167: Elizabethtown KY,Tender: Doordash Banda Burrito,
20260814,5167: Elizabethtown KY,Tender: Doordash VRB,91.54
20260814,5167: Elizabethtown KY,Tender: Doordash VRM,
20260814,5167: Elizabethtown KY,Tender: Doordash Nathans,
20260814,5167: Elizabethtown KY,Credit Tips Received,367.87
20260814,5167: Elizabethtown KY,Tender: Uber Eats,
20260814,5167: Elizabethtown KY,Tender: Uber Eats Banda Burrito,
20260814,5167: Elizabethtown KY,Tender: Uber Eats VR,27.75
20260814,5167: Elizabethtown KY,Tender: Uber Eats VRM,
20260814,5167: Elizabethtown KY,Tender: Uber Eats Nathans,
20260814,5167: Elizabethtown KY,Tender: Grub Hub,
20260814,5167: Elizabethtown KY,Tender: Grubhub Banda Burrito,
20260814,5167: Elizabethtown KY,Tender: Grubhub VRB,
20260814,5167: Elizabethtown KY,Tender: Grubhub VRM,
20260814,5167: Elizabethtown KY,Tender: QR Pay,
20260814,5167: Elizabethtown KY,Tender: Online,51.73
20260814,5167: Elizabethtown KY,Tender: Master Card,388.86
20260814,5167: Elizabethtown KY,Tender: Visa,2095.99
20260814,5167: Elizabethtown KY,Tender: Discover,
20260814,5167: Elizabethtown KY,Tender: Debit,338.35
20260814,5167: Elizabethtown KY,Tender: American Express,49.11
20260814,5167: Elizabethtown KY,Tender: Gift Card,
20260814,5167: Elizabethtown KY,Tender: Cash,783.72
20260814,5167: Elizabethtown KY,Credit Tips Paid,394.19
20260814,5167: Elizabethtown KY,Cash Paid Outs - Non Adjusting,
20260814,5167: Elizabethtown KY,Cash Paid Outs - Sales Adjusting,
20260814,5167: Elizabethtown KY,Online Gross Sales,47.84
20260814,5168: Catlettsburg KY,Net Sales,2714.80
20260814,5168: Catlettsburg KY,Total Sales Tax,162.93
20260814,5168: Catlettsburg KY,Total Discounts,50.91
20260814,5168: Catlettsburg KY,Major Category: Gift Card,
20260814,5168: Catlettsburg KY,Tender: Door Dash,63.80
20260814,5168: Catlettsburg KY,Tender: Doordash Banda Burrito,
20260814,5168: Catlettsburg KY,Tender: Doordash VRB,
20260814,5168: Catlettsburg KY,Tender: Doordash VRM,
20260814,5168: Catlettsburg KY,Tender: Doordash Nathans,
20260814,5168: Catlettsburg KY,Credit Tips Received,271.28
20260814,5168: Catlettsburg KY,Tender: Uber Eats,
20260814,5168: Catlettsburg KY,Tender: Uber Eats Banda Burrito,
20260814,5168: Catlettsburg KY,Tender: Uber Eats VR,
20260814,5168: Catlettsburg KY,Tender: Uber Eats VRM,
20260814,5168: Catlettsburg KY,Tender: Uber Eats Nathans,
20260814,5168: Catlettsburg KY,Tender: Grub Hub,
20260814,5168: Catlettsburg KY,Tender: Grubhub Banda Burrito,
20260814,5168: Catlettsburg KY,Tender: Grubhub VRB,
20260814,5168: Catlettsburg KY,Tender: Grubhub VRM,
20260814,5168: Catlettsburg KY,Tender: QR Pay,
20260814,5168: Catlettsburg KY,Tender: Online,61.89
20260814,5168: Catlettsburg KY,Tender: Master Card,425.07
20260814,5168: Catlettsburg KY,Tender: Visa,1293.03
20260814,5168: Catlettsburg KY,Tender: Discover,30.34
20260814,5168: Catlettsburg KY,Tender: Debit,465.26
20260814,5168: Catlettsburg KY,Tender: American Express,30.00
20260814,5168: Catlettsburg KY,Tender: Gift Card,
20260814,5168: Catlettsburg KY,Tender: Cash,779.62
20260814,5168: Catlettsburg KY,Credit Tips Paid,153.90
20260814,5168: Catlettsburg KY,Cash Paid Outs - Non Adjusting,40.60
20260814,5168: Catlettsburg KY,Cash Paid Outs - Sales Adjusting,
20260814,5168: Catlettsburg KY,Online Gross Sales,55.71
20260814,5169: Columbus OH,Net Sales,
20260814,5169: Columbus OH,Total Sales Tax,
20260814,5169: Columbus OH,Total Discounts,
20260814,5169: Columbus OH,Major Category: Gift Card,
20260814,5169: Columbus OH,Tender: Door Dash,
20260814,5169: Columbus OH,Tender: Doordash Banda Burrito,
20260814,5169: Columbus OH,Tender: Doordash VRB,
20260814,5169: Columbus OH,Tender: Doordash VRM,
20260814,5169: Columbus OH,Tender: Doordash Nathans,
20260814,5169: Columbus OH,Credit Tips Received,
20260814,5169: Columbus OH,Tender: Uber Eats,
20260814,5169: Columbus OH,Tender: Uber Eats Banda Burrito,
20260814,5169: Columbus OH,Tender: Uber Eats VR,
20260814,5169: Columbus OH,Tender: Uber Eats VRM,
20260814,5169: Columbus OH,Tender: Uber Eats Nathans,
20260814,5169: Columbus OH,Tender: Grub Hub,
20260814,5169: Columbus OH,Tender: Grubhub Banda Burrito,
20260814,5169: Columbus OH,Tender: Grubhub VRB,
20260814,5169: Columbus OH,Tender: Grubhub VRM,
20260814,5169: Columbus OH,Tender: QR Pay,
20260814,5169: Columbus OH,Tender: Online,
20260814,5169: Columbus OH,Tender: Master Card,
20260814,5169: Columbus OH,Tender: Visa,
20260814,5169: Columbus OH,Tender: Discover,
20260814,5169: Columbus OH,Tender: Debit,
20260814,5169: Columbus OH,Tender: American Express,
20260814,5169: Columbus OH,Tender: Gift Card,
20260814,5169: Columbus OH,Tender: Cash,
20260814,5169: Columbus OH,Credit Tips Paid,
20260814,5169: Columbus OH,Cash Paid Outs - Non Adjusting,
20260814,5169: Columbus OH,Cash Paid Outs - Sales Adjusting,
20260814,5169: Columbus OH,Online Gross Sales,
20260814,7401: Youngstown OH,Net Sales,4486.68
20260814,7401: Youngstown OH,Total Sales Tax,149.48
20260814,7401: Youngstown OH,Total Discounts,75.51
20260814,7401: Youngstown OH,Major Category: Gift Card,
20260814,7401: Youngstown OH,Tender: Door Dash,637.49
20260814,7401: Youngstown OH,Tender: Doordash Banda Burrito,
20260814,7401: Youngstown OH,Tender: Doordash VRB,
20260814,7401: Youngstown OH,Tender: Doordash VRM,199.62
20260814,7401: Youngstown OH,Tender: Doordash Nathans,69.91
20260814,7401: Youngstown OH,Credit Tips Received,201.32
20260814,7401: Youngstown OH,Tender: Uber Eats,195.17
20260814,7401: Youngstown OH,Tender: Uber Eats Banda Burrito,
20260814,7401: Youngstown OH,Tender: Uber Eats VR,
20260814,7401: Youngstown OH,Tender: Uber Eats VRM,
20260814,7401: Youngstown OH,Tender: Uber Eats Nathans,11.98
20260814,7401: Youngstown OH,Tender: Grub Hub,
20260814,7401: Youngstown OH,Tender: Grubhub Banda Burrito,
20260814,7401: Youngstown OH,Tender: Grubhub VRB,
20260814,7401: Youngstown OH,Tender: Grubhub VRM,20.58
20260814,7401: Youngstown OH,Tender: QR Pay,
20260814,7401: Youngstown OH,Tender: Online,409.94
20260814,7401: Youngstown OH,Tender: Master Card,325.70
20260814,7401: Youngstown OH,Tender: Visa,828.16
20260814,7401: Youngstown OH,Tender: Discover,43.80
20260814,7401: Youngstown OH,Tender: Debit,784.82
20260814,7401: Youngstown OH,Tender: American Express,20.79
20260814,7401: Youngstown OH,Tender: Gift Card,
20260814,7401: Youngstown OH,Tender: Cash,1289.52
20260814,7401: Youngstown OH,Credit Tips Paid,237.72
20260814,7401: Youngstown OH,Cash Paid Outs - Non Adjusting,
20260814,7401: Youngstown OH,Cash Paid Outs - Sales Adjusting,
20260814,7401: Youngstown OH,Online Gross Sales,403.34
20260814,9690: Marietta OH,Net Sales,2410.75
20260814,9690: Marietta OH,Total Sales Tax,138.65
20260814,9690: Marietta OH,Total Discounts,71.82
20260814,9690: Marietta OH,Major Category: Gift Card,
20260814,9690: Marietta OH,Tender: Door Dash,207.06
20260814,9690: Marietta OH,Tender: Doordash Banda Burrito,
20260814,9690: Marietta OH,Tender: Doordash VRB,149.76
20260814,9690: Marietta OH,Tender: Doordash VRM,
20260814,9690: Marietta OH,Tender: Doordash Nathans,
20260814,9690: Marietta OH,Credit Tips Received,222.29
20260814,9690: Marietta OH,Tender: Uber Eats,
20260814,9690: Marietta OH,Tender: Uber Eats Banda Burrito,
20260814,9690: Marietta OH,Tender: Uber Eats VR,
20260814,9690: Marietta OH,Tender: Uber Eats VRM,
20260814,9690: Marietta OH,Tender: Uber Eats Nathans,
20260814,9690: Marietta OH,Tender: Grub Hub,
20260814,9690: Marietta OH,Tender: Grubhub Banda Burrito,
20260814,9690: Marietta OH,Tender: Grubhub VRB,
20260814,9690: Marietta OH,Tender: Grubhub VRM,
20260814,9690: Marietta OH,Tender: QR Pay,130.93
20260814,9690: Marietta OH,Tender: Online,45.93
20260814,9690: Marietta OH,Tender: Master Card,314.27
20260814,9690: Marietta OH,Tender: Visa,371.94
20260814,9690: Marietta OH,Tender: Discover,
20260814,9690: Marietta OH,Tender: Debit,855.31
20260814,9690: Marietta OH,Tender: American Express,
20260814,9690: Marietta OH,Tender: Gift Card,31.39
20260814,9690: Marietta OH,Tender: Cash,665.10
20260814,9690: Marietta OH,Credit Tips Paid,220.40
20260814,9690: Marietta OH,Cash Paid Outs - Non Adjusting,35.00
20260814,9690: Marietta OH,Cash Paid Outs - Sales Adjusting,
20260814,9690: Marietta OH,Online Gross Sales,
20260814,9697: Findlay OH,Net Sales,5070.75
20260814,9697: Findlay OH,Total Sales Tax,285.78
20260814,9697: Findlay OH,Total Discounts,86.36
20260814,9697: Findlay OH,Major Category: Gift Card,
20260814,9697: Findlay OH,Tender: Door Dash,421.85
20260814,9697: Findlay OH,Tender: Doordash Banda Burrito,
20260814,9697: Findlay OH,Tender: Doordash VRB,62.23
20260814,9697: Findlay OH,Tender: Doordash VRM,166.66
20260814,9697: Findlay OH,Tender: Doordash Nathans,
20260814,9697: Findlay OH,Credit Tips Received,500.90
20260814,9697: Findlay OH,Tender: Uber Eats,69.63
20260814,9697: Findlay OH,Tender: Uber Eats Banda Burrito,
20260814,9697: Findlay OH,Tender: Uber Eats VR,
20260814,9697: Findlay OH,Tender: Uber Eats VRM,
20260814,9697: Findlay OH,Tender: Uber Eats Nathans,
20260814,9697: Findlay OH,Tender: Grub Hub,
20260814,9697: Findlay OH,Tender: Grubhub Banda Burrito,
20260814,9697: Findlay OH,Tender: Grubhub VRB,
20260814,9697: Findlay OH,Tender: Grubhub VRM,
20260814,9697: Findlay OH,Tender: QR Pay,246.92
20260814,9697: Findlay OH,Tender: Online,199.66
20260814,9697: Findlay OH,Tender: Master Card,427.56
20260814,9697: Findlay OH,Tender: Visa,888.28
20260814,9697: Findlay OH,Tender: Discover,109.80
20260814,9697: Findlay OH,Tender: Debit,2240.22
20260814,9697: Findlay OH,Tender: American Express,46.34
20260814,9697: Findlay OH,Tender: Gift Card,
20260814,9697: Findlay OH,Tender: Cash,978.28
20260814,9697: Findlay OH,Credit Tips Paid,511.06
20260814,9697: Findlay OH,Cash Paid Outs - Non Adjusting,
20260814,9697: Findlay OH,Cash Paid Outs - Sales Adjusting,
20260814,9697: Findlay OH,Online Gross Sales,
20260815,5164: Berkshire OH,Net Sales,3718.87
20260815,5164: Berkshire OH,Total Sales Tax,219.19
20260815,5164: Berkshire OH,Total Discounts,139.35
20260815,5164: Berkshire OH,Major Category: Gift Card,
20260815,5164: Berkshire OH,Tender: Door Dash,109.69
20260815,5164: Berkshire OH,Tender: Doordash Banda Burrito,
20260815,5164: Berkshire OH,Tender: Doordash VRB,82.87
20260815,5164: Berkshire OH,Tender: Doordash VRM,
20260815,5164: Berkshire OH,Tender: Doordash Nathans,
20260815,5164: Berkshire OH,Credit Tips Received,402.68
20260815,5164: Berkshire OH,Tender: Uber Eats,64.70
20260815,5164: Berkshire OH,Tender: Uber Eats Banda Burrito,
20260815,5164: Berkshire OH,Tender: Uber Eats VR,
20260815,5164: Berkshire OH,Tender: Uber Eats VRM,
20260815,5164: Berkshire OH,Tender: Uber Eats Nathans,
20260815,5164: Berkshire OH,Tender: Grub Hub,
20260815,5164: Berkshire OH,Tender: Grubhub Banda Burrito,
20260815,5164: Berkshire OH,Tender: Grubhub VRB,
20260815,5164: Berkshire OH,Tender: Grubhub VRM,
20260815,5164: Berkshire OH,Tender: QR Pay,
20260815,5164: Berkshire OH,Tender: Online,235.33
20260815,5164: Berkshire OH,Tender: Master Card,345.56
20260815,5164: Berkshire OH,Tender: Visa,1663.39
20260815,5164: Berkshire OH,Tender: Discover,149.92
20260815,5164: Berkshire OH,Tender: Debit,707.27
20260815,5164: Berkshire OH,Tender: American Express,205.70
20260815,5164: Berkshire OH,Tender: Gift Card,27.52
20260815,5164: Berkshire OH,Tender: Cash,748.79
20260815,5164: Berkshire OH,Credit Tips Paid,539.01
20260815,5164: Berkshire OH,Cash Paid Outs - Non Adjusting,13.47
20260815,5164: Berkshire OH,Cash Paid Outs - Sales Adjusting,
20260815,5164: Berkshire OH,Online Gross Sales,254.02
20260815,5165: Perrysburg OH,Net Sales,4001.14
20260815,5165: Perrysburg OH,Total Sales Tax,224.78
20260815,5165: Perrysburg OH,Total Discounts,206.88
20260815,5165: Perrysburg OH,Major Category: Gift Card,
20260815,5165: Perrysburg OH,Tender: Door Dash,256.91
20260815,5165: Perrysburg OH,Tender: Doordash Banda Burrito,
20260815,5165: Perrysburg OH,Tender: Doordash VRB,
20260815,5165: Perrysburg OH,Tender: Doordash VRM,
20260815,5165: Perrysburg OH,Tender: Doordash Nathans,
20260815,5165: Perrysburg OH,Credit Tips Received,442.10
20260815,5165: Perrysburg OH,Tender: Uber Eats,36.87
20260815,5165: Perrysburg OH,Tender: Uber Eats Banda Burrito,
20260815,5165: Perrysburg OH,Tender: Uber Eats VR,
20260815,5165: Perrysburg OH,Tender: Uber Eats VRM,
20260815,5165: Perrysburg OH,Tender: Uber Eats Nathans,
20260815,5165: Perrysburg OH,Tender: Grub Hub,
20260815,5165: Perrysburg OH,Tender: Grubhub Banda Burrito,
20260815,5165: Perrysburg OH,Tender: Grubhub VRB,
20260815,5165: Perrysburg OH,Tender: Grubhub VRM,
20260815,5165: Perrysburg OH,Tender: QR Pay,
20260815,5165: Perrysburg OH,Tender: Online,124.90
20260815,5165: Perrysburg OH,Tender: Master Card,940.73
20260815,5165: Perrysburg OH,Tender: Visa,960.73
20260815,5165: Perrysburg OH,Tender: Discover,63.37
20260815,5165: Perrysburg OH,Tender: Debit,1130.01
20260815,5165: Perrysburg OH,Tender: American Express,62.82
20260815,5165: Perrysburg OH,Tender: Gift Card,25.00
20260815,5165: Perrysburg OH,Tender: Cash,1066.68
20260815,5165: Perrysburg OH,Credit Tips Paid,502.57
20260815,5165: Perrysburg OH,Cash Paid Outs - Non Adjusting,
20260815,5165: Perrysburg OH,Cash Paid Outs - Sales Adjusting,
20260815,5165: Perrysburg OH,Online Gross Sales,122.14
20260815,5166: Jeffersonville OH,Net Sales,2931.18
20260815,5166: Jeffersonville OH,Total Sales Tax,173.63
20260815,5166: Jeffersonville OH,Total Discounts,216.91
20260815,5166: Jeffersonville OH,Major Category: Gift Card,
20260815,5166: Jeffersonville OH,Tender: Door Dash,100.19
20260815,5166: Jeffersonville OH,Tender: Doordash Banda Burrito,
20260815,5166: Jeffersonville OH,Tender: Doordash VRB,
20260815,5166: Jeffersonville OH,Tender: Doordash VRM,
20260815,5166: Jeffersonville OH,Tender: Doordash Nathans,
20260815,5166: Jeffersonville OH,Credit Tips Received,324.12
20260815,5166: Jeffersonville OH,Tender: Uber Eats,
20260815,5166: Jeffersonville OH,Tender: Uber Eats Banda Burrito,
20260815,5166: Jeffersonville OH,Tender: Uber Eats VR,
20260815,5166: Jeffersonville OH,Tender: Uber Eats VRM,
20260815,5166: Jeffersonville OH,Tender: Uber Eats Nathans,
20260815,5166: Jeffersonville OH,Tender: Grub Hub,
20260815,5166: Jeffersonville OH,Tender: Grubhub Banda Burrito,
20260815,5166: Jeffersonville OH,Tender: Grubhub VRB,
20260815,5166: Jeffersonville OH,Tender: Grubhub VRM,
20260815,5166: Jeffersonville OH,Tender: QR Pay,
20260815,5166: Jeffersonville OH,Tender: Online,60.57
20260815,5166: Jeffersonville OH,Tender: Master Card,778.50
20260815,5166: Jeffersonville OH,Tender: Visa,1244.59
20260815,5166: Jeffersonville OH,Tender: Discover,62.21
20260815,5166: Jeffersonville OH,Tender: Debit,316.79
20260815,5166: Jeffersonville OH,Tender: American Express,40.61
20260815,5166: Jeffersonville OH,Tender: Gift Card,24.32
20260815,5166: Jeffersonville OH,Tender: Cash,801.15
20260815,5166: Jeffersonville OH,Credit Tips Paid,324.12
20260815,5166: Jeffersonville OH,Cash Paid Outs - Non Adjusting,
20260815,5166: Jeffersonville OH,Cash Paid Outs - Sales Adjusting,
20260815,5166: Jeffersonville OH,Online Gross Sales,60.32
20260815,5167: Elizabethtown KY,Net Sales,4559.40
20260815,5167: Elizabethtown KY,Total Sales Tax,370.22
20260815,5167: Elizabethtown KY,Total Discounts,112.20
20260815,5167: Elizabethtown KY,Major Category: Gift Card,
20260815,5167: Elizabethtown KY,Tender: Door Dash,234.46
20260815,5167: Elizabethtown KY,Tender: Doordash Banda Burrito,
20260815,5167: Elizabethtown KY,Tender: Doordash VRB,49.78
20260815,5167: Elizabethtown KY,Tender: Doordash VRM,79.50
20260815,5167: Elizabethtown KY,Tender: Doordash Nathans,
20260815,5167: Elizabethtown KY,Credit Tips Received,349.76
20260815,5167: Elizabethtown KY,Tender: Uber Eats,
20260815,5167: Elizabethtown KY,Tender: Uber Eats Banda Burrito,
20260815,5167: Elizabethtown KY,Tender: Uber Eats VR,
20260815,5167: Elizabethtown KY,Tender: Uber Eats VRM,112.68
20260815,5167: Elizabethtown KY,Tender: Uber Eats Nathans,
20260815,5167: Elizabethtown KY,Tender: Grub Hub,
20260815,5167: Elizabethtown KY,Tender: Grubhub Banda Burrito,
20260815,5167: Elizabethtown KY,Tender: Grubhub VRB,
20260815,5167: Elizabethtown KY,Tender: Grubhub VRM,
20260815,5167: Elizabethtown KY,Tender: QR Pay,
20260815,5167: Elizabethtown KY,Tender: Online,150.80
20260815,5167: Elizabethtown KY,Tender: Master Card,724.73
20260815,5167: Elizabethtown KY,Tender: Visa,1689.06
20260815,5167: Elizabethtown KY,Tender: Discover,26.63
20260815,5167: Elizabethtown KY,Tender: Debit,648.59
20260815,5167: Elizabethtown KY,Tender: American Express,
20260815,5167: Elizabethtown KY,Tender: Gift Card,35.01
20260815,5167: Elizabethtown KY,Tender: Cash,1528.14
20260815,5167: Elizabethtown KY,Credit Tips Paid,347.21
20260815,5167: Elizabethtown KY,Cash Paid Outs - Non Adjusting,
20260815,5167: Elizabethtown KY,Cash Paid Outs - Sales Adjusting,
20260815,5167: Elizabethtown KY,Online Gross Sales,153.90
20260815,5168: Catlettsburg KY,Net Sales,3371.85
20260815,5168: Catlettsburg KY,Total Sales Tax,202.33
20260815,5168: Catlettsburg KY,Total Discounts,22.42
20260815,5168: Catlettsburg KY,Major Category: Gift Card,
20260815,5168: Catlettsburg KY,Tender: Door Dash,97.73
20260815,5168: Catlettsburg KY,Tender: Doordash Banda Burrito,
20260815,5168: Catlettsburg KY,Tender: Doordash VRB,
20260815,5168: Catlettsburg KY,Tender: Doordash VRM,
20260815,5168: Catlettsburg KY,Tender: Doordash Nathans,
20260815,5168: Catlettsburg KY,Credit Tips Received,380.04
20260815,5168: Catlettsburg KY,Tender: Uber Eats,
20260815,5168: Catlettsburg KY,Tender: Uber Eats Banda Burrito,
20260815,5168: Catlettsburg KY,Tender: Uber Eats VR,
20260815,5168: Catlettsburg KY,Tender: Uber Eats VRM,
20260815,5168: Catlettsburg KY,Tender: Uber Eats Nathans,
20260815,5168: Catlettsburg KY,Tender: Grub Hub,
20260815,5168: Catlettsburg KY,Tender: Grubhub Banda Burrito,
20260815,5168: Catlettsburg KY,Tender: Grubhub VRB,
20260815,5168: Catlettsburg KY,Tender: Grubhub VRM,
20260815,5168: Catlettsburg KY,Tender: QR Pay,
20260815,5168: Catlettsburg KY,Tender: Online,148.47
20260815,5168: Catlettsburg KY,Tender: Master Card,741.71
20260815,5168: Catlettsburg KY,Tender: Visa,1220.95
20260815,5168: Catlettsburg KY,Tender: Discover,37.41
20260815,5168: Catlettsburg KY,Tender: Debit,794.01
20260815,5168: Catlettsburg KY,Tender: American Express,39.01
20260815,5168: Catlettsburg KY,Tender: Gift Card,25.00
20260815,5168: Catlettsburg KY,Tender: Cash,849.93
20260815,5168: Catlettsburg KY,Credit Tips Paid,526.10
20260815,5168: Catlettsburg KY,Cash Paid Outs - Non Adjusting,7.00
20260815,5168: Catlettsburg KY,Cash Paid Outs - Sales Adjusting,
20260815,5168: Catlettsburg KY,Online Gross Sales,137.01
20260815,5169: Columbus OH,Net Sales,
20260815,5169: Columbus OH,Total Sales Tax,
20260815,5169: Columbus OH,Total Discounts,
20260815,5169: Columbus OH,Major Category: Gift Card,
20260815,5169: Columbus OH,Tender: Door Dash,
20260815,5169: Columbus OH,Tender: Doordash Banda Burrito,
20260815,5169: Columbus OH,Tender: Doordash VRB,
20260815,5169: Columbus OH,Tender: Doordash VRM,
20260815,5169: Columbus OH,Tender: Doordash Nathans,
20260815,5169: Columbus OH,Credit Tips Received,
20260815,5169: Columbus OH,Tender: Uber Eats,
20260815,5169: Columbus OH,Tender: Uber Eats Banda Burrito,
20260815,5169: Columbus OH,Tender: Uber Eats VR,
20260815,5169: Columbus OH,Tender: Uber Eats VRM,
20260815,5169: Columbus OH,Tender: Uber Eats Nathans,
20260815,5169: Columbus OH,Tender: Grub Hub,
20260815,5169: Columbus OH,Tender: Grubhub Banda Burrito,
20260815,5169: Columbus OH,Tender: Grubhub VRB,
20260815,5169: Columbus OH,Tender: Grubhub VRM,
20260815,5169: Columbus OH,Tender: QR Pay,
20260815,5169: Columbus OH,Tender: Online,
20260815,5169: Columbus OH,Tender: Master Card,
20260815,5169: Columbus OH,Tender: Visa,
20260815,5169: Columbus OH,Tender: Discover,
20260815,5169: Columbus OH,Tender: Debit,
20260815,5169: Columbus OH,Tender: American Express,
20260815,5169: Columbus OH,Tender: Gift Card,
20260815,5169: Columbus OH,Tender: Cash,
20260815,5169: Columbus OH,Credit Tips Paid,
20260815,5169: Columbus OH,Cash Paid Outs - Non Adjusting,
20260815,5169: Columbus OH,Cash Paid Outs - Sales Adjusting,
20260815,5169: Columbus OH,Online Gross Sales,
20260815,7401: Youngstown OH,Net Sales,5815.04
20260815,7401: Youngstown OH,Total Sales Tax,243.61
20260815,7401: Youngstown OH,Total Discounts,202.30
20260815,7401: Youngstown OH,Major Category: Gift Card,
20260815,7401: Youngstown OH,Tender: Door Dash,786.73
20260815,7401: Youngstown OH,Tender: Doordash Banda Burrito,106.76
20260815,7401: Youngstown OH,Tender: Doordash VRB,
20260815,7401: Youngstown OH,Tender: Doordash VRM,361.15
20260815,7401: Youngstown OH,Tender: Doordash Nathans,71.34
20260815,7401: Youngstown OH,Credit Tips Received,375.37
20260815,7401: Youngstown OH,Tender: Uber Eats,132.36
20260815,7401: Youngstown OH,Tender: Uber Eats Banda Burrito,
20260815,7401: Youngstown OH,Tender: Uber Eats VR,31.44
20260815,7401: Youngstown OH,Tender: Uber Eats VRM,
20260815,7401: Youngstown OH,Tender: Uber Eats Nathans,
20260815,7401: Youngstown OH,Tender: Grub Hub,96.81
20260815,7401: Youngstown OH,Tender: Grubhub Banda Burrito,
20260815,7401: Youngstown OH,Tender: Grubhub VRB,
20260815,7401: Youngstown OH,Tender: Grubhub VRM,
20260815,7401: Youngstown OH,Tender: QR Pay,
20260815,7401: Youngstown OH,Tender: Online,245.91
20260815,7401: Youngstown OH,Tender: Master Card,892.36
20260815,7401: Youngstown OH,Tender: Visa,1358.65
20260815,7401: Youngstown OH,Tender: Discover,198.14
20260815,7401: Youngstown OH,Tender: Debit,976.11
20260815,7401: Youngstown OH,Tender: American Express,
20260815,7401: Youngstown OH,Tender: Gift Card,
20260815,7401: Youngstown OH,Tender: Cash,1176.26
20260815,7401: Youngstown OH,Credit Tips Paid,347.21
20260815,7401: Youngstown OH,Cash Paid Outs - Non Adjusting,
20260815,7401: Youngstown OH,Cash Paid Outs - Sales Adjusting,
20260815,7401: Youngstown OH,Online Gross Sales,238.17
20260815,9690: Marietta OH,Net Sales,3446.61
20260815,9690: Marietta OH,Total Sales Tax,215.70
20260815,9690: Marietta OH,Total Discounts,124.87
20260815,9690: Marietta OH,Major Category: Gift Card,
20260815,9690: Marietta OH,Tender: Door Dash,173.00
20260815,9690: Marietta OH,Tender: Doordash Banda Burrito,
20260815,9690: Marietta OH,Tender: Doordash VRB,
20260815,9690: Marietta OH,Tender: Doordash VRM,
20260815,9690: Marietta OH,Tender: Doordash Nathans,
20260815,9690: Marietta OH,Credit Tips Received,373.52
20260815,9690: Marietta OH,Tender: Uber Eats,53.37
20260815,9690: Marietta OH,Tender: Uber Eats Banda Burrito,
20260815,9690: Marietta OH,Tender: Uber Eats VR,
20260815,9690: Marietta OH,Tender: Uber Eats VRM,
20260815,9690: Marietta OH,Tender: Uber Eats Nathans,
20260815,9690: Marietta OH,Tender: Grub Hub,
20260815,9690: Marietta OH,Tender: Grubhub Banda Burrito,
20260815,9690: Marietta OH,Tender: Grubhub VRB,
20260815,9690: Marietta OH,Tender: Grubhub VRM,
20260815,9690: Marietta OH,Tender: QR Pay,514.95
20260815,9690: Marietta OH,Tender: Online,61.92
20260815,9690: Marietta OH,Tender: Master Card,187.50
20260815,9690: Marietta OH,Tender: Visa,668.73
20260815,9690: Marietta OH,Tender: Discover,77.00
20260815,9690: Marietta OH,Tender: Debit,1448.31
20260815,9690: Marietta OH,Tender: American Express,83.95
20260815,9690: Marietta OH,Tender: Gift Card,17.91
20260815,9690: Marietta OH,Tender: Cash,749.19
20260815,9690: Marietta OH,Credit Tips Paid,375.41
20260815,9690: Marietta OH,Cash Paid Outs - Non Adjusting,
20260815,9690: Marietta OH,Cash Paid Outs - Sales Adjusting,
20260815,9690: Marietta OH,Online Gross Sales,
20260815,9697: Findlay OH,Net Sales,6113.91
20260815,9697: Findlay OH,Total Sales Tax,365.39
20260815,9697: Findlay OH,Total Discounts,161.96
20260815,9697: Findlay OH,Major Category: Gift Card,
20260815,9697: Findlay OH,Tender: Door Dash,546.10
20260815,9697: Findlay OH,Tender: Doordash Banda Burrito,
20260815,9697: Findlay OH,Tender: Doordash VRB,85.47
20260815,9697: Findlay OH,Tender: Doordash VRM,121.43
20260815,9697: Findlay OH,Tender: Doordash Nathans,
20260815,9697: Findlay OH,Credit Tips Received,471.07
20260815,9697: Findlay OH,Tender: Uber Eats,51.55
20260815,9697: Findlay OH,Tender: Uber Eats Banda Burrito,
20260815,9697: Findlay OH,Tender: Uber Eats VR,16.67
20260815,9697: Findlay OH,Tender: Uber Eats VRM,
20260815,9697: Findlay OH,Tender: Uber Eats Nathans,
20260815,9697: Findlay OH,Tender: Grub Hub,16.09
20260815,9697: Findlay OH,Tender: Grubhub Banda Burrito,
20260815,9697: Findlay OH,Tender: Grubhub VRB,
20260815,9697: Findlay OH,Tender: Grubhub VRM,
20260815,9697: Findlay OH,Tender: QR Pay,546.98
20260815,9697: Findlay OH,Tender: Online,50.33
20260815,9697: Findlay OH,Tender: Master Card,551.02
20260815,9697: Findlay OH,Tender: Visa,600.97
20260815,9697: Findlay OH,Tender: Discover,119.13
20260815,9697: Findlay OH,Tender: Debit,2280.24
20260815,9697: Findlay OH,Tender: American Express,244.67
20260815,9697: Findlay OH,Tender: Gift Card,119.09
20260815,9697: Findlay OH,Tender: Cash,1585.20
20260815,9697: Findlay OH,Credit Tips Paid,471.07
20260815,9697: Findlay OH,Cash Paid Outs - Non Adjusting,
20260815,9697: Findlay OH,Cash Paid Outs - Sales Adjusting,
20260815,9697: Findlay OH,Online Gross Sales,
20260816,5164: Berkshire OH,Net Sales,4312.90
20260816,5164: Berkshire OH,Total Sales Tax,275.45
20260816,5164: Berkshire OH,Total Discounts,169.59
20260816,5164: Berkshire OH,Major Category: Gift Card,
20260816,5164: Berkshire OH,Tender: Door Dash,82.99
20260816,5164: Berkshire OH,Tender: Doordash Banda Burrito,
20260816,5164: Berkshire OH,Tender: Doordash VRB,
20260816,5164: Berkshire OH,Tender: Doordash VRM,
20260816,5164: Berkshire OH,Tender: Doordash Nathans,
20260816,5164: Berkshire OH,Credit Tips Received,529.49
20260816,5164: Berkshire OH,Tender: Uber Eats,
20260816,5164: Berkshire OH,Tender: Uber Eats Banda Burrito,
20260816,5164: Berkshire OH,Tender: Uber Eats VR,42.77
20260816,5164: Berkshire OH,Tender: Uber Eats VRM,
20260816,5164: Berkshire OH,Tender: Uber Eats Nathans,
20260816,5164: Berkshire OH,Tender: Grub Hub,
20260816,5164: Berkshire OH,Tender: Grubhub Banda Burrito,
20260816,5164: Berkshire OH,Tender: Grubhub VRB,
20260816,5164: Berkshire OH,Tender: Grubhub VRM,
20260816,5164: Berkshire OH,Tender: QR Pay,
20260816,5164: Berkshire OH,Tender: Online,162.35
20260816,5164: Berkshire OH,Tender: Master Card,1258.49
20260816,5164: Berkshire OH,Tender: Visa,1660.49
20260816,5164: Berkshire OH,Tender: Discover,105.37
20260816,5164: Berkshire OH,Tender: Debit,601.89
20260816,5164: Berkshire OH,Tender: American Express,191.97
20260816,5164: Berkshire OH,Tender: Gift Card,5.11
20260816,5164: Berkshire OH,Tender: Cash,1006.41
20260816,5164: Berkshire OH,Credit Tips Paid,448.63
20260816,5164: Berkshire OH,Cash Paid Outs - Non Adjusting,
20260816,5164: Berkshire OH,Cash Paid Outs - Sales Adjusting,
20260816,5164: Berkshire OH,Online Gross Sales,162.35
20260816,5165: Perrysburg OH,Net Sales,3582.47
20260816,5165: Perrysburg OH,Total Sales Tax,202.58
20260816,5165: Perrysburg OH,Total Discounts,149.40
20260816,5165: Perrysburg OH,Major Category: Gift Card,
20260816,5165: Perrysburg OH,Tender: Door Dash,147.72
20260816,5165: Perrysburg OH,Tender: Doordash Banda Burrito,
20260816,5165: Perrysburg OH,Tender: Doordash VRB,
20260816,5165: Perrysburg OH,Tender: Doordash VRM,
20260816,5165: Perrysburg OH,Tender: Doordash Nathans,
20260816,5165: Perrysburg OH,Credit Tips Received,358.53
20260816,5165: Perrysburg OH,Tender: Uber Eats,
20260816,5165: Perrysburg OH,Tender: Uber Eats Banda Burrito,
20260816,5165: Perrysburg OH,Tender: Uber Eats VR,
20260816,5165: Perrysburg OH,Tender: Uber Eats VRM,
20260816,5165: Perrysburg OH,Tender: Uber Eats Nathans,
20260816,5165: Perrysburg OH,Tender: Grub Hub,
20260816,5165: Perrysburg OH,Tender: Grubhub Banda Burrito,
20260816,5165: Perrysburg OH,Tender: Grubhub VRB,
20260816,5165: Perrysburg OH,Tender: Grubhub VRM,
20260816,5165: Perrysburg OH,Tender: QR Pay,
20260816,5165: Perrysburg OH,Tender: Online,248.31
20260816,5165: Perrysburg OH,Tender: Master Card,462.77
20260816,5165: Perrysburg OH,Tender: Visa,1317.27
20260816,5165: Perrysburg OH,Tender: Discover,177.36
20260816,5165: Perrysburg OH,Tender: Debit,527.73
20260816,5165: Perrysburg OH,Tender: American Express,117.60
20260816,5165: Perrysburg OH,Tender: Gift Card,
20260816,5165: Perrysburg OH,Tender: Cash,1144.82
20260816,5165: Perrysburg OH,Credit Tips Paid,330.70
20260816,5165: Perrysburg OH,Cash Paid Outs - Non Adjusting,
20260816,5165: Perrysburg OH,Cash Paid Outs - Sales Adjusting,
20260816,5165: Perrysburg OH,Online Gross Sales,224.68
20260816,5166: Jeffersonville OH,Net Sales,4212.79
20260816,5166: Jeffersonville OH,Total Sales Tax,270.42
20260816,5166: Jeffersonville OH,Total Discounts,123.27
20260816,5166: Jeffersonville OH,Major Category: Gift Card,
20260816,5166: Jeffersonville OH,Tender: Door Dash,66.09
20260816,5166: Jeffersonville OH,Tender: Doordash Banda Burrito,
20260816,5166: Jeffersonville OH,Tender: Doordash VRB,
20260816,5166: Jeffersonville OH,Tender: Doordash VRM,
20260816,5166: Jeffersonville OH,Tender: Doordash Nathans,
20260816,5166: Jeffersonville OH,Credit Tips Received,503.22
20260816,5166: Jeffersonville OH,Tender: Uber Eats,
20260816,5166: Jeffersonville OH,Tender: Uber Eats Banda Burrito,
20260816,5166: Jeffersonville OH,Tender: Uber Eats VR,
20260816,5166: Jeffersonville OH,Tender: Uber Eats VRM,
20260816,5166: Jeffersonville OH,Tender: Uber Eats Nathans,
20260816,5166: Jeffersonville OH,Tender: Grub Hub,
20260816,5166: Jeffersonville OH,Tender: Grubhub Banda Burrito,
20260816,5166: Jeffersonville OH,Tender: Grubhub VRB,
20260816,5166: Jeffersonville OH,Tender: Grubhub VRM,
20260816,5166: Jeffersonville OH,Tender: QR Pay,
20260816,5166: Jeffersonville OH,Tender: Online,103.75
20260816,5166: Jeffersonville OH,Tender: Master Card,1030.68
20260816,5166: Jeffersonville OH,Tender: Visa,1892.89
20260816,5166: Jeffersonville OH,Tender: Discover,90.51
20260816,5166: Jeffersonville OH,Tender: Debit,572.54
20260816,5166: Jeffersonville OH,Tender: American Express,178.12
20260816,5166: Jeffersonville OH,Tender: Gift Card,
20260816,5166: Jeffersonville OH,Tender: Cash,1051.85
20260816,5166: Jeffersonville OH,Credit Tips Paid,501.31
20260816,5166: Jeffersonville OH,Cash Paid Outs - Non Adjusting,
20260816,5166: Jeffersonville OH,Cash Paid Outs - Sales Adjusting,
20260816,5166: Jeffersonville OH,Online Gross Sales,98.98
20260816,5167: Elizabethtown KY,Net Sales,3799.69
20260816,5167: Elizabethtown KY,Total Sales Tax,308.59
20260816,5167: Elizabethtown KY,Total Discounts,113.91
20260816,5167: Elizabethtown KY,Major Category: Gift Card,
20260816,5167: Elizabethtown KY,Tender: Door Dash,373.75
20260816,5167: Elizabethtown KY,Tender: Doordash Banda Burrito,
20260816,5167: Elizabethtown KY,Tender: Doordash VRB,30.57
20260816,5167: Elizabethtown KY,Tender: Doordash VRM,92.16
20260816,5167: Elizabethtown KY,Tender: Doordash Nathans,
20260816,5167: Elizabethtown KY,Credit Tips Received,268.27
20260816,5167: Elizabethtown KY,Tender: Uber Eats,
20260816,5167: Elizabethtown KY,Tender: Uber Eats Banda Burrito,
20260816,5167: Elizabethtown KY,Tender: Uber Eats VR,
20260816,5167: Elizabethtown KY,Tender: Uber Eats VRM,92.75
20260816,5167: Elizabethtown KY,Tender: Uber Eats Nathans,
20260816,5167: Elizabethtown KY,Tender: Grub Hub,51.74
20260816,5167: Elizabethtown KY,Tender: Grubhub Banda Burrito,
20260816,5167: Elizabethtown KY,Tender: Grubhub VRB,
20260816,5167: Elizabethtown KY,Tender: Grubhub VRM,
20260816,5167: Elizabethtown KY,Tender: QR Pay,
20260816,5167: Elizabethtown KY,Tender: Online,118.58
20260816,5167: Elizabethtown KY,Tender: Master Card,428.49
20260816,5167: Elizabethtown KY,Tender: Visa,1612.55
20260816,5167: Elizabethtown KY,Tender: Discover,128.10
20260816,5167: Elizabethtown KY,Tender: Debit,481.43
20260816,5167: Elizabethtown KY,Tender: American Express,48.47
20260816,5167: Elizabethtown KY,Tender: Gift Card,25.00
20260816,5167: Elizabethtown KY,Tender: Cash,892.96
20260816,5167: Elizabethtown KY,Credit Tips Paid,264.04
20260816,5167: Elizabethtown KY,Cash Paid Outs - Non Adjusting,
20260816,5167: Elizabethtown KY,Cash Paid Outs - Sales Adjusting,
20260816,5167: Elizabethtown KY,Online Gross Sales,101.86
20260816,5168: Catlettsburg KY,Net Sales,2421.40
20260816,5168: Catlettsburg KY,Total Sales Tax,145.25
20260816,5168: Catlettsburg KY,Total Discounts,142.89
20260816,5168: Catlettsburg KY,Major Category: Gift Card,
20260816,5168: Catlettsburg KY,Tender: Door Dash,
20260816,5168: Catlettsburg KY,Tender: Doordash Banda Burrito,
20260816,5168: Catlettsburg KY,Tender: Doordash VRB,
20260816,5168: Catlettsburg KY,Tender: Doordash VRM,
20260816,5168: Catlettsburg KY,Tender: Doordash Nathans,
20260816,5168: Catlettsburg KY,Credit Tips Received,344.10
20260816,5168: Catlettsburg KY,Tender: Uber Eats,
20260816,5168: Catlettsburg KY,Tender: Uber Eats Banda Burrito,
20260816,5168: Catlettsburg KY,Tender: Uber Eats VR,
20260816,5168: Catlettsburg KY,Tender: Uber Eats VRM,
20260816,5168: Catlettsburg KY,Tender: Uber Eats Nathans,
20260816,5168: Catlettsburg KY,Tender: Grub Hub,
20260816,5168: Catlettsburg KY,Tender: Grubhub Banda Burrito,
20260816,5168: Catlettsburg KY,Tender: Grubhub VRB,
20260816,5168: Catlettsburg KY,Tender: Grubhub VRM,
20260816,5168: Catlettsburg KY,Tender: QR Pay,
20260816,5168: Catlettsburg KY,Tender: Online,49.67
20260816,5168: Catlettsburg KY,Tender: Master Card,697.71
20260816,5168: Catlettsburg KY,Tender: Visa,1084.78
20260816,5168: Catlettsburg KY,Tender: Discover,44.92
20260816,5168: Catlettsburg KY,Tender: Debit,435.86
20260816,5168: Catlettsburg KY,Tender: American Express,92.94
20260816,5168: Catlettsburg KY,Tender: Gift Card,25.00
20260816,5168: Catlettsburg KY,Tender: Cash,459.87
20260816,5168: Catlettsburg KY,Credit Tips Paid,279.97
20260816,5168: Catlettsburg KY,Cash Paid Outs - Non Adjusting,
20260816,5168: Catlettsburg KY,Cash Paid Outs - Sales Adjusting,
20260816,5168: Catlettsburg KY,Online Gross Sales,53.49
20260816,5169: Columbus OH,Net Sales,
20260816,5169: Columbus OH,Total Sales Tax,
20260816,5169: Columbus OH,Total Discounts,
20260816,5169: Columbus OH,Major Category: Gift Card,
20260816,5169: Columbus OH,Tender: Door Dash,
20260816,5169: Columbus OH,Tender: Doordash Banda Burrito,
20260816,5169: Columbus OH,Tender: Doordash VRB,
20260816,5169: Columbus OH,Tender: Doordash VRM,
20260816,5169: Columbus OH,Tender: Doordash Nathans,
20260816,5169: Columbus OH,Credit Tips Received,
20260816,5169: Columbus OH,Tender: Uber Eats,
20260816,5169: Columbus OH,Tender: Uber Eats Banda Burrito,
20260816,5169: Columbus OH,Tender: Uber Eats VR,
20260816,5169: Columbus OH,Tender: Uber Eats VRM,
20260816,5169: Columbus OH,Tender: Uber Eats Nathans,
20260816,5169: Columbus OH,Tender: Grub Hub,
20260816,5169: Columbus OH,Tender: Grubhub Banda Burrito,
20260816,5169: Columbus OH,Tender: Grubhub VRB,
20260816,5169: Columbus OH,Tender: Grubhub VRM,
20260816,5169: Columbus OH,Tender: QR Pay,
20260816,5169: Columbus OH,Tender: Online,
20260816,5169: Columbus OH,Tender: Master Card,
20260816,5169: Columbus OH,Tender: Visa,
20260816,5169: Columbus OH,Tender: Discover,
20260816,5169: Columbus OH,Tender: Debit,
20260816,5169: Columbus OH,Tender: American Express,
20260816,5169: Columbus OH,Tender: Gift Card,
20260816,5169: Columbus OH,Tender: Cash,
20260816,5169: Columbus OH,Credit Tips Paid,
20260816,5169: Columbus OH,Cash Paid Outs - Non Adjusting,
20260816,5169: Columbus OH,Cash Paid Outs - Sales Adjusting,
20260816,5169: Columbus OH,Online Gross Sales,
20260816,7401: Youngstown OH,Net Sales,4942.94
20260816,7401: Youngstown OH,Total Sales Tax,225.65
20260816,7401: Youngstown OH,Total Discounts,149.45
20260816,7401: Youngstown OH,Major Category: Gift Card,
20260816,7401: Youngstown OH,Tender: Door Dash,565.25
20260816,7401: Youngstown OH,Tender: Doordash Banda Burrito,14.09
20260816,7401: Youngstown OH,Tender: Doordash VRB,
20260816,7401: Youngstown OH,Tender: Doordash VRM,189.84
20260816,7401: Youngstown OH,Tender: Doordash Nathans,103.57
20260816,7401: Youngstown OH,Credit Tips Received,386.58
20260816,7401: Youngstown OH,Tender: Uber Eats,75.28
20260816,7401: Youngstown OH,Tender: Uber Eats Banda Burrito,
20260816,7401: Youngstown OH,Tender: Uber Eats VR,49.76
20260816,7401: Youngstown OH,Tender: Uber Eats VRM,
20260816,7401: Youngstown OH,Tender: Uber Eats Nathans,
20260816,7401: Youngstown OH,Tender: Grub Hub,13.98
20260816,7401: Youngstown OH,Tender: Grubhub Banda Burrito,
20260816,7401: Youngstown OH,Tender: Grubhub VRB,
20260816,7401: Youngstown OH,Tender: Grubhub VRM,
20260816,7401: Youngstown OH,Tender: QR Pay,
20260816,7401: Youngstown OH,Tender: Online,163.33
20260816,7401: Youngstown OH,Tender: Master Card,936.07
20260816,7401: Youngstown OH,Tender: Visa,1002.01
20260816,7401: Youngstown OH,Tender: Discover,43.35
20260816,7401: Youngstown OH,Tender: Debit,1194.09
20260816,7401: Youngstown OH,Tender: American Express,
20260816,7401: Youngstown OH,Tender: Gift Card,42.13
20260816,7401: Youngstown OH,Tender: Cash,1162.42
20260816,7401: Youngstown OH,Credit Tips Paid,427.52
20260816,7401: Youngstown OH,Cash Paid Outs - Non Adjusting,
20260816,7401: Youngstown OH,Cash Paid Outs - Sales Adjusting,
20260816,7401: Youngstown OH,Online Gross Sales,175.04
20260816,9690: Marietta OH,Net Sales,2996.56
20260816,9690: Marietta OH,Total Sales Tax,183.26
20260816,9690: Marietta OH,Total Discounts,61.73
20260816,9690: Marietta OH,Major Category: Gift Card,
20260816,9690: Marietta OH,Tender: Door Dash,126.67
20260816,9690: Marietta OH,Tender: Doordash Banda Burrito,
20260816,9690: Marietta OH,Tender: Doordash VRB,91.27
20260816,9690: Marietta OH,Tender: Doordash VRM,
20260816,9690: Marietta OH,Tender: Doordash Nathans,
20260816,9690: Marietta OH,Credit Tips Received,294.70
20260816,9690: Marietta OH,Tender: Uber Eats,
20260816,9690: Marietta OH,Tender: Uber Eats Banda Burrito,
20260816,9690: Marietta OH,Tender: Uber Eats VR,
20260816,9690: Marietta OH,Tender: Uber Eats VRM,
20260816,9690: Marietta OH,Tender: Uber Eats Nathans,
20260816,9690: Marietta OH,Tender: Grub Hub,
20260816,9690: Marietta OH,Tender: Grubhub Banda Burrito,
20260816,9690: Marietta OH,Tender: Grubhub VRB,
20260816,9690: Marietta OH,Tender: Grubhub VRM,
20260816,9690: Marietta OH,Tender: QR Pay,339.13
20260816,9690: Marietta OH,Tender: Online,167.69
20260816,9690: Marietta OH,Tender: Master Card,537.99
20260816,9690: Marietta OH,Tender: Visa,452.23
20260816,9690: Marietta OH,Tender: Discover,
20260816,9690: Marietta OH,Tender: Debit,1190.83
20260816,9690: Marietta OH,Tender: American Express,
20260816,9690: Marietta OH,Tender: Gift Card,
20260816,9690: Marietta OH,Tender: Cash,568.71
20260816,9690: Marietta OH,Credit Tips Paid,264.68
20260816,9690: Marietta OH,Cash Paid Outs - Non Adjusting,
20260816,9690: Marietta OH,Cash Paid Outs - Sales Adjusting,
20260816,9690: Marietta OH,Online Gross Sales,
20260816,9697: Findlay OH,Net Sales,5588.31
20260816,9697: Findlay OH,Total Sales Tax,340.80
20260816,9697: Findlay OH,Total Discounts,100.91
20260816,9697: Findlay OH,Major Category: Gift Card,
20260816,9697: Findlay OH,Tender: Door Dash,324.23
20260816,9697: Findlay OH,Tender: Doordash Banda Burrito,
20260816,9697: Findlay OH,Tender: Doordash VRB,92.68
20260816,9697: Findlay OH,Tender: Doordash VRM,164.17
20260816,9697: Findlay OH,Tender: Doordash Nathans,
20260816,9697: Findlay OH,Credit Tips Received,472.65
20260816,9697: Findlay OH,Tender: Uber Eats,
20260816,9697: Findlay OH,Tender: Uber Eats Banda Burrito,
20260816,9697: Findlay OH,Tender: Uber Eats VR,
20260816,9697: Findlay OH,Tender: Uber Eats VRM,
20260816,9697: Findlay OH,Tender: Uber Eats Nathans,
20260816,9697: Findlay OH,Tender: Grub Hub,
20260816,9697: Findlay OH,Tender: Grubhub Banda Burrito,
20260816,9697: Findlay OH,Tender: Grubhub VRB,
20260816,9697: Findlay OH,Tender: Grubhub VRM,
20260816,9697: Findlay OH,Tender: QR Pay,386.08
20260816,9697: Findlay OH,Tender: Online,199.21
20260816,9697: Findlay OH,Tender: Master Card,676.10
20260816,9697: Findlay OH,Tender: Visa,1087.88
20260816,9697: Findlay OH,Tender: Discover,113.96
20260816,9697: Findlay OH,Tender: Debit,1787.43
20260816,9697: Findlay OH,Tender: American Express,96.89
20260816,9697: Findlay OH,Tender: Gift Card,25.48
20260816,9697: Findlay OH,Tender: Cash,1447.65
20260816,9697: Findlay OH,Credit Tips Paid,472.65
20260816,9697: Findlay OH,Cash Paid Outs - Non Adjusting,
20260816,9697: Findlay OH,Cash Paid Outs - Sales Adjusting,
20260816,9697: Findlay OH,Online Gross Sales,
20260817,5164: Berkshire OH,Net Sales,2114.21
20260817,5164: Berkshire OH,Total Sales Tax,124.41
20260817,5164: Berkshire OH,Total Discounts,50.38
20260817,5164: Berkshire OH,Major Category: Gift Card,
20260817,5164: Berkshire OH,Tender: Door Dash,43.75
20260817,5164: Berkshire OH,Tender: Doordash Banda Burrito,
20260817,5164: Berkshire OH,Tender: Doordash VRB,
20260817,5164: Berkshire OH,Tender: Doordash VRM,
20260817,5164: Berkshire OH,Tender: Doordash Nathans,
20260817,5164: Berkshire OH,Credit Tips Received,269.76
20260817,5164: Berkshire OH,Tender: Uber Eats,18.19
20260817,5164: Berkshire OH,Tender: Uber Eats Banda Burrito,
20260817,5164: Berkshire OH,Tender: Uber Eats VR,
20260817,5164: Berkshire OH,Tender: Uber Eats VRM,
20260817,5164: Berkshire OH,Tender: Uber Eats Nathans,
20260817,5164: Berkshire OH,Tender: Grub Hub,
20260817,5164: Berkshire OH,Tender: Grubhub Banda Burrito,
20260817,5164: Berkshire OH,Tender: Grubhub VRB,33.86
20260817,5164: Berkshire OH,Tender: Grubhub VRM,
20260817,5164: Berkshire OH,Tender: QR Pay,
20260817,5164: Berkshire OH,Tender: Online,56.15
20260817,5164: Berkshire OH,Tender: Master Card,340.50
20260817,5164: Berkshire OH,Tender: Visa,1010.98
20260817,5164: Berkshire OH,Tender: Discover,77.01
20260817,5164: Berkshire OH,Tender: Debit,394.36
20260817,5164: Berkshire OH,Tender: American Express,39.61
20260817,5164: Berkshire OH,Tender: Gift Card,21.93
20260817,5164: Berkshire OH,Tender: Cash,472.04
20260817,5164: Berkshire OH,Credit Tips Paid,215.18
20260817,5164: Berkshire OH,Cash Paid Outs - Non Adjusting,47.42
20260817,5164: Berkshire OH,Cash Paid Outs - Sales Adjusting,
20260817,5164: Berkshire OH,Online Gross Sales,53.94
20260817,5165: Perrysburg OH,Net Sales,2508.57
20260817,5165: Perrysburg OH,Total Sales Tax,138.56
20260817,5165: Perrysburg OH,Total Discounts,91.35
20260817,5165: Perrysburg OH,Major Category: Gift Card,
20260817,5165: Perrysburg OH,Tender: Door Dash,44.75
20260817,5165: Perrysburg OH,Tender: Doordash Banda Burrito,
20260817,5165: Perrysburg OH,Tender: Doordash VRB,
20260817,5165: Perrysburg OH,Tender: Doordash VRM,
20260817,5165: Perrysburg OH,Tender: Doordash Nathans,
20260817,5165: Perrysburg OH,Credit Tips Received,320.55
20260817,5165: Perrysburg OH,Tender: Uber Eats,
20260817,5165: Perrysburg OH,Tender: Uber Eats Banda Burrito,
20260817,5165: Perrysburg OH,Tender: Uber Eats VR,
20260817,5165: Perrysburg OH,Tender: Uber Eats VRM,
20260817,5165: Perrysburg OH,Tender: Uber Eats Nathans,
20260817,5165: Perrysburg OH,Tender: Grub Hub,
20260817,5165: Perrysburg OH,Tender: Grubhub Banda Burrito,
20260817,5165: Perrysburg OH,Tender: Grubhub VRB,
20260817,5165: Perrysburg OH,Tender: Grubhub VRM,
20260817,5165: Perrysburg OH,Tender: QR Pay,
20260817,5165: Perrysburg OH,Tender: Online,111.20
20260817,5165: Perrysburg OH,Tender: Master Card,446.05
20260817,5165: Perrysburg OH,Tender: Visa,1169.41
20260817,5165: Perrysburg OH,Tender: Discover,56.04
20260817,5165: Perrysburg OH,Tender: Debit,352.60
20260817,5165: Perrysburg OH,Tender: American Express,182.70
20260817,5165: Perrysburg OH,Tender: Gift Card,
20260817,5165: Perrysburg OH,Tender: Cash,604.93
20260817,5165: Perrysburg OH,Credit Tips Paid,310.34
20260817,5165: Perrysburg OH,Cash Paid Outs - Non Adjusting,
20260817,5165: Perrysburg OH,Cash Paid Outs - Sales Adjusting,
20260817,5165: Perrysburg OH,Online Gross Sales,105.74
20260817,5166: Jeffersonville OH,Net Sales,2089.99
20260817,5166: Jeffersonville OH,Total Sales Tax,117.43
20260817,5166: Jeffersonville OH,Total Discounts,39.98
20260817,5166: Jeffersonville OH,Major Category: Gift Card,
20260817,5166: Jeffersonville OH,Tender: Door Dash,32.98
20260817,5166: Jeffersonville OH,Tender: Doordash Banda Burrito,
20260817,5166: Jeffersonville OH,Tender: Doordash VRB,
20260817,5166: Jeffersonville OH,Tender: Doordash VRM,
20260817,5166: Jeffersonville OH,Tender: Doordash Nathans,
20260817,5166: Jeffersonville OH,Credit Tips Received,196.71
20260817,5166: Jeffersonville OH,Tender: Uber Eats,
20260817,5166: Jeffersonville OH,Tender: Uber Eats Banda Burrito,
20260817,5166: Jeffersonville OH,Tender: Uber Eats VR,
20260817,5166: Jeffersonville OH,Tender: Uber Eats VRM,
20260817,5166: Jeffersonville OH,Tender: Uber Eats Nathans,
20260817,5166: Jeffersonville OH,Tender: Grub Hub,
20260817,5166: Jeffersonville OH,Tender: Grubhub Banda Burrito,
20260817,5166: Jeffersonville OH,Tender: Grubhub VRB,
20260817,5166: Jeffersonville OH,Tender: Grubhub VRM,
20260817,5166: Jeffersonville OH,Tender: QR Pay,
20260817,5166: Jeffersonville OH,Tender: Online,47.02
20260817,5166: Jeffersonville OH,Tender: Master Card,372.09
20260817,5166: Jeffersonville OH,Tender: Visa,873.25
20260817,5166: Jeffersonville OH,Tender: Discover,
20260817,5166: Jeffersonville OH,Tender: Debit,342.37
20260817,5166: Jeffersonville OH,Tender: American Express,90.35
20260817,5166: Jeffersonville OH,Tender: Gift Card,
20260817,5166: Jeffersonville OH,Tender: Cash,646.07
20260817,5166: Jeffersonville OH,Credit Tips Paid,195.96
20260817,5166: Jeffersonville OH,Cash Paid Outs - Non Adjusting,
20260817,5166: Jeffersonville OH,Cash Paid Outs - Sales Adjusting,
20260817,5166: Jeffersonville OH,Online Gross Sales,44.36
20260817,5167: Elizabethtown KY,Net Sales,2615.56
20260817,5167: Elizabethtown KY,Total Sales Tax,212.38
20260817,5167: Elizabethtown KY,Total Discounts,110.56
20260817,5167: Elizabethtown KY,Major Category: Gift Card,
20260817,5167: Elizabethtown KY,Tender: Door Dash,244.17
20260817,5167: Elizabethtown KY,Tender: Doordash Banda Burrito,
20260817,5167: Elizabethtown KY,Tender: Doordash VRB,
20260817,5167: Elizabethtown KY,Tender: Doordash VRM,18.91
20260817,5167: Elizabethtown KY,Tender: Doordash Nathans,
20260817,5167: Elizabethtown KY,Credit Tips Received,280.70
20260817,5167: Elizabethtown KY,Tender: Uber Eats,29.99
20260817,5167: Elizabethtown KY,Tender: Uber Eats Banda Burrito,
20260817,5167: Elizabethtown KY,Tender: Uber Eats VR,193.71
20260817,5167: Elizabethtown KY,Tender: Uber Eats VRM,
20260817,5167: Elizabethtown KY,Tender: Uber Eats Nathans,
20260817,5167: Elizabethtown KY,Tender: Grub Hub,
20260817,5167: Elizabethtown KY,Tender: Grubhub Banda Burrito,
20260817,5167: Elizabethtown KY,Tender: Grubhub VRB,
20260817,5167: Elizabethtown KY,Tender: Grubhub VRM,
20260817,5167: Elizabethtown KY,Tender: QR Pay,
20260817,5167: Elizabethtown KY,Tender: Online,72.36
20260817,5167: Elizabethtown KY,Tender: Master Card,480.20
20260817,5167: Elizabethtown KY,Tender: Visa,1421.05
20260817,5167: Elizabethtown KY,Tender: Discover,16.49
20260817,5167: Elizabethtown KY,Tender: Debit,88.47
20260817,5167: Elizabethtown KY,Tender: American Express,40.00
20260817,5167: Elizabethtown KY,Tender: Gift Card,3.74
20260817,5167: Elizabethtown KY,Tender: Cash,499.55
20260817,5167: Elizabethtown KY,Credit Tips Paid,272.78
20260817,5167: Elizabethtown KY,Cash Paid Outs - Non Adjusting,
20260817,5167: Elizabethtown KY,Cash Paid Outs - Sales Adjusting,
20260817,5167: Elizabethtown KY,Online Gross Sales,81.00
20260817,5168: Catlettsburg KY,Net Sales,2398.02
20260817,5168: Catlettsburg KY,Total Sales Tax,143.87
20260817,5168: Catlettsburg KY,Total Discounts,25.68
20260817,5168: Catlettsburg KY,Major Category: Gift Card,
20260817,5168: Catlettsburg KY,Tender: Door Dash,123.03
20260817,5168: Catlettsburg KY,Tender: Doordash Banda Burrito,
20260817,5168: Catlettsburg KY,Tender: Doordash VRB,
20260817,5168: Catlettsburg KY,Tender: Doordash VRM,
20260817,5168: Catlettsburg KY,Tender: Doordash Nathans,
20260817,5168: Catlettsburg KY,Credit Tips Received,226.59
20260817,5168: Catlettsburg KY,Tender: Uber Eats,23.81
20260817,5168: Catlettsburg KY,Tender: Uber Eats Banda Burrito,
20260817,5168: Catlettsburg KY,Tender: Uber Eats VR,
20260817,5168: Catlettsburg KY,Tender: Uber Eats VRM,
20260817,5168: Catlettsburg KY,Tender: Uber Eats Nathans,
20260817,5168: Catlettsburg KY,Tender: Grub Hub,
20260817,5168: Catlettsburg KY,Tender: Grubhub Banda Burrito,
20260817,5168: Catlettsburg KY,Tender: Grubhub VRB,
20260817,5168: Catlettsburg KY,Tender: Grubhub VRM,
20260817,5168: Catlettsburg KY,Tender: QR Pay,
20260817,5168: Catlettsburg KY,Tender: Online,25.04
20260817,5168: Catlettsburg KY,Tender: Master Card,458.47
20260817,5168: Catlettsburg KY,Tender: Visa,905.55
20260817,5168: Catlettsburg KY,Tender: Discover,67.94
20260817,5168: Catlettsburg KY,Tender: Debit,534.01
20260817,5168: Catlettsburg KY,Tender: American Express,70.31
20260817,5168: Catlettsburg KY,Tender: Gift Card,35.01
20260817,5168: Catlettsburg KY,Tender: Cash,525.31
20260817,5168: Catlettsburg KY,Credit Tips Paid,269.79
20260817,5168: Catlettsburg KY,Cash Paid Outs - Non Adjusting,18.65
20260817,5168: Catlettsburg KY,Cash Paid Outs - Sales Adjusting,
20260817,5168: Catlettsburg KY,Online Gross Sales,19.88
20260817,5169: Columbus OH,Net Sales,
20260817,5169: Columbus OH,Total Sales Tax,
20260817,5169: Columbus OH,Total Discounts,
20260817,5169: Columbus OH,Major Category: Gift Card,
20260817,5169: Columbus OH,Tender: Door Dash,
20260817,5169: Columbus OH,Tender: Doordash Banda Burrito,
20260817,5169: Columbus OH,Tender: Doordash VRB,
20260817,5169: Columbus OH,Tender: Doordash VRM,
20260817,5169: Columbus OH,Tender: Doordash Nathans,
20260817,5169: Columbus OH,Credit Tips Received,
20260817,5169: Columbus OH,Tender: Uber Eats,
20260817,5169: Columbus OH,Tender: Uber Eats Banda Burrito,
20260817,5169: Columbus OH,Tender: Uber Eats VR,
20260817,5169: Columbus OH,Tender: Uber Eats VRM,
20260817,5169: Columbus OH,Tender: Uber Eats Nathans,
20260817,5169: Columbus OH,Tender: Grub Hub,
20260817,5169: Columbus OH,Tender: Grubhub Banda Burrito,
20260817,5169: Columbus OH,Tender: Grubhub VRB,
20260817,5169: Columbus OH,Tender: Grubhub VRM,
20260817,5169: Columbus OH,Tender: QR Pay,
20260817,5169: Columbus OH,Tender: Online,
20260817,5169: Columbus OH,Tender: Master Card,
20260817,5169: Columbus OH,Tender: Visa,
20260817,5169: Columbus OH,Tender: Discover,
20260817,5169: Columbus OH,Tender: Debit,
20260817,5169: Columbus OH,Tender: American Express,
20260817,5169: Columbus OH,Tender: Gift Card,
20260817,5169: Columbus OH,Tender: Cash,
20260817,5169: Columbus OH,Credit Tips Paid,
20260817,5169: Columbus OH,Cash Paid Outs - Non Adjusting,
20260817,5169: Columbus OH,Cash Paid Outs - Sales Adjusting,
20260817,5169: Columbus OH,Online Gross Sales,
20260817,7401: Youngstown OH,Net Sales,2866.70
20260817,7401: Youngstown OH,Total Sales Tax,98.35
20260817,7401: Youngstown OH,Total Discounts,150.47
20260817,7401: Youngstown OH,Major Category: Gift Card,
20260817,7401: Youngstown OH,Tender: Door Dash,264.87
20260817,7401: Youngstown OH,Tender: Doordash Banda Burrito,19.79
20260817,7401: Youngstown OH,Tender: Doordash VRB,
20260817,7401: Youngstown OH,Tender: Doordash VRM,350.55
20260817,7401: Youngstown OH,Tender: Doordash Nathans,56.14
20260817,7401: Youngstown OH,Credit Tips Received,161.65
20260817,7401: Youngstown OH,Tender: Uber Eats,33.48
20260817,7401: Youngstown OH,Tender: Uber Eats Banda Burrito,
20260817,7401: Youngstown OH,Tender: Uber Eats VR,41.25
20260817,7401: Youngstown OH,Tender: Uber Eats VRM,
20260817,7401: Youngstown OH,Tender: Uber Eats Nathans,
20260817,7401: Youngstown OH,Tender: Grub Hub,85.26
20260817,7401: Youngstown OH,Tender: Grubhub Banda Burrito,
20260817,7401: Youngstown OH,Tender: Grubhub VRB,47.04
20260817,7401: Youngstown OH,Tender: Grubhub VRM,
20260817,7401: Youngstown OH,Tender: QR Pay,
20260817,7401: Youngstown OH,Tender: Online,214.75
20260817,7401: Youngstown OH,Tender: Master Card,265.88
20260817,7401: Youngstown OH,Tender: Visa,724.95
20260817,7401: Youngstown OH,Tender: Discover,31.36
20260817,7401: Youngstown OH,Tender: Debit,439.88
20260817,7401: Youngstown OH,Tender: American Express,72.26
20260817,7401: Youngstown OH,Tender: Gift Card,71.91
20260817,7401: Youngstown OH,Tender: Cash,407.33
20260817,7401: Youngstown OH,Credit Tips Paid,161.65
20260817,7401: Youngstown OH,Cash Paid Outs - Non Adjusting,
20260817,7401: Youngstown OH,Cash Paid Outs - Sales Adjusting,
20260817,7401: Youngstown OH,Online Gross Sales,225.14
20260817,9690: Marietta OH,Net Sales,1413.27
20260817,9690: Marietta OH,Total Sales Tax,83.80
20260817,9690: Marietta OH,Total Discounts,98.39
20260817,9690: Marietta OH,Major Category: Gift Card,
20260817,9690: Marietta OH,Tender: Door Dash,71.59
20260817,9690: Marietta OH,Tender: Doordash Banda Burrito,
20260817,9690: Marietta OH,Tender: Doordash VRB,48.12
20260817,9690: Marietta OH,Tender: Doordash VRM,
20260817,9690: Marietta OH,Tender: Doordash Nathans,
20260817,9690: Marietta OH,Credit Tips Received,106.80
20260817,9690: Marietta OH,Tender: Uber Eats,
20260817,9690: Marietta OH,Tender: Uber Eats Banda Burrito,
20260817,9690: Marietta OH,Tender: Uber Eats VR,
20260817,9690: Marietta OH,Tender: Uber Eats VRM,
20260817,9690: Marietta OH,Tender: Uber Eats Nathans,
20260817,9690: Marietta OH,Tender: Grub Hub,
20260817,9690: Marietta OH,Tender: Grubhub Banda Burrito,
20260817,9690: Marietta OH,Tender: Grubhub VRB,
20260817,9690: Marietta OH,Tender: Grubhub VRM,
20260817,9690: Marietta OH,Tender: QR Pay,
20260817,9690: Marietta OH,Tender: Online,21.56
20260817,9690: Marietta OH,Tender: Master Card,141.28
20260817,9690: Marietta OH,Tender: Visa,169.16
20260817,9690: Marietta OH,Tender: Discover,
20260817,9690: Marietta OH,Tender: Debit,665.01
20260817,9690: Marietta OH,Tender: American Express,
20260817,9690: Marietta OH,Tender: Gift Card,
20260817,9690: Marietta OH,Tender: Cash,487.15
20260817,9690: Marietta OH,Credit Tips Paid,51.95
20260817,9690: Marietta OH,Cash Paid Outs - Non Adjusting,84.41
20260817,9690: Marietta OH,Cash Paid Outs - Sales Adjusting,
20260817,9690: Marietta OH,Online Gross Sales,
20260817,9697: Findlay OH,Net Sales,2839.61
20260817,9697: Findlay OH,Total Sales Tax,165.02
20260817,9697: Findlay OH,Total Discounts,88.88
20260817,9697: Findlay OH,Major Category: Gift Card,
20260817,9697: Findlay OH,Tender: Door Dash,307.09
20260817,9697: Findlay OH,Tender: Doordash Banda Burrito,
20260817,9697: Findlay OH,Tender: Doordash VRB,75.60
20260817,9697: Findlay OH,Tender: Doordash VRM,19.08
20260817,9697: Findlay OH,Tender: Doordash Nathans,
20260817,9697: Findlay OH,Credit Tips Received,194.52
20260817,9697: Findlay OH,Tender: Uber Eats,29.57
20260817,9697: Findlay OH,Tender: Uber Eats Banda Burrito,
20260817,9697: Findlay OH,Tender: Uber Eats VR,39.83
20260817,9697: Findlay OH,Tender: Uber Eats VRM,
20260817,9697: Findlay OH,Tender: Uber Eats Nathans,
20260817,9697: Findlay OH,Tender: Grub Hub,
20260817,9697: Findlay OH,Tender: Grubhub Banda Burrito,
20260817,9697: Findlay OH,Tender: Grubhub VRB,
20260817,9697: Findlay OH,Tender: Grubhub VRM,
20260817,9697: Findlay OH,Tender: QR Pay,234.67
20260817,9697: Findlay OH,Tender: Online,39.16
20260817,9697: Findlay OH,Tender: Master Card,337.66
20260817,9697: Findlay OH,Tender: Visa,566.03
20260817,9697: Findlay OH,Tender: Discover,36.59
20260817,9697: Findlay OH,Tender: Debit,679.55
20260817,9697: Findlay OH,Tender: American Express,17.24
20260817,9697: Findlay OH,Tender: Gift Card,
20260817,9697: Findlay OH,Tender: Cash,817.08
20260817,9697: Findlay OH,Credit Tips Paid,194.52
20260817,9697: Findlay OH,Cash Paid Outs - Non Adjusting,
20260817,9697: Findlay OH,Cash Paid Outs - Sales Adjusting,
20260817,9697: Findlay OH,Online Gross Sales,
20260818,5164: Berkshire OH,Net Sales,2239.22
20260818,5164: Berkshire OH,Total Sales Tax,141.94
20260818,5164: Berkshire OH,Total Discounts,108.57
20260818,5164: Berkshire OH,Major Category: Gift Card,
20260818,5164: Berkshire OH,Tender: Door Dash,
20260818,5164: Berkshire OH,Tender: Doordash Banda Burrito,
20260818,5164: Berkshire OH,Tender: Doordash VRB,16.59
20260818,5164: Berkshire OH,Tender: Doordash VRM,
20260818,5164: Berkshire OH,Tender: Doordash Nathans,
20260818,5164: Berkshire OH,Credit Tips Received,272.74
20260818,5164: Berkshire OH,Tender: Uber Eats,28.53
20260818,5164: Berkshire OH,Tender: Uber Eats Banda Burrito,
20260818,5164: Berkshire OH,Tender: Uber Eats VR,
20260818,5164: Berkshire OH,Tender: Uber Eats VRM,
20260818,5164: Berkshire OH,Tender: Uber Eats Nathans,
20260818,5164: Berkshire OH,Tender: Grub Hub,
20260818,5164: Berkshire OH,Tender: Grubhub Banda Burrito,
20260818,5164: Berkshire OH,Tender: Grubhub VRB,
20260818,5164: Berkshire OH,Tender: Grubhub VRM,
20260818,5164: Berkshire OH,Tender: QR Pay,
20260818,5164: Berkshire OH,Tender: Online,105.31
20260818,5164: Berkshire OH,Tender: Master Card,399.13
20260818,5164: Berkshire OH,Tender: Visa,1019.32
20260818,5164: Berkshire OH,Tender: Discover,43.58
20260818,5164: Berkshire OH,Tender: Debit,405.40
20260818,5164: Berkshire OH,Tender: American Express,
20260818,5164: Berkshire OH,Tender: Gift Card,
20260818,5164: Berkshire OH,Tender: Cash,636.04
20260818,5164: Berkshire OH,Credit Tips Paid,399.92
20260818,5164: Berkshire OH,Cash Paid Outs - Non Adjusting,
20260818,5164: Berkshire OH,Cash Paid Outs - Sales Adjusting,
20260818,5164: Berkshire OH,Online Gross Sales,95.50
20260818,5165: Perrysburg OH,Net Sales,2653.36
20260818,5165: Perrysburg OH,Total Sales Tax,132.40
20260818,5165: Perrysburg OH,Total Discounts,93.64
20260818,5165: Perrysburg OH,Major Category: Gift Card,
20260818,5165: Perrysburg OH,Tender: Door Dash,104.76
20260818,5165: Perrysburg OH,Tender: Doordash Banda Burrito,
20260818,5165: Perrysburg OH,Tender: Doordash VRB,
20260818,5165: Perrysburg OH,Tender: Doordash VRM,
20260818,5165: Perrysburg OH,Tender: Doordash Nathans,
20260818,5165: Perrysburg OH,Credit Tips Received,290.77
20260818,5165: Perrysburg OH,Tender: Uber Eats,98.56
20260818,5165: Perrysburg OH,Tender: Uber Eats Banda Burrito,
20260818,5165: Perrysburg OH,Tender: Uber Eats VR,
20260818,5165: Perrysburg OH,Tender: Uber Eats VRM,
20260818,5165: Perrysburg OH,Tender: Uber Eats Nathans,
20260818,5165: Perrysburg OH,Tender: Grub Hub,
20260818,5165: Perrysburg OH,Tender: Grubhub Banda Burrito,
20260818,5165: Perrysburg OH,Tender: Grubhub VRB,
20260818,5165: Perrysburg OH,Tender: Grubhub VRM,
20260818,5165: Perrysburg OH,Tender: QR Pay,
20260818,5165: Perrysburg OH,Tender: Online,86.03
20260818,5165: Perrysburg OH,Tender: Master Card,556.97
20260818,5165: Perrysburg OH,Tender: Visa,1282.77
20260818,5165: Perrysburg OH,Tender: Discover,114.16
20260818,5165: Perrysburg OH,Tender: Debit,287.60
20260818,5165: Perrysburg OH,Tender: American Express,19.20
20260818,5165: Perrysburg OH,Tender: Gift Card,
20260818,5165: Perrysburg OH,Tender: Cash,526.48
20260818,5165: Perrysburg OH,Credit Tips Paid,269.04
20260818,5165: Perrysburg OH,Cash Paid Outs - Non Adjusting,
20260818,5165: Perrysburg OH,Cash Paid Outs - Sales Adjusting,
20260818,5165: Perrysburg OH,Online Gross Sales,80.91
20260818,5166: Jeffersonville OH,Net Sales,2125.60
20260818,5166: Jeffersonville OH,Total Sales Tax,122.90
20260818,5166: Jeffersonville OH,Total Discounts,90.98
20260818,5166: Jeffersonville OH,Major Category: Gift Card,
20260818,5166: Jeffersonville OH,Tender: Door Dash,
20260818,5166: Jeffersonville OH,Tender: Doordash Banda Burrito,
20260818,5166: Jeffersonville OH,Tender: Doordash VRB,
20260818,5166: Jeffersonville OH,Tender: Doordash VRM,
20260818,5166: Jeffersonville OH,Tender: Doordash Nathans,
20260818,5166: Jeffersonville OH,Credit Tips Received,286.11
20260818,5166: Jeffersonville OH,Tender: Uber Eats,
20260818,5166: Jeffersonville OH,Tender: Uber Eats Banda Burrito,
20260818,5166: Jeffersonville OH,Tender: Uber Eats VR,
20260818,5166: Jeffersonville OH,Tender: Uber Eats VRM,
20260818,5166: Jeffersonville OH,Tender: Uber Eats Nathans,
20260818,5166: Jeffersonville OH,Tender: Grub Hub,
20260818,5166: Jeffersonville OH,Tender: Grubhub Banda Burrito,
20260818,5166: Jeffersonville OH,Tender: Grubhub VRB,
20260818,5166: Jeffersonville OH,Tender: Grubhub VRM,
20260818,5166: Jeffersonville OH,Tender: QR Pay,
20260818,5166: Jeffersonville OH,Tender: Online,34.99
20260818,5166: Jeffersonville OH,Tender: Master Card,409.37
20260818,5166: Jeffersonville OH,Tender: Visa,1219.33
20260818,5166: Jeffersonville OH,Tender: Discover,45.76
20260818,5166: Jeffersonville OH,Tender: Debit,270.41
20260818,5166: Jeffersonville OH,Tender: American Express,29.65
20260818,5166: Jeffersonville OH,Tender: Gift Card,
20260818,5166: Jeffersonville OH,Tender: Cash,525.10
20260818,5166: Jeffersonville OH,Credit Tips Paid,288.77
20260818,5166: Jeffersonville OH,Cash Paid Outs - Non Adjusting,
20260818,5166: Jeffersonville OH,Cash Paid Outs - Sales Adjusting,
20260818,5166: Jeffersonville OH,Online Gross Sales,38.94
20260818,5167: Elizabethtown KY,Net Sales,2426.26
20260818,5167: Elizabethtown KY,Total Sales Tax,197.01
20260818,5167: Elizabethtown KY,Total Discounts,130.29
20260818,5167: Elizabethtown KY,Major Category: Gift Card,
20260818,5167: Elizabethtown KY,Tender: Door Dash,176.89
20260818,5167: Elizabethtown KY,Tender: Doordash Banda Burrito,
20260818,5167: Elizabethtown KY,Tender: Doordash VRB,88.65
20260818,5167: Elizabethtown KY,Tender: Doordash VRM,22.14
20260818,5167: Elizabethtown KY,Tender: Doordash Nathans,
20260818,5167: Elizabethtown KY,Credit Tips Received,227.59
20260818,5167: Elizabethtown KY,Tender: Uber Eats,24.61
20260818,5167: Elizabethtown KY,Tender: Uber Eats Banda Burrito,
20260818,5167: Elizabethtown KY,Tender: Uber Eats VR,
20260818,5167: Elizabethtown KY,Tender: Uber Eats VRM,
20260818,5167: Elizabethtown KY,Tender: Uber Eats Nathans,
20260818,5167: Elizabethtown KY,Tender: Grub Hub,
20260818,5167: Elizabethtown KY,Tender: Grubhub Banda Burrito,
20260818,5167: Elizabethtown KY,Tender: Grubhub VRB,
20260818,5167: Elizabethtown KY,Tender: Grubhub VRM,
20260818,5167: Elizabethtown KY,Tender: QR Pay,
20260818,5167: Elizabethtown KY,Tender: Online,94.37
20260818,5167: Elizabethtown KY,Tender: Master Card,257.95
20260818,5167: Elizabethtown KY,Tender: Visa,775.13
20260818,5167: Elizabethtown KY,Tender: Discover,33.32
20260818,5167: Elizabethtown KY,Tender: Debit,421.15
20260818,5167: Elizabethtown KY,Tender: American Express,44.89
20260818,5167: Elizabethtown KY,Tender: Gift Card,29.82
20260818,5167: Elizabethtown KY,Tender: Cash,881.94
20260818,5167: Elizabethtown KY,Credit Tips Paid,230.51
20260818,5167: Elizabethtown KY,Cash Paid Outs - Non Adjusting,
20260818,5167: Elizabethtown KY,Cash Paid Outs - Sales Adjusting,
20260818,5167: Elizabethtown KY,Online Gross Sales,87.29
20260818,5168: Catlettsburg KY,Net Sales,2070.62
20260818,5168: Catlettsburg KY,Total Sales Tax,124.27
20260818,5168: Catlettsburg KY,Total Discounts,35.83
20260818,5168: Catlettsburg KY,Major Category: Gift Card,
20260818,5168: Catlettsburg KY,Tender: Door Dash,67.77
20260818,5168: Catlettsburg KY,Tender: Doordash Banda Burrito,
20260818,5168: Catlettsburg KY,Tender: Doordash VRB,
20260818,5168: Catlettsburg KY,Tender: Doordash VRM,
20260818,5168: Catlettsburg KY,Tender: Doordash Nathans,
20260818,5168: Catlettsburg KY,Credit Tips Received,186.52
20260818,5168: Catlettsburg KY,Tender: Uber Eats,
20260818,5168: Catlettsburg KY,Tender: Uber Eats Banda Burrito,
20260818,5168: Catlettsburg KY,Tender: Uber Eats VR,
20260818,5168: Catlettsburg KY,Tender: Uber Eats VRM,
20260818,5168: Catlettsburg KY,Tender: Uber Eats Nathans,
20260818,5168: Catlettsburg KY,Tender: Grub Hub,
20260818,5168: Catlettsburg KY,Tender: Grubhub Banda Burrito,
20260818,5168: Catlettsburg KY,Tender: Grubhub VRB,
20260818,5168: Catlettsburg KY,Tender: Grubhub VRM,
20260818,5168: Catlettsburg KY,Tender: QR Pay,
20260818,5168: Catlettsburg KY,Tender: Online,65.36
20260818,5168: Catlettsburg KY,Tender: Master Card,325.82
20260818,5168: Catlettsburg KY,Tender: Visa,783.90
20260818,5168: Catlettsburg KY,Tender: Discover,83.50
20260818,5168: Catlettsburg KY,Tender: Debit,296.40
20260818,5168: Catlettsburg KY,Tender: American Express,
20260818,5168: Catlettsburg KY,Tender: Gift Card,
20260818,5168: Catlettsburg KY,Tender: Cash,758.66
20260818,5168: Catlettsburg KY,Credit Tips Paid,187.60
20260818,5168: Catlettsburg KY,Cash Paid Outs - Non Adjusting,59.58
20260818,5168: Catlettsburg KY,Cash Paid Outs - Sales Adjusting,
20260818,5168: Catlettsburg KY,Online Gross Sales,58.05
20260818,5169: Columbus OH,Net Sales,
20260818,5169: Columbus OH,Total Sales Tax,
20260818,5169: Columbus OH,Total Discounts,
20260818,5169: Columbus OH,Major Category: Gift Card,
20260818,5169: Columbus OH,Tender: Door Dash,
20260818,5169: Columbus OH,Tender: Doordash Banda Burrito,
20260818,5169: Columbus OH,Tender: Doordash VRB,
20260818,5169: Columbus OH,Tender: Doordash VRM,
20260818,5169: Columbus OH,Tender: Doordash Nathans,
20260818,5169: Columbus OH,Credit Tips Received,
20260818,5169: Columbus OH,Tender: Uber Eats,
20260818,5169: Columbus OH,Tender: Uber Eats Banda Burrito,
20260818,5169: Columbus OH,Tender: Uber Eats VR,
20260818,5169: Columbus OH,Tender: Uber Eats VRM,
20260818,5169: Columbus OH,Tender: Uber Eats Nathans,
20260818,5169: Columbus OH,Tender: Grub Hub,
20260818,5169: Columbus OH,Tender: Grubhub Banda Burrito,
20260818,5169: Columbus OH,Tender: Grubhub VRB,
20260818,5169: Columbus OH,Tender: Grubhub VRM,
20260818,5169: Columbus OH,Tender: QR Pay,
20260818,5169: Columbus OH,Tender: Online,
20260818,5169: Columbus OH,Tender: Master Card,
20260818,5169: Columbus OH,Tender: Visa,
20260818,5169: Columbus OH,Tender: Discover,
20260818,5169: Columbus OH,Tender: Debit,
20260818,5169: Columbus OH,Tender: American Express,
20260818,5169: Columbus OH,Tender: Gift Card,
20260818,5169: Columbus OH,Tender: Cash,
20260818,5169: Columbus OH,Credit Tips Paid,
20260818,5169: Columbus OH,Cash Paid Outs - Non Adjusting,
20260818,5169: Columbus OH,Cash Paid Outs - Sales Adjusting,
20260818,5169: Columbus OH,Online Gross Sales,
20260818,7401: Youngstown OH,Net Sales,3141.50
20260818,7401: Youngstown OH,Total Sales Tax,123.95
20260818,7401: Youngstown OH,Total Discounts,118.50
20260818,7401: Youngstown OH,Major Category: Gift Card,
20260818,7401: Youngstown OH,Tender: Door Dash,464.18
20260818,7401: Youngstown OH,Tender: Doordash Banda Burrito,15.29
20260818,7401: Youngstown OH,Tender: Doordash VRB,
20260818,7401: Youngstown OH,Tender: Doordash VRM,209.35
20260818,7401: Youngstown OH,Tender: Doordash Nathans,46.16
20260818,7401: Youngstown OH,Credit Tips Received,191.10
20260818,7401: Youngstown OH,Tender: Uber Eats,59.54
20260818,7401: Youngstown OH,Tender: Uber Eats Banda Burrito,
20260818,7401: Youngstown OH,Tender: Uber Eats VR,
20260818,7401: Youngstown OH,Tender: Uber Eats VRM,
20260818,7401: Youngstown OH,Tender: Uber Eats Nathans,
20260818,7401: Youngstown OH,Tender: Grub Hub,
20260818,7401: Youngstown OH,Tender: Grubhub Banda Burrito,
20260818,7401: Youngstown OH,Tender: Grubhub VRB,
20260818,7401: Youngstown OH,Tender: Grubhub VRM,
20260818,7401: Youngstown OH,Tender: QR Pay,
20260818,7401: Youngstown OH,Tender: Online,271.37
20260818,7401: Youngstown OH,Tender: Master Card,288.45
20260818,7401: Youngstown OH,Tender: Visa,549.53
20260818,7401: Youngstown OH,Tender: Discover,33.05
20260818,7401: Youngstown OH,Tender: Debit,514.37
20260818,7401: Youngstown OH,Tender: American Express,68.42
20260818,7401: Youngstown OH,Tender: Gift Card,
20260818,7401: Youngstown OH,Tender: Cash,936.84
20260818,7401: Youngstown OH,Credit Tips Paid,191.10
20260818,7401: Youngstown OH,Cash Paid Outs - Non Adjusting,
20260818,7401: Youngstown OH,Cash Paid Outs - Sales Adjusting,
20260818,7401: Youngstown OH,Online Gross Sales,295.83
20260818,9690: Marietta OH,Net Sales,1302.95
20260818,9690: Marietta OH,Total Sales Tax,67.74
20260818,9690: Marietta OH,Total Discounts,62.56
20260818,9690: Marietta OH,Major Category: Gift Card,
20260818,9690: Marietta OH,Tender: Door Dash,95.53
20260818,9690: Marietta OH,Tender: Doordash Banda Burrito,
20260818,9690: Marietta OH,Tender: Doordash VRB,60.11
20260818,9690: Marietta OH,Tender: Doordash VRM,
20260818,9690: Marietta OH,Tender: Doordash Nathans,
20260818,9690: Marietta OH,Credit Tips Received,134.63
20260818,9690: Marietta OH,Tender: Uber Eats,
20260818,9690: Marietta OH,Tender: Uber Eats Banda Burrito,
20260818,9690: Marietta OH,Tender: Uber Eats VR,
20260818,9690: Marietta OH,Tender: Uber Eats VRM,
20260818,9690: Marietta OH,Tender: Uber Eats Nathans,
20260818,9690: Marietta OH,Tender: Grub Hub,
20260818,9690: Marietta OH,Tender: Grubhub Banda Burrito,
20260818,9690: Marietta OH,Tender: Grubhub VRB,
20260818,9690: Marietta OH,Tender: Grubhub VRM,
20260818,9690: Marietta OH,Tender: QR Pay,43.78
20260818,9690: Marietta OH,Tender: Online,37.97
20260818,9690: Marietta OH,Tender: Master Card,317.30
20260818,9690: Marietta OH,Tender: Visa,236.04
20260818,9690: Marietta OH,Tender: Discover,
20260818,9690: Marietta OH,Tender: Debit,268.52
20260818,9690: Marietta OH,Tender: American Express,
20260818,9690: Marietta OH,Tender: Gift Card,
20260818,9690: Marietta OH,Tender: Cash,446.07
20260818,9690: Marietta OH,Credit Tips Paid,156.43
20260818,9690: Marietta OH,Cash Paid Outs - Non Adjusting,
20260818,9690: Marietta OH,Cash Paid Outs - Sales Adjusting,
20260818,9690: Marietta OH,Online Gross Sales,
20260818,9697: Findlay OH,Net Sales,2567.72
20260818,9697: Findlay OH,Total Sales Tax,130.16
20260818,9697: Findlay OH,Total Discounts,74.95
20260818,9697: Findlay OH,Major Category: Gift Card,
20260818,9697: Findlay OH,Tender: Door Dash,363.29
20260818,9697: Findlay OH,Tender: Doordash Banda Burrito,
20260818,9697: Findlay OH,Tender: Doordash VRB,99.96
20260818,9697: Findlay OH,Tender: Doordash VRM,101.32
20260818,9697: Findlay OH,Tender: Doordash Nathans,
20260818,9697: Findlay OH,Credit Tips Received,169.07
20260818,9697: Findlay OH,Tender: Uber Eats,
20260818,9697: Findlay OH,Tender: Uber Eats Banda Burrito,
20260818,9697: Findlay OH,Tender: Uber Eats VR,
20260818,9697: Findlay OH,Tender: Uber Eats VRM,
20260818,9697: Findlay OH,Tender: Uber Eats Nathans,
20260818,9697: Findlay OH,Tender: Grub Hub,
20260818,9697: Findlay OH,Tender: Grubhub Banda Burrito,
20260818,9697: Findlay OH,Tender: Grubhub VRB,
20260818,9697: Findlay OH,Tender: Grubhub VRM,
20260818,9697: Findlay OH,Tender: QR Pay,222.16
20260818,9697: Findlay OH,Tender: Online,107.05
20260818,9697: Findlay OH,Tender: Master Card,201.74
20260818,9697: Findlay OH,Tender: Visa,341.15
20260818,9697: Findlay OH,Tender: Discover,50.00
20260818,9697: Findlay OH,Tender: Debit,632.02
20260818,9697: Findlay OH,Tender: American Express,
20260818,9697: Findlay OH,Tender: Gift Card,38.77
20260818,9697: Findlay OH,Tender: Cash,709.49
20260818,9697: Findlay OH,Credit Tips Paid,169.07
20260818,9697: Findlay OH,Cash Paid Outs - Non Adjusting,
20260818,9697: Findlay OH,Cash Paid Outs - Sales Adjusting,
20260818,9697: Findlay OH,Online Gross Sales,
20260819,5164: Berkshire OH,Net Sales,2659.62
20260819,5164: Berkshire OH,Total Sales Tax,155.39
20260819,5164: Berkshire OH,Total Discounts,64.72
20260819,5164: Berkshire OH,Major Category: Gift Card,
20260819,5164: Berkshire OH,Tender: Door Dash,56.18
20260819,5164: Berkshire OH,Tender: Doordash Banda Burrito,
20260819,5164: Berkshire OH,Tender: Doordash VRB,59.54
20260819,5164: Berkshire OH,Tender: Doordash VRM,
20260819,5164: Berkshire OH,Tender: Doordash Nathans,
20260819,5164: Berkshire OH,Credit Tips Received,230.56
20260819,5164: Berkshire OH,Tender: Uber Eats,18.58
20260819,5164: Berkshire OH,Tender: Uber Eats Banda Burrito,
20260819,5164: Berkshire OH,Tender: Uber Eats VR,
20260819,5164: Berkshire OH,Tender: Uber Eats VRM,
20260819,5164: Berkshire OH,Tender: Uber Eats Nathans,
20260819,5164: Berkshire OH,Tender: Grub Hub,
20260819,5164: Berkshire OH,Tender: Grubhub Banda Burrito,
20260819,5164: Berkshire OH,Tender: Grubhub VRB,
20260819,5164: Berkshire OH,Tender: Grubhub VRM,
20260819,5164: Berkshire OH,Tender: QR Pay,
20260819,5164: Berkshire OH,Tender: Online,154.04
20260819,5164: Berkshire OH,Tender: Master Card,354.30
20260819,5164: Berkshire OH,Tender: Visa,1216.89
20260819,5164: Berkshire OH,Tender: Discover,
20260819,5164: Berkshire OH,Tender: Debit,448.53
20260819,5164: Berkshire OH,Tender: American Express,22.21
20260819,5164: Berkshire OH,Tender: Gift Card,25.00
20260819,5164: Berkshire OH,Tender: Cash,690.30
20260819,5164: Berkshire OH,Credit Tips Paid,225.39
20260819,5164: Berkshire OH,Cash Paid Outs - Non Adjusting,
20260819,5164: Berkshire OH,Cash Paid Outs - Sales Adjusting,
20260819,5164: Berkshire OH,Online Gross Sales,152.25
20260819,5165: Perrysburg OH,Net Sales,2614.33
20260819,5165: Perrysburg OH,Total Sales Tax,139.80
20260819,5165: Perrysburg OH,Total Discounts,130.03
20260819,5165: Perrysburg OH,Major Category: Gift Card,
20260819,5165: Perrysburg OH,Tender: Door Dash,108.51
20260819,5165: Perrysburg OH,Tender: Doordash Banda Burrito,
20260819,5165: Perrysburg OH,Tender: Doordash VRB,
20260819,5165: Perrysburg OH,Tender: Doordash VRM,
20260819,5165: Perrysburg OH,Tender: Doordash Nathans,
20260819,5165: Perrysburg OH,Credit Tips Received,304.57
20260819,5165: Perrysburg OH,Tender: Uber Eats,
20260819,5165: Perrysburg OH,Tender: Uber Eats Banda Burrito,
20260819,5165: Perrysburg OH,Tender: Uber Eats VR,
20260819,5165: Perrysburg OH,Tender: Uber Eats VRM,
20260819,5165: Perrysburg OH,Tender: Uber Eats Nathans,
20260819,5165: Perrysburg OH,Tender: Grub Hub,
20260819,5165: Perrysburg OH,Tender: Grubhub Banda Burrito,
20260819,5165: Perrysburg OH,Tender: Grubhub VRB,
20260819,5165: Perrysburg OH,Tender: Grubhub VRM,
20260819,5165: Perrysburg OH,Tender: QR Pay,
20260819,5165: Perrysburg OH,Tender: Online,119.35
20260819,5165: Perrysburg OH,Tender: Master Card,344.84
20260819,5165: Perrysburg OH,Tender: Visa,1444.63
20260819,5165: Perrysburg OH,Tender: Discover,66.95
20260819,5165: Perrysburg OH,Tender: Debit,243.87
20260819,5165: Perrysburg OH,Tender: American Express,161.23
20260819,5165: Perrysburg OH,Tender: Gift Card,23.63
20260819,5165: Perrysburg OH,Tender: Cash,545.69
20260819,5165: Perrysburg OH,Credit Tips Paid,344.76
20260819,5165: Perrysburg OH,Cash Paid Outs - Non Adjusting,
20260819,5165: Perrysburg OH,Cash Paid Outs - Sales Adjusting,
20260819,5165: Perrysburg OH,Online Gross Sales,114.62
20260819,5166: Jeffersonville OH,Net Sales,2511.75
20260819,5166: Jeffersonville OH,Total Sales Tax,145.34
20260819,5166: Jeffersonville OH,Total Discounts,27.94
20260819,5166: Jeffersonville OH,Major Category: Gift Card,
20260819,5166: Jeffersonville OH,Tender: Door Dash,33.76
20260819,5166: Jeffersonville OH,Tender: Doordash Banda Burrito,
20260819,5166: Jeffersonville OH,Tender: Doordash VRB,
20260819,5166: Jeffersonville OH,Tender: Doordash VRM,
20260819,5166: Jeffersonville OH,Tender: Doordash Nathans,
20260819,5166: Jeffersonville OH,Credit Tips Received,268.65
20260819,5166: Jeffersonville OH,Tender: Uber Eats,
20260819,5166: Jeffersonville OH,Tender: Uber Eats Banda Burrito,
20260819,5166: Jeffersonville OH,Tender: Uber Eats VR,
20260819,5166: Jeffersonville OH,Tender: Uber Eats VRM,
20260819,5166: Jeffersonville OH,Tender: Uber Eats Nathans,
20260819,5166: Jeffersonville OH,Tender: Grub Hub,
20260819,5166: Jeffersonville OH,Tender: Grubhub Banda Burrito,
20260819,5166: Jeffersonville OH,Tender: Grubhub VRB,
20260819,5166: Jeffersonville OH,Tender: Grubhub VRM,
20260819,5166: Jeffersonville OH,Tender: QR Pay,
20260819,5166: Jeffersonville OH,Tender: Online,57.88
20260819,5166: Jeffersonville OH,Tender: Master Card,586.08
20260819,5166: Jeffersonville OH,Tender: Visa,1113.22
20260819,5166: Jeffersonville OH,Tender: Discover,24.18
20260819,5166: Jeffersonville OH,Tender: Debit,535.87
20260819,5166: Jeffersonville OH,Tender: American Express,54.09
20260819,5166: Jeffersonville OH,Tender: Gift Card,
20260819,5166: Jeffersonville OH,Tender: Cash,520.66
20260819,5166: Jeffersonville OH,Credit Tips Paid,265.86
20260819,5166: Jeffersonville OH,Cash Paid Outs - Non Adjusting,
20260819,5166: Jeffersonville OH,Cash Paid Outs - Sales Adjusting,
20260819,5166: Jeffersonville OH,Online Gross Sales,52.63
20260819,5167: Elizabethtown KY,Net Sales,2295.41
20260819,5167: Elizabethtown KY,Total Sales Tax,186.37
20260819,5167: Elizabethtown KY,Total Discounts,140.04
20260819,5167: Elizabethtown KY,Major Category: Gift Card,
20260819,5167: Elizabethtown KY,Tender: Door Dash,276.12
20260819,5167: Elizabethtown KY,Tender: Doordash Banda Burrito,
20260819,5167: Elizabethtown KY,Tender: Doordash VRB,101.30
20260819,5167: Elizabethtown KY,Tender: Doordash VRM,81.70
20260819,5167: Elizabethtown KY,Tender: Doordash Nathans,
20260819,5167: Elizabethtown KY,Credit Tips Received,179.13
20260819,5167: Elizabethtown KY,Tender: Uber Eats,
20260819,5167: Elizabethtown KY,Tender: Uber Eats Banda Burrito,
20260819,5167: Elizabethtown KY,Tender: Uber Eats VR,39.94
20260819,5167: Elizabethtown KY,Tender: Uber Eats VRM,
20260819,5167: Elizabethtown KY,Tender: Uber Eats Nathans,
20260819,5167: Elizabethtown KY,Tender: Grub Hub,
20260819,5167: Elizabethtown KY,Tender: Grubhub Banda Burrito,
20260819,5167: Elizabethtown KY,Tender: Grubhub VRB,
20260819,5167: Elizabethtown KY,Tender: Grubhub VRM,
20260819,5167: Elizabethtown KY,Tender: QR Pay,
20260819,5167: Elizabethtown KY,Tender: Online,48.79
20260819,5167: Elizabethtown KY,Tender: Master Card,86.91
20260819,5167: Elizabethtown KY,Tender: Visa,966.54
20260819,5167: Elizabethtown KY,Tender: Discover,15.64
20260819,5167: Elizabethtown KY,Tender: Debit,453.54
20260819,5167: Elizabethtown KY,Tender: American Express,
20260819,5167: Elizabethtown KY,Tender: Gift Card,13.36
20260819,5167: Elizabethtown KY,Tender: Cash,595.07
20260819,5167: Elizabethtown KY,Credit Tips Paid,175.64
20260819,5167: Elizabethtown KY,Cash Paid Outs - Non Adjusting,206.00
20260819,5167: Elizabethtown KY,Cash Paid Outs - Sales Adjusting,
20260819,5167: Elizabethtown KY,Online Gross Sales,45.13
20260819,5168: Catlettsburg KY,Net Sales,2090.89
20260819,5168: Catlettsburg KY,Total Sales Tax,122.82
20260819,5168: Catlettsburg KY,Total Discounts,33.07
20260819,5168: Catlettsburg KY,Major Category: Gift Card,
20260819,5168: Catlettsburg KY,Tender: Door Dash,42.57
20260819,5168: Catlettsburg KY,Tender: Doordash Banda Burrito,
20260819,5168: Catlettsburg KY,Tender: Doordash VRB,
20260819,5168: Catlettsburg KY,Tender: Doordash VRM,
20260819,5168: Catlettsburg KY,Tender: Doordash Nathans,
20260819,5168: Catlettsburg KY,Credit Tips Received,225.54
20260819,5168: Catlettsburg KY,Tender: Uber Eats,
20260819,5168: Catlettsburg KY,Tender: Uber Eats Banda Burrito,
20260819,5168: Catlettsburg KY,Tender: Uber Eats VR,
20260819,5168: Catlettsburg KY,Tender: Uber Eats VRM,
20260819,5168: Catlettsburg KY,Tender: Uber Eats Nathans,
20260819,5168: Catlettsburg KY,Tender: Grub Hub,
20260819,5168: Catlettsburg KY,Tender: Grubhub Banda Burrito,
20260819,5168: Catlettsburg KY,Tender: Grubhub VRB,
20260819,5168: Catlettsburg KY,Tender: Grubhub VRM,
20260819,5168: Catlettsburg KY,Tender: QR Pay,
20260819,5168: Catlettsburg KY,Tender: Online,146.86
20260819,5168: Catlettsburg KY,Tender: Master Card,391.35
20260819,5168: Catlettsburg KY,Tender: Visa,708.60
20260819,5168: Catlettsburg KY,Tender: Discover,22.51
20260819,5168: Catlettsburg KY,Tender: Debit,514.74
20260819,5168: Catlettsburg KY,Tender: American Express,28.76
20260819,5168: Catlettsburg KY,Tender: Gift Card,
20260819,5168: Catlettsburg KY,Tender: Cash,583.86
20260819,5168: Catlettsburg KY,Credit Tips Paid,237.36
20260819,5168: Catlettsburg KY,Cash Paid Outs - Non Adjusting,46.00
20260819,5168: Catlettsburg KY,Cash Paid Outs - Sales Adjusting,
20260819,5168: Catlettsburg KY,Online Gross Sales,141.58
20260819,5169: Columbus OH,Net Sales,1129.14
20260819,5169: Columbus OH,Total Sales Tax,76.37
20260819,5169: Columbus OH,Total Discounts,55.20
20260819,5169: Columbus OH,Major Category: Gift Card,
20260819,5169: Columbus OH,Tender: Door Dash,
20260819,5169: Columbus OH,Tender: Doordash Banda Burrito,
20260819,5169: Columbus OH,Tender: Doordash VRB,
20260819,5169: Columbus OH,Tender: Doordash VRM,
20260819,5169: Columbus OH,Tender: Doordash Nathans,
20260819,5169: Columbus OH,Credit Tips Received,158.57
20260819,5169: Columbus OH,Tender: Uber Eats,
20260819,5169: Columbus OH,Tender: Uber Eats Banda Burrito,
20260819,5169: Columbus OH,Tender: Uber Eats VR,
20260819,5169: Columbus OH,Tender: Uber Eats VRM,
20260819,5169: Columbus OH,Tender: Uber Eats Nathans,
20260819,5169: Columbus OH,Tender: Grub Hub,
20260819,5169: Columbus OH,Tender: Grubhub Banda Burrito,
20260819,5169: Columbus OH,Tender: Grubhub VRB,
20260819,5169: Columbus OH,Tender: Grubhub VRM,
20260819,5169: Columbus OH,Tender: QR Pay,
20260819,5169: Columbus OH,Tender: Online,
20260819,5169: Columbus OH,Tender: Master Card,272.34
20260819,5169: Columbus OH,Tender: Visa,551.43
20260819,5169: Columbus OH,Tender: Discover,
20260819,5169: Columbus OH,Tender: Debit,255.85
20260819,5169: Columbus OH,Tender: American Express,70.94
20260819,5169: Columbus OH,Tender: Gift Card,
20260819,5169: Columbus OH,Tender: Cash,213.52
20260819,5169: Columbus OH,Credit Tips Paid,83.42
20260819,5169: Columbus OH,Cash Paid Outs - Non Adjusting,
20260819,5169: Columbus OH,Cash Paid Outs - Sales Adjusting,29.03
20260819,5169: Columbus OH,Online Gross Sales,
20260819,7401: Youngstown OH,Net Sales,3610.20
20260819,7401: Youngstown OH,Total Sales Tax,146.50
20260819,7401: Youngstown OH,Total Discounts,111.71
20260819,7401: Youngstown OH,Major Category: Gift Card,
20260819,7401: Youngstown OH,Tender: Door Dash,417.91
20260819,7401: Youngstown OH,Tender: Doordash Banda Burrito,90.59
20260819,7401: Youngstown OH,Tender: Doordash VRB,
20260819,7401: Youngstown OH,Tender: Doordash VRM,146.96
20260819,7401: Youngstown OH,Tender: Doordash Nathans,48.11
20260819,7401: Youngstown OH,Credit Tips Received,241.82
20260819,7401: Youngstown OH,Tender: Uber Eats,
20260819,7401: Youngstown OH,Tender: Uber Eats Banda Burrito,23.16
20260819,7401: Youngstown OH,Tender: Uber Eats VR,24.88
20260819,7401: Youngstown OH,Tender: Uber Eats VRM,
20260819,7401: Youngstown OH,Tender: Uber Eats Nathans,
20260819,7401: Youngstown OH,Tender: Grub Hub,32.96
20260819,7401: Youngstown OH,Tender: Grubhub Banda Burrito,
20260819,7401: Youngstown OH,Tender: Grubhub VRB,
20260819,7401: Youngstown OH,Tender: Grubhub VRM,
20260819,7401: Youngstown OH,Tender: QR Pay,
20260819,7401: Youngstown OH,Tender: Online,248.73
20260819,7401: Youngstown OH,Tender: Master Card,259.12
20260819,7401: Youngstown OH,Tender: Visa,999.49
20260819,7401: Youngstown OH,Tender: Discover,25.96
20260819,7401: Youngstown OH,Tender: Debit,680.92
20260819,7401: Youngstown OH,Tender: American Express,
20260819,7401: Youngstown OH,Tender: Gift Card,25.00
20260819,7401: Youngstown OH,Tender: Cash,974.73
20260819,7401: Youngstown OH,Credit Tips Paid,241.82
20260819,7401: Youngstown OH,Cash Paid Outs - Non Adjusting,
20260819,7401: Youngstown OH,Cash Paid Outs - Sales Adjusting,
20260819,7401: Youngstown OH,Online Gross Sales,248.60
20260819,9690: Marietta OH,Net Sales,1411.01
20260819,9690: Marietta OH,Total Sales Tax,77.29
20260819,9690: Marietta OH,Total Discounts,88.57
20260819,9690: Marietta OH,Major Category: Gift Card,
20260819,9690: Marietta OH,Tender: Door Dash,66.68
20260819,9690: Marietta OH,Tender: Doordash Banda Burrito,
20260819,9690: Marietta OH,Tender: Doordash VRB,130.28
20260819,9690: Marietta OH,Tender: Doordash VRM,
20260819,9690: Marietta OH,Tender: Doordash Nathans,
20260819,9690: Marietta OH,Credit Tips Received,95.06
20260819,9690: Marietta OH,Tender: Uber Eats,
20260819,9690: Marietta OH,Tender: Uber Eats Banda Burrito,
20260819,9690: Marietta OH,Tender: Uber Eats VR,
20260819,9690: Marietta OH,Tender: Uber Eats VRM,
20260819,9690: Marietta OH,Tender: Uber Eats Nathans,
20260819,9690: Marietta OH,Tender: Grub Hub,
20260819,9690: Marietta OH,Tender: Grubhub Banda Burrito,
20260819,9690: Marietta OH,Tender: Grubhub VRB,
20260819,9690: Marietta OH,Tender: Grubhub VRM,
20260819,9690: Marietta OH,Tender: QR Pay,47.96
20260819,9690: Marietta OH,Tender: Online,40.44
20260819,9690: Marietta OH,Tender: Master Card,24.96
20260819,9690: Marietta OH,Tender: Visa,437.04
20260819,9690: Marietta OH,Tender: Discover,
20260819,9690: Marietta OH,Tender: Debit,483.96
20260819,9690: Marietta OH,Tender: American Express,
20260819,9690: Marietta OH,Tender: Gift Card,
20260819,9690: Marietta OH,Tender: Cash,352.04
20260819,9690: Marietta OH,Credit Tips Paid,153.55
20260819,9690: Marietta OH,Cash Paid Outs - Non Adjusting,35.00
20260819,9690: Marietta OH,Cash Paid Outs - Sales Adjusting,
20260819,9690: Marietta OH,Online Gross Sales,
20260819,9697: Findlay OH,Net Sales,2544.44
20260819,9697: Findlay OH,Total Sales Tax,155.45
20260819,9697: Findlay OH,Total Discounts,70.19
20260819,9697: Findlay OH,Major Category: Gift Card,
20260819,9697: Findlay OH,Tender: Door Dash,192.02
20260819,9697: Findlay OH,Tender: Doordash Banda Burrito,
20260819,9697: Findlay OH,Tender: Doordash VRB,74.80
20260819,9697: Findlay OH,Tender: Doordash VRM,
20260819,9697: Findlay OH,Tender: Doordash Nathans,
20260819,9697: Findlay OH,Credit Tips Received,253.94
20260819,9697: Findlay OH,Tender: Uber Eats,24.77
20260819,9697: Findlay OH,Tender: Uber Eats Banda Burrito,
20260819,9697: Findlay OH,Tender: Uber Eats VR,
20260819,9697: Findlay OH,Tender: Uber Eats VRM,
20260819,9697: Findlay OH,Tender: Uber Eats Nathans,
20260819,9697: Findlay OH,Tender: Grub Hub,
20260819,9697: Findlay OH,Tender: Grubhub Banda Burrito,
20260819,9697: Findlay OH,Tender: Grubhub VRB,
20260819,9697: Findlay OH,Tender: Grubhub VRM,
20260819,9697: Findlay OH,Tender: QR Pay,164.35
20260819,9697: Findlay OH,Tender: Online,35.74
20260819,9697: Findlay OH,Tender: Master Card,232.26
20260819,9697: Findlay OH,Tender: Visa,396.17
20260819,9697: Findlay OH,Tender: Discover,
20260819,9697: Findlay OH,Tender: Debit,1092.99
20260819,9697: Findlay OH,Tender: American Express,
20260819,9697: Findlay OH,Tender: Gift Card,
20260819,9697: Findlay OH,Tender: Cash,740.73
20260819,9697: Findlay OH,Credit Tips Paid,253.94
20260819,9697: Findlay OH,Cash Paid Outs - Non Adjusting,21.00
20260819,9697: Findlay OH,Cash Paid Outs - Sales Adjusting,
20260819,9697: Findlay OH,Online Gross Sales,
20260820,5164: Berkshire OH,Net Sales,2695.00
20260820,5164: Berkshire OH,Total Sales Tax,150.02
20260820,5164: Berkshire OH,Total Discounts,73.35
20260820,5164: Berkshire OH,Major Category: Gift Card,
20260820,5164: Berkshire OH,Tender: Door Dash,115.28
20260820,5164: Berkshire OH,Tender: Doordash Banda Burrito,
20260820,5164: Berkshire OH,Tender: Doordash VRB,
20260820,5164: Berkshire OH,Tender: Doordash VRM,
20260820,5164: Berkshire OH,Tender: Doordash Nathans,
20260820,5164: Berkshire OH,Credit Tips Received,284.37
20260820,5164: Berkshire OH,Tender: Uber Eats,
20260820,5164: Berkshire OH,Tender: Uber Eats Banda Burrito,
20260820,5164: Berkshire OH,Tender: Uber Eats VR,75.69
20260820,5164: Berkshire OH,Tender: Uber Eats VRM,
20260820,5164: Berkshire OH,Tender: Uber Eats Nathans,
20260820,5164: Berkshire OH,Tender: Grub Hub,
20260820,5164: Berkshire OH,Tender: Grubhub Banda Burrito,
20260820,5164: Berkshire OH,Tender: Grubhub VRB,
20260820,5164: Berkshire OH,Tender: Grubhub VRM,
20260820,5164: Berkshire OH,Tender: QR Pay,
20260820,5164: Berkshire OH,Tender: Online,108.36
20260820,5164: Berkshire OH,Tender: Master Card,643.72
20260820,5164: Berkshire OH,Tender: Visa,1127.55
20260820,5164: Berkshire OH,Tender: Discover,43.37
20260820,5164: Berkshire OH,Tender: Debit,273.95
20260820,5164: Berkshire OH,Tender: American Express,17.97
20260820,5164: Berkshire OH,Tender: Gift Card,
20260820,5164: Berkshire OH,Tender: Cash,732.50
20260820,5164: Berkshire OH,Credit Tips Paid,242.50
20260820,5164: Berkshire OH,Cash Paid Outs - Non Adjusting,111.00
20260820,5164: Berkshire OH,Cash Paid Outs - Sales Adjusting,
20260820,5164: Berkshire OH,Online Gross Sales,99.57
20260820,5165: Perrysburg OH,Net Sales,2264.07
20260820,5165: Perrysburg OH,Total Sales Tax,130.45
20260820,5165: Perrysburg OH,Total Discounts,88.60
20260820,5165: Perrysburg OH,Major Category: Gift Card,
20260820,5165: Perrysburg OH,Tender: Door Dash,26.46
20260820,5165: Perrysburg OH,Tender: Doordash Banda Burrito,
20260820,5165: Perrysburg OH,Tender: Doordash VRB,
20260820,5165: Perrysburg OH,Tender: Doordash VRM,
20260820,5165: Perrysburg OH,Tender: Doordash Nathans,
20260820,5165: Perrysburg OH,Credit Tips Received,304.73
20260820,5165: Perrysburg OH,Tender: Uber Eats,
20260820,5165: Perrysburg OH,Tender: Uber Eats Banda Burrito,
20260820,5165: Perrysburg OH,Tender: Uber Eats VR,
20260820,5165: Perrysburg OH,Tender: Uber Eats VRM,
20260820,5165: Perrysburg OH,Tender: Uber Eats Nathans,
20260820,5165: Perrysburg OH,Tender: Grub Hub,
20260820,5165: Perrysburg OH,Tender: Grubhub Banda Burrito,
20260820,5165: Perrysburg OH,Tender: Grubhub VRB,
20260820,5165: Perrysburg OH,Tender: Grubhub VRM,
20260820,5165: Perrysburg OH,Tender: QR Pay,
20260820,5165: Perrysburg OH,Tender: Online,98.58
20260820,5165: Perrysburg OH,Tender: Master Card,401.22
20260820,5165: Perrysburg OH,Tender: Visa,1244.28
20260820,5165: Perrysburg OH,Tender: Discover,40.64
20260820,5165: Perrysburg OH,Tender: Debit,372.32
20260820,5165: Perrysburg OH,Tender: American Express,66.78
20260820,5165: Perrysburg OH,Tender: Gift Card,
20260820,5165: Perrysburg OH,Tender: Cash,448.97
20260820,5165: Perrysburg OH,Credit Tips Paid,322.89
20260820,5165: Perrysburg OH,Cash Paid Outs - Non Adjusting,
20260820,5165: Perrysburg OH,Cash Paid Outs - Sales Adjusting,
20260820,5165: Perrysburg OH,Online Gross Sales,92.43
20260820,5166: Jeffersonville OH,Net Sales,3047.74
20260820,5166: Jeffersonville OH,Total Sales Tax,175.15
20260820,5166: Jeffersonville OH,Total Discounts,88.27
20260820,5166: Jeffersonville OH,Major Category: Gift Card,
20260820,5166: Jeffersonville OH,Tender: Door Dash,75.60
20260820,5166: Jeffersonville OH,Tender: Doordash Banda Burrito,
20260820,5166: Jeffersonville OH,Tender: Doordash VRB,32.05
20260820,5166: Jeffersonville OH,Tender: Doordash VRM,
20260820,5166: Jeffersonville OH,Tender: Doordash Nathans,
20260820,5166: Jeffersonville OH,Credit Tips Received,343.39
20260820,5166: Jeffersonville OH,Tender: Uber Eats,
20260820,5166: Jeffersonville OH,Tender: Uber Eats Banda Burrito,
20260820,5166: Jeffersonville OH,Tender: Uber Eats VR,
20260820,5166: Jeffersonville OH,Tender: Uber Eats VRM,
20260820,5166: Jeffersonville OH,Tender: Uber Eats Nathans,
20260820,5166: Jeffersonville OH,Tender: Grub Hub,
20260820,5166: Jeffersonville OH,Tender: Grubhub Banda Burrito,
20260820,5166: Jeffersonville OH,Tender: Grubhub VRB,
20260820,5166: Jeffersonville OH,Tender: Grubhub VRM,
20260820,5166: Jeffersonville OH,Tender: QR Pay,
20260820,5166: Jeffersonville OH,Tender: Online,164.62
20260820,5166: Jeffersonville OH,Tender: Master Card,467.37
20260820,5166: Jeffersonville OH,Tender: Visa,1449.45
20260820,5166: Jeffersonville OH,Tender: Discover,81.11
20260820,5166: Jeffersonville OH,Tender: Debit,572.10
20260820,5166: Jeffersonville OH,Tender: American Express,
20260820,5166: Jeffersonville OH,Tender: Gift Card,
20260820,5166: Jeffersonville OH,Tender: Cash,723.98
20260820,5166: Jeffersonville OH,Credit Tips Paid,346.18
20260820,5166: Jeffersonville OH,Cash Paid Outs - Non Adjusting,
20260820,5166: Jeffersonville OH,Cash Paid Outs - Sales Adjusting,
20260820,5166: Jeffersonville OH,Online Gross Sales,159.12
20260820,5167: Elizabethtown KY,Net Sales,3141.71
20260820,5167: Elizabethtown KY,Total Sales Tax,255.10
20260820,5167: Elizabethtown KY,Total Discounts,98.68
20260820,5167: Elizabethtown KY,Major Category: Gift Card,
20260820,5167: Elizabethtown KY,Tender: Door Dash,394.24
20260820,5167: Elizabethtown KY,Tender: Doordash Banda Burrito,
20260820,5167: Elizabethtown KY,Tender: Doordash VRB,47.94
20260820,5167: Elizabethtown KY,Tender: Doordash VRM,124.34
20260820,5167: Elizabethtown KY,Tender: Doordash Nathans,
20260820,5167: Elizabethtown KY,Credit Tips Received,231.13
20260820,5167: Elizabethtown KY,Tender: Uber Eats,28.93
20260820,5167: Elizabethtown KY,Tender: Uber Eats Banda Burrito,
20260820,5167: Elizabethtown KY,Tender: Uber Eats VR,
20260820,5167: Elizabethtown KY,Tender: Uber Eats VRM,
20260820,5167: Elizabethtown KY,Tender: Uber Eats Nathans,
20260820,5167: Elizabethtown KY,Tender: Grub Hub,
20260820,5167: Elizabethtown KY,Tender: Grubhub Banda Burrito,
20260820,5167: Elizabethtown KY,Tender: Grubhub VRB,
20260820,5167: Elizabethtown KY,Tender: Grubhub VRM,
20260820,5167: Elizabethtown KY,Tender: QR Pay,
20260820,5167: Elizabethtown KY,Tender: Online,73.68
20260820,5167: Elizabethtown KY,Tender: Master Card,288.57
20260820,5167: Elizabethtown KY,Tender: Visa,942.13
20260820,5167: Elizabethtown KY,Tender: Discover,107.27
20260820,5167: Elizabethtown KY,Tender: Debit,471.24
20260820,5167: Elizabethtown KY,Tender: American Express,21.48
20260820,5167: Elizabethtown KY,Tender: Gift Card,
20260820,5167: Elizabethtown KY,Tender: Cash,1159.12
20260820,5167: Elizabethtown KY,Credit Tips Paid,246.40
20260820,5167: Elizabethtown KY,Cash Paid Outs - Non Adjusting,40.00
20260820,5167: Elizabethtown KY,Cash Paid Outs - Sales Adjusting,
20260820,5167: Elizabethtown KY,Online Gross Sales,65.39
20260820,5168: Catlettsburg KY,Net Sales,2991.76
20260820,5168: Catlettsburg KY,Total Sales Tax,179.53
20260820,5168: Catlettsburg KY,Total Discounts,36.89
20260820,5168: Catlettsburg KY,Major Category: Gift Card,
20260820,5168: Catlettsburg KY,Tender: Door Dash,61.83
20260820,5168: Catlettsburg KY,Tender: Doordash Banda Burrito,
20260820,5168: Catlettsburg KY,Tender: Doordash VRB,
20260820,5168: Catlettsburg KY,Tender: Doordash VRM,
20260820,5168: Catlettsburg KY,Tender: Doordash Nathans,
20260820,5168: Catlettsburg KY,Credit Tips Received,446.67
20260820,5168: Catlettsburg KY,Tender: Uber Eats,
20260820,5168: Catlettsburg KY,Tender: Uber Eats Banda Burrito,
20260820,5168: Catlettsburg KY,Tender: Uber Eats VR,
20260820,5168: Catlettsburg KY,Tender: Uber Eats VRM,
20260820,5168: Catlettsburg KY,Tender: Uber Eats Nathans,
20260820,5168: Catlettsburg KY,Tender: Grub Hub,
20260820,5168: Catlettsburg KY,Tender: Grubhub Banda Burrito,
20260820,5168: Catlettsburg KY,Tender: Grubhub VRB,
20260820,5168: Catlettsburg KY,Tender: Grubhub VRM,
20260820,5168: Catlettsburg KY,Tender: QR Pay,
20260820,5168: Catlettsburg KY,Tender: Online,51.89
20260820,5168: Catlettsburg KY,Tender: Master Card,1135.55
20260820,5168: Catlettsburg KY,Tender: Visa,1163.19
20260820,5168: Catlettsburg KY,Tender: Discover,90.86
20260820,5168: Catlettsburg KY,Tender: Debit,515.52
20260820,5168: Catlettsburg KY,Tender: American Express,51.85
20260820,5168: Catlettsburg KY,Tender: Gift Card,
20260820,5168: Catlettsburg KY,Tender: Cash,547.27
20260820,5168: Catlettsburg KY,Credit Tips Paid,375.23
20260820,5168: Catlettsburg KY,Cash Paid Outs - Non Adjusting,15.77
20260820,5168: Catlettsburg KY,Cash Paid Outs - Sales Adjusting,
20260820,5168: Catlettsburg KY,Online Gross Sales,53.23
20260820,5169: Columbus OH,Net Sales,1990.71
20260820,5169: Columbus OH,Total Sales Tax,149.09
20260820,5169: Columbus OH,Total Discounts,104.65
20260820,5169: Columbus OH,Major Category: Gift Card,
20260820,5169: Columbus OH,Tender: Door Dash,
20260820,5169: Columbus OH,Tender: Doordash Banda Burrito,
20260820,5169: Columbus OH,Tender: Doordash VRB,
20260820,5169: Columbus OH,Tender: Doordash VRM,
20260820,5169: Columbus OH,Tender: Doordash Nathans,
20260820,5169: Columbus OH,Credit Tips Received,283.17
20260820,5169: Columbus OH,Tender: Uber Eats,
20260820,5169: Columbus OH,Tender: Uber Eats Banda Burrito,
20260820,5169: Columbus OH,Tender: Uber Eats VR,
20260820,5169: Columbus OH,Tender: Uber Eats VRM,
20260820,5169: Columbus OH,Tender: Uber Eats Nathans,
20260820,5169: Columbus OH,Tender: Grub Hub,
20260820,5169: Columbus OH,Tender: Grubhub Banda Burrito,
20260820,5169: Columbus OH,Tender: Grubhub VRB,
20260820,5169: Columbus OH,Tender: Grubhub VRM,
20260820,5169: Columbus OH,Tender: QR Pay,432.11
20260820,5169: Columbus OH,Tender: Online,
20260820,5169: Columbus OH,Tender: Master Card,589.96
20260820,5169: Columbus OH,Tender: Visa,562.65
20260820,5169: Columbus OH,Tender: Discover,
20260820,5169: Columbus OH,Tender: Debit,474.16
20260820,5169: Columbus OH,Tender: American Express,
20260820,5169: Columbus OH,Tender: Gift Card,17.34
20260820,5169: Columbus OH,Tender: Cash,346.75
20260820,5169: Columbus OH,Credit Tips Paid,232.93
20260820,5169: Columbus OH,Cash Paid Outs - Non Adjusting,
20260820,5169: Columbus OH,Cash Paid Outs - Sales Adjusting,
20260820,5169: Columbus OH,Online Gross Sales,
20260820,7401: Youngstown OH,Net Sales,3430.14
20260820,7401: Youngstown OH,Total Sales Tax,125.40
20260820,7401: Youngstown OH,Total Discounts,130.52
20260820,7401: Youngstown OH,Major Category: Gift Card,
20260820,7401: Youngstown OH,Tender: Door Dash,417.00
20260820,7401: Youngstown OH,Tender: Doordash Banda Burrito,
20260820,7401: Youngstown OH,Tender: Doordash VRB,
20260820,7401: Youngstown OH,Tender: Doordash VRM,225.65
20260820,7401: Youngstown OH,Tender: Doordash Nathans,130.07
20260820,7401: Youngstown OH,Credit Tips Received,289.68
20260820,7401: Youngstown OH,Tender: Uber Eats,77.69
20260820,7401: Youngstown OH,Tender: Uber Eats Banda Burrito,
20260820,7401: Youngstown OH,Tender: Uber Eats VR,21.28
20260820,7401: Youngstown OH,Tender: Uber Eats VRM,
20260820,7401: Youngstown OH,Tender: Uber Eats Nathans,
20260820,7401: Youngstown OH,Tender: Grub Hub,70.72
20260820,7401: Youngstown OH,Tender: Grubhub Banda Burrito,
20260820,7401: Youngstown OH,Tender: Grubhub VRB,
20260820,7401: Youngstown OH,Tender: Grubhub VRM,
20260820,7401: Youngstown OH,Tender: QR Pay,
20260820,7401: Youngstown OH,Tender: Online,268.08
20260820,7401: Youngstown OH,Tender: Master Card,269.97
20260820,7401: Youngstown OH,Tender: Visa,884.58
20260820,7401: Youngstown OH,Tender: Discover,
20260820,7401: Youngstown OH,Tender: Debit,690.52
20260820,7401: Youngstown OH,Tender: American Express,13.04
20260820,7401: Youngstown OH,Tender: Gift Card,
20260820,7401: Youngstown OH,Tender: Cash,776.62
20260820,7401: Youngstown OH,Credit Tips Paid,286.49
20260820,7401: Youngstown OH,Cash Paid Outs - Non Adjusting,
20260820,7401: Youngstown OH,Cash Paid Outs - Sales Adjusting,
20260820,7401: Youngstown OH,Online Gross Sales,262.97
20260820,9690: Marietta OH,Net Sales,2013.80
20260820,9690: Marietta OH,Total Sales Tax,110.53
20260820,9690: Marietta OH,Total Discounts,119.59
20260820,9690: Marietta OH,Major Category: Gift Card,
20260820,9690: Marietta OH,Tender: Door Dash,169.10
20260820,9690: Marietta OH,Tender: Doordash Banda Burrito,
20260820,9690: Marietta OH,Tender: Doordash VRB,84.34
20260820,9690: Marietta OH,Tender: Doordash VRM,
20260820,9690: Marietta OH,Tender: Doordash Nathans,
20260820,9690: Marietta OH,Credit Tips Received,162.78
20260820,9690: Marietta OH,Tender: Uber Eats,
20260820,9690: Marietta OH,Tender: Uber Eats Banda Burrito,
20260820,9690: Marietta OH,Tender: Uber Eats VR,
20260820,9690: Marietta OH,Tender: Uber Eats VRM,
20260820,9690: Marietta OH,Tender: Uber Eats Nathans,
20260820,9690: Marietta OH,Tender: Grub Hub,
20260820,9690: Marietta OH,Tender: Grubhub Banda Burrito,
20260820,9690: Marietta OH,Tender: Grubhub VRB,
20260820,9690: Marietta OH,Tender: Grubhub VRM,
20260820,9690: Marietta OH,Tender: QR Pay,48.81
20260820,9690: Marietta OH,Tender: Online,68.83
20260820,9690: Marietta OH,Tender: Master Card,120.66
20260820,9690: Marietta OH,Tender: Visa,405.51
20260820,9690: Marietta OH,Tender: Discover,19.29
20260820,9690: Marietta OH,Tender: Debit,911.09
20260820,9690: Marietta OH,Tender: American Express,
20260820,9690: Marietta OH,Tender: Gift Card,
20260820,9690: Marietta OH,Tender: Cash,459.48
20260820,9690: Marietta OH,Credit Tips Paid,135.37
20260820,9690: Marietta OH,Cash Paid Outs - Non Adjusting,
20260820,9690: Marietta OH,Cash Paid Outs - Sales Adjusting,
20260820,9690: Marietta OH,Online Gross Sales,
20260820,9697: Findlay OH,Net Sales,3027.17
20260820,9697: Findlay OH,Total Sales Tax,170.62
20260820,9697: Findlay OH,Total Discounts,104.57
20260820,9697: Findlay OH,Major Category: Gift Card,
20260820,9697: Findlay OH,Tender: Door Dash,304.52
20260820,9697: Findlay OH,Tender: Doordash Banda Burrito,
20260820,9697: Findlay OH,Tender: Doordash VRB,105.25
20260820,9697: Findlay OH,Tender: Doordash VRM,49.17
20260820,9697: Findlay OH,Tender: Doordash Nathans,
20260820,9697: Findlay OH,Credit Tips Received,332.72
20260820,9697: Findlay OH,Tender: Uber Eats,
20260820,9697: Findlay OH,Tender: Uber Eats Banda Burrito,
20260820,9697: Findlay OH,Tender: Uber Eats VR,
20260820,9697: Findlay OH,Tender: Uber Eats VRM,
20260820,9697: Findlay OH,Tender: Uber Eats Nathans,
20260820,9697: Findlay OH,Tender: Grub Hub,
20260820,9697: Findlay OH,Tender: Grubhub Banda Burrito,
20260820,9697: Findlay OH,Tender: Grubhub VRB,
20260820,9697: Findlay OH,Tender: Grubhub VRM,
20260820,9697: Findlay OH,Tender: QR Pay,156.93
20260820,9697: Findlay OH,Tender: Online,62.82
20260820,9697: Findlay OH,Tender: Master Card,286.04
20260820,9697: Findlay OH,Tender: Visa,643.33
20260820,9697: Findlay OH,Tender: Discover,
20260820,9697: Findlay OH,Tender: Debit,1106.89
20260820,9697: Findlay OH,Tender: American Express,
20260820,9697: Findlay OH,Tender: Gift Card,24.41
20260820,9697: Findlay OH,Tender: Cash,800.15
20260820,9697: Findlay OH,Credit Tips Paid,332.72
20260820,9697: Findlay OH,Cash Paid Outs - Non Adjusting,
20260820,9697: Findlay OH,Cash Paid Outs - Sales Adjusting,
20260820,9697: Findlay OH,Online Gross Sales,
20260821,5164: Berkshire OH,Net Sales,3171.45
20260821,5164: Berkshire OH,Total Sales Tax,180.42
20260821,5164: Berkshire OH,Total Discounts,78.76
20260821,5164: Berkshire OH,Major Category: Gift Card,
20260821,5164: Berkshire OH,Tender: Door Dash,96.57
20260821,5164: Berkshire OH,Tender: Doordash Banda Burrito,
20260821,5164: Berkshire OH,Tender: Doordash VRB,
20260821,5164: Berkshire OH,Tender: Doordash VRM,
20260821,5164: Berkshire OH,Tender: Doordash Nathans,
20260821,5164: Berkshire OH,Credit Tips Received,372.99
20260821,5164: Berkshire OH,Tender: Uber Eats,60.74
20260821,5164: Berkshire OH,Tender: Uber Eats Banda Burrito,
20260821,5164: Berkshire OH,Tender: Uber Eats VR,40.15
20260821,5164: Berkshire OH,Tender: Uber Eats VRM,
20260821,5164: Berkshire OH,Tender: Uber Eats Nathans,
20260821,5164: Berkshire OH,Tender: Grub Hub,
20260821,5164: Berkshire OH,Tender: Grubhub Banda Burrito,
20260821,5164: Berkshire OH,Tender: Grubhub VRB,
20260821,5164: Berkshire OH,Tender: Grubhub VRM,
20260821,5164: Berkshire OH,Tender: QR Pay,
20260821,5164: Berkshire OH,Tender: Online,155.61
20260821,5164: Berkshire OH,Tender: Master Card,804.79
20260821,5164: Berkshire OH,Tender: Visa,1260.31
20260821,5164: Berkshire OH,Tender: Discover,56.07
20260821,5164: Berkshire OH,Tender: Debit,437.44
20260821,5164: Berkshire OH,Tender: American Express,137.30
20260821,5164: Berkshire OH,Tender: Gift Card,82.98
20260821,5164: Berkshire OH,Tender: Cash,595.90
20260821,5164: Berkshire OH,Credit Tips Paid,365.57
20260821,5164: Berkshire OH,Cash Paid Outs - Non Adjusting,
20260821,5164: Berkshire OH,Cash Paid Outs - Sales Adjusting,
20260821,5164: Berkshire OH,Online Gross Sales,148.09
20260821,5165: Perrysburg OH,Net Sales,2532.79
20260821,5165: Perrysburg OH,Total Sales Tax,129.80
20260821,5165: Perrysburg OH,Total Discounts,55.15
20260821,5165: Perrysburg OH,Major Category: Gift Card,
20260821,5165: Perrysburg OH,Tender: Door Dash,143.93
20260821,5165: Perrysburg OH,Tender: Doordash Banda Burrito,
20260821,5165: Perrysburg OH,Tender: Doordash VRB,
20260821,5165: Perrysburg OH,Tender: Doordash VRM,
20260821,5165: Perrysburg OH,Tender: Doordash Nathans,
20260821,5165: Perrysburg OH,Credit Tips Received,221.39
20260821,5165: Perrysburg OH,Tender: Uber Eats,
20260821,5165: Perrysburg OH,Tender: Uber Eats Banda Burrito,
20260821,5165: Perrysburg OH,Tender: Uber Eats VR,
20260821,5165: Perrysburg OH,Tender: Uber Eats VRM,
20260821,5165: Perrysburg OH,Tender: Uber Eats Nathans,
20260821,5165: Perrysburg OH,Tender: Grub Hub,
20260821,5165: Perrysburg OH,Tender: Grubhub Banda Burrito,
20260821,5165: Perrysburg OH,Tender: Grubhub VRB,
20260821,5165: Perrysburg OH,Tender: Grubhub VRM,
20260821,5165: Perrysburg OH,Tender: QR Pay,
20260821,5165: Perrysburg OH,Tender: Online,104.86
20260821,5165: Perrysburg OH,Tender: Master Card,495.80
20260821,5165: Perrysburg OH,Tender: Visa,733.00
20260821,5165: Perrysburg OH,Tender: Discover,30.51
20260821,5165: Perrysburg OH,Tender: Debit,375.37
20260821,5165: Perrysburg OH,Tender: American Express,96.88
20260821,5165: Perrysburg OH,Tender: Gift Card,
20260821,5165: Perrysburg OH,Tender: Cash,903.63
20260821,5165: Perrysburg OH,Credit Tips Paid,213.02
20260821,5165: Perrysburg OH,Cash Paid Outs - Non Adjusting,
20260821,5165: Perrysburg OH,Cash Paid Outs - Sales Adjusting,
20260821,5165: Perrysburg OH,Online Gross Sales,90.44
20260821,5166: Jeffersonville OH,Net Sales,2891.76
20260821,5166: Jeffersonville OH,Total Sales Tax,161.46
20260821,5166: Jeffersonville OH,Total Discounts,67.81
20260821,5166: Jeffersonville OH,Major Category: Gift Card,
20260821,5166: Jeffersonville OH,Tender: Door Dash,84.31
20260821,5166: Jeffersonville OH,Tender: Doordash Banda Burrito,
20260821,5166: Jeffersonville OH,Tender: Doordash VRB,
20260821,5166: Jeffersonville OH,Tender: Doordash VRM,
20260821,5166: Jeffersonville OH,Tender: Doordash Nathans,
20260821,5166: Jeffersonville OH,Credit Tips Received,313.03
20260821,5166: Jeffersonville OH,Tender: Uber Eats,
20260821,5166: Jeffersonville OH,Tender: Uber Eats Banda Burrito,
20260821,5166: Jeffersonville OH,Tender: Uber Eats VR,
20260821,5166: Jeffersonville OH,Tender: Uber Eats VRM,
20260821,5166: Jeffersonville OH,Tender: Uber Eats Nathans,
20260821,5166: Jeffersonville OH,Tender: Grub Hub,
20260821,5166: Jeffersonville OH,Tender: Grubhub Banda Burrito,
20260821,5166: Jeffersonville OH,Tender: Grubhub VRB,
20260821,5166: Jeffersonville OH,Tender: Grubhub VRM,
20260821,5166: Jeffersonville OH,Tender: QR Pay,
20260821,5166: Jeffersonville OH,Tender: Online,24.14
20260821,5166: Jeffersonville OH,Tender: Master Card,563.05
20260821,5166: Jeffersonville OH,Tender: Visa,1396.62
20260821,5166: Jeffersonville OH,Tender: Discover,52.48
20260821,5166: Jeffersonville OH,Tender: Debit,440.87
20260821,5166: Jeffersonville OH,Tender: American Express,37.04
20260821,5166: Jeffersonville OH,Tender: Gift Card,30.00
20260821,5166: Jeffersonville OH,Tender: Cash,737.74
20260821,5166: Jeffersonville OH,Credit Tips Paid,313.03
20260821,5166: Jeffersonville OH,Cash Paid Outs - Non Adjusting,
20260821,5166: Jeffersonville OH,Cash Paid Outs - Sales Adjusting,
20260821,5166: Jeffersonville OH,Online Gross Sales,22.68
20260821,5167: Elizabethtown KY,Net Sales,3177.24
20260821,5167: Elizabethtown KY,Total Sales Tax,258.02
20260821,5167: Elizabethtown KY,Total Discounts,140.44
20260821,5167: Elizabethtown KY,Major Category: Gift Card,
20260821,5167: Elizabethtown KY,Tender: Door Dash,400.45
20260821,5167: Elizabethtown KY,Tender: Doordash Banda Burrito,
20260821,5167: Elizabethtown KY,Tender: Doordash VRB,97.72
20260821,5167: Elizabethtown KY,Tender: Doordash VRM,62.99
20260821,5167: Elizabethtown KY,Tender: Doordash Nathans,
20260821,5167: Elizabethtown KY,Credit Tips Received,316.46
20260821,5167: Elizabethtown KY,Tender: Uber Eats,
20260821,5167: Elizabethtown KY,Tender: Uber Eats Banda Burrito,
20260821,5167: Elizabethtown KY,Tender: Uber Eats VR,
20260821,5167: Elizabethtown KY,Tender: Uber Eats VRM,
20260821,5167: Elizabethtown KY,Tender: Uber Eats Nathans,
20260821,5167: Elizabethtown KY,Tender: Grub Hub,111.86
20260821,5167: Elizabethtown KY,Tender: Grubhub Banda Burrito,
20260821,5167: Elizabethtown KY,Tender: Grubhub VRB,
20260821,5167: Elizabethtown KY,Tender: Grubhub VRM,
20260821,5167: Elizabethtown KY,Tender: QR Pay,
20260821,5167: Elizabethtown KY,Tender: Online,52.25
20260821,5167: Elizabethtown KY,Tender: Master Card,396.23
20260821,5167: Elizabethtown KY,Tender: Visa,1248.02
20260821,5167: Elizabethtown KY,Tender: Discover,42.86
20260821,5167: Elizabethtown KY,Tender: Debit,540.54
20260821,5167: Elizabethtown KY,Tender: American Express,34.01
20260821,5167: Elizabethtown KY,Tender: Gift Card,33.37
20260821,5167: Elizabethtown KY,Tender: Cash,743.42
20260821,5167: Elizabethtown KY,Credit Tips Paid,308.96
20260821,5167: Elizabethtown KY,Cash Paid Outs - Non Adjusting,
20260821,5167: Elizabethtown KY,Cash Paid Outs - Sales Adjusting,
20260821,5167: Elizabethtown KY,Online Gross Sales,48.33
20260821,5168: Catlettsburg KY,Net Sales,3041.67
20260821,5168: Catlettsburg KY,Total Sales Tax,182.45
20260821,5168: Catlettsburg KY,Total Discounts,108.42
20260821,5168: Catlettsburg KY,Major Category: Gift Card,
20260821,5168: Catlettsburg KY,Tender: Door Dash,228.51
20260821,5168: Catlettsburg KY,Tender: Doordash Banda Burrito,
20260821,5168: Catlettsburg KY,Tender: Doordash VRB,
20260821,5168: Catlettsburg KY,Tender: Doordash VRM,
20260821,5168: Catlettsburg KY,Tender: Doordash Nathans,
20260821,5168: Catlettsburg KY,Credit Tips Received,297.28
20260821,5168: Catlettsburg KY,Tender: Uber Eats,
20260821,5168: Catlettsburg KY,Tender: Uber Eats Banda Burrito,
20260821,5168: Catlettsburg KY,Tender: Uber Eats VR,
20260821,5168: Catlettsburg KY,Tender: Uber Eats VRM,
20260821,5168: Catlettsburg KY,Tender: Uber Eats Nathans,
20260821,5168: Catlettsburg KY,Tender: Grub Hub,
20260821,5168: Catlettsburg KY,Tender: Grubhub Banda Burrito,
20260821,5168: Catlettsburg KY,Tender: Grubhub VRB,
20260821,5168: Catlettsburg KY,Tender: Grubhub VRM,
20260821,5168: Catlettsburg KY,Tender: QR Pay,
20260821,5168: Catlettsburg KY,Tender: Online,36.20
20260821,5168: Catlettsburg KY,Tender: Master Card,538.88
20260821,5168: Catlettsburg KY,Tender: Visa,1476.94
20260821,5168: Catlettsburg KY,Tender: Discover,99.65
20260821,5168: Catlettsburg KY,Tender: Debit,593.50
20260821,5168: Catlettsburg KY,Tender: American Express,
20260821,5168: Catlettsburg KY,Tender: Gift Card,
20260821,5168: Catlettsburg KY,Tender: Cash,547.72
20260821,5168: Catlettsburg KY,Credit Tips Paid,242.02
20260821,5168: Catlettsburg KY,Cash Paid Outs - Non Adjusting,
20260821,5168: Catlettsburg KY,Cash Paid Outs - Sales Adjusting,
20260821,5168: Catlettsburg KY,Online Gross Sales,32.46
20260821,5169: Columbus OH,Net Sales,3961.51
20260821,5169: Columbus OH,Total Sales Tax,260.82
20260821,5169: Columbus OH,Total Discounts,199.71
20260821,5169: Columbus OH,Major Category: Gift Card,
20260821,5169: Columbus OH,Tender: Door Dash,276.30
20260821,5169: Columbus OH,Tender: Doordash Banda Burrito,
20260821,5169: Columbus OH,Tender: Doordash VRB,72.21
20260821,5169: Columbus OH,Tender: Doordash VRM,128.29
20260821,5169: Columbus OH,Tender: Doordash Nathans,
20260821,5169: Columbus OH,Credit Tips Received,439.96
20260821,5169: Columbus OH,Tender: Uber Eats,33.14
20260821,5169: Columbus OH,Tender: Uber Eats Banda Burrito,
20260821,5169: Columbus OH,Tender: Uber Eats VR,
20260821,5169: Columbus OH,Tender: Uber Eats VRM,
20260821,5169: Columbus OH,Tender: Uber Eats Nathans,
20260821,5169: Columbus OH,Tender: Grub Hub,20.99
20260821,5169: Columbus OH,Tender: Grubhub Banda Burrito,
20260821,5169: Columbus OH,Tender: Grubhub VRB,
20260821,5169: Columbus OH,Tender: Grubhub VRM,
20260821,5169: Columbus OH,Tender: QR Pay,439.77
20260821,5169: Columbus OH,Tender: Online,40.34
20260821,5169: Columbus OH,Tender: Master Card,856.34
20260821,5169: Columbus OH,Tender: Visa,1425.95
20260821,5169: Columbus OH,Tender: Discover,
20260821,5169: Columbus OH,Tender: Debit,664.20
20260821,5169: Columbus OH,Tender: American Express,75.00
20260821,5169: Columbus OH,Tender: Gift Card,8.38
20260821,5169: Columbus OH,Tender: Cash,621.38
20260821,5169: Columbus OH,Credit Tips Paid,380.81
20260821,5169: Columbus OH,Cash Paid Outs - Non Adjusting,
20260821,5169: Columbus OH,Cash Paid Outs - Sales Adjusting,
20260821,5169: Columbus OH,Online Gross Sales,
20260821,7401: Youngstown OH,Net Sales,4542.25
20260821,7401: Youngstown OH,Total Sales Tax,169.33
20260821,7401: Youngstown OH,Total Discounts,185.58
20260821,7401: Youngstown OH,Major Category: Gift Card,
20260821,7401: Youngstown OH,Tender: Door Dash,900.20
20260821,7401: Youngstown OH,Tender: Doordash Banda Burrito,129.34
20260821,7401: Youngstown OH,Tender: Doordash VRB,
20260821,7401: Youngstown OH,Tender: Doordash VRM,167.07
20260821,7401: Youngstown OH,Tender: Doordash Nathans,121.27
20260821,7401: Youngstown OH,Credit Tips Received,232.82
20260821,7401: Youngstown OH,Tender: Uber Eats,28.06
20260821,7401: Youngstown OH,Tender: Uber Eats Banda Burrito,11.29
20260821,7401: Youngstown OH,Tender: Uber Eats VR,48.41
20260821,7401: Youngstown OH,Tender: Uber Eats VRM,27.06
20260821,7401: Youngstown OH,Tender: Uber Eats Nathans,
20260821,7401: Youngstown OH,Tender: Grub Hub,
20260821,7401: Youngstown OH,Tender: Grubhub Banda Burrito,18.69
20260821,7401: Youngstown OH,Tender: Grubhub VRB,
20260821,7401: Youngstown OH,Tender: Grubhub VRM,
20260821,7401: Youngstown OH,Tender: QR Pay,
20260821,7401: Youngstown OH,Tender: Online,239.66
20260821,7401: Youngstown OH,Tender: Master Card,386.09
20260821,7401: Youngstown OH,Tender: Visa,1080.55
20260821,7401: Youngstown OH,Tender: Discover,44.35
20260821,7401: Youngstown OH,Tender: Debit,746.29
20260821,7401: Youngstown OH,Tender: American Express,63.99
20260821,7401: Youngstown OH,Tender: Gift Card,
20260821,7401: Youngstown OH,Tender: Cash,932.08
20260821,7401: Youngstown OH,Credit Tips Paid,195.28
20260821,7401: Youngstown OH,Cash Paid Outs - Non Adjusting,
20260821,7401: Youngstown OH,Cash Paid Outs - Sales Adjusting,
20260821,7401: Youngstown OH,Online Gross Sales,229.16
20260821,9690: Marietta OH,Net Sales,3030.15
20260821,9690: Marietta OH,Total Sales Tax,160.84
20260821,9690: Marietta OH,Total Discounts,145.10
20260821,9690: Marietta OH,Major Category: Gift Card,
20260821,9690: Marietta OH,Tender: Door Dash,218.56
20260821,9690: Marietta OH,Tender: Doordash Banda Burrito,
20260821,9690: Marietta OH,Tender: Doordash VRB,46.73
20260821,9690: Marietta OH,Tender: Doordash VRM,
20260821,9690: Marietta OH,Tender: Doordash Nathans,
20260821,9690: Marietta OH,Credit Tips Received,226.56
20260821,9690: Marietta OH,Tender: Uber Eats,
20260821,9690: Marietta OH,Tender: Uber Eats Banda Burrito,
20260821,9690: Marietta OH,Tender: Uber Eats VR,
20260821,9690: Marietta OH,Tender: Uber Eats VRM,
20260821,9690: Marietta OH,Tender: Uber Eats Nathans,
20260821,9690: Marietta OH,Tender: Grub Hub,
20260821,9690: Marietta OH,Tender: Grubhub Banda Burrito,
20260821,9690: Marietta OH,Tender: Grubhub VRB,
20260821,9690: Marietta OH,Tender: Grubhub VRM,
20260821,9690: Marietta OH,Tender: QR Pay,46.50
20260821,9690: Marietta OH,Tender: Online,126.11
20260821,9690: Marietta OH,Tender: Master Card,189.72
20260821,9690: Marietta OH,Tender: Visa,565.74
20260821,9690: Marietta OH,Tender: Discover,29.30
20260821,9690: Marietta OH,Tender: Debit,1179.86
20260821,9690: Marietta OH,Tender: American Express,
20260821,9690: Marietta OH,Tender: Gift Card,36.94
20260821,9690: Marietta OH,Tender: Cash,978.09
20260821,9690: Marietta OH,Credit Tips Paid,229.24
20260821,9690: Marietta OH,Cash Paid Outs - Non Adjusting,262.69
20260821,9690: Marietta OH,Cash Paid Outs - Sales Adjusting,
20260821,9690: Marietta OH,Online Gross Sales,
20260821,9697: Findlay OH,Net Sales,4031.61
20260821,9697: Findlay OH,Total Sales Tax,216.65
20260821,9697: Findlay OH,Total Discounts,108.92
20260821,9697: Findlay OH,Major Category: Gift Card,
20260821,9697: Findlay OH,Tender: Door Dash,411.76
20260821,9697: Findlay OH,Tender: Doordash Banda Burrito,
20260821,9697: Findlay OH,Tender: Doordash VRB,109.14
20260821,9697: Findlay OH,Tender: Doordash VRM,110.69
20260821,9697: Findlay OH,Tender: Doordash Nathans,
20260821,9697: Findlay OH,Credit Tips Received,278.04
20260821,9697: Findlay OH,Tender: Uber Eats,
20260821,9697: Findlay OH,Tender: Uber Eats Banda Burrito,
20260821,9697: Findlay OH,Tender: Uber Eats VR,
20260821,9697: Findlay OH,Tender: Uber Eats VRM,
20260821,9697: Findlay OH,Tender: Uber Eats Nathans,
20260821,9697: Findlay OH,Tender: Grub Hub,
20260821,9697: Findlay OH,Tender: Grubhub Banda Burrito,
20260821,9697: Findlay OH,Tender: Grubhub VRB,
20260821,9697: Findlay OH,Tender: Grubhub VRM,
20260821,9697: Findlay OH,Tender: QR Pay,46.14
20260821,9697: Findlay OH,Tender: Online,105.76
20260821,9697: Findlay OH,Tender: Master Card,426.59
20260821,9697: Findlay OH,Tender: Visa,456.51
20260821,9697: Findlay OH,Tender: Discover,78.70
20260821,9697: Findlay OH,Tender: Debit,1618.34
20260821,9697: Findlay OH,Tender: American Express,16.70
20260821,9697: Findlay OH,Tender: Gift Card,13.10
20260821,9697: Findlay OH,Tender: Cash,1171.73
20260821,9697: Findlay OH,Credit Tips Paid,197.83
20260821,9697: Findlay OH,Cash Paid Outs - Non Adjusting,
20260821,9697: Findlay OH,Cash Paid Outs - Sales Adjusting,
20260821,9697: Findlay OH,Online Gross Sales,
20260822,5164: Berkshire OH,Net Sales,3894.71
20260822,5164: Berkshire OH,Total Sales Tax,252.41
20260822,5164: Berkshire OH,Total Discounts,98.87
20260822,5164: Berkshire OH,Major Category: Gift Card,
20260822,5164: Berkshire OH,Tender: Door Dash,90.98
20260822,5164: Berkshire OH,Tender: Doordash Banda Burrito,
20260822,5164: Berkshire OH,Tender: Doordash VRB,28.75
20260822,5164: Berkshire OH,Tender: Doordash VRM,
20260822,5164: Berkshire OH,Tender: Doordash Nathans,
20260822,5164: Berkshire OH,Credit Tips Received,589.52
20260822,5164: Berkshire OH,Tender: Uber Eats,
20260822,5164: Berkshire OH,Tender: Uber Eats Banda Burrito,
20260822,5164: Berkshire OH,Tender: Uber Eats VR,
20260822,5164: Berkshire OH,Tender: Uber Eats VRM,
20260822,5164: Berkshire OH,Tender: Uber Eats Nathans,
20260822,5164: Berkshire OH,Tender: Grub Hub,44.96
20260822,5164: Berkshire OH,Tender: Grubhub Banda Burrito,
20260822,5164: Berkshire OH,Tender: Grubhub VRB,
20260822,5164: Berkshire OH,Tender: Grubhub VRM,
20260822,5164: Berkshire OH,Tender: QR Pay,
20260822,5164: Berkshire OH,Tender: Online,107.58
20260822,5164: Berkshire OH,Tender: Master Card,604.58
20260822,5164: Berkshire OH,Tender: Visa,2094.56
20260822,5164: Berkshire OH,Tender: Discover,
20260822,5164: Berkshire OH,Tender: Debit,910.37
20260822,5164: Berkshire OH,Tender: American Express,107.07
20260822,5164: Berkshire OH,Tender: Gift Card,
20260822,5164: Berkshire OH,Tender: Cash,747.79
20260822,5164: Berkshire OH,Credit Tips Paid,652.24
20260822,5164: Berkshire OH,Cash Paid Outs - Non Adjusting,
20260822,5164: Berkshire OH,Cash Paid Outs - Sales Adjusting,
20260822,5164: Berkshire OH,Online Gross Sales,100.63
20260822,5165: Perrysburg OH,Net Sales,3411.29
20260822,5165: Perrysburg OH,Total Sales Tax,179.20
20260822,5165: Perrysburg OH,Total Discounts,147.86
20260822,5165: Perrysburg OH,Major Category: Gift Card,75.00
20260822,5165: Perrysburg OH,Tender: Door Dash,215.37
20260822,5165: Perrysburg OH,Tender: Doordash Banda Burrito,
20260822,5165: Perrysburg OH,Tender: Doordash VRB,
20260822,5165: Perrysburg OH,Tender: Doordash VRM,
20260822,5165: Perrysburg OH,Tender: Doordash Nathans,
20260822,5165: Perrysburg OH,Credit Tips Received,425.42
20260822,5165: Perrysburg OH,Tender: Uber Eats,
20260822,5165: Perrysburg OH,Tender: Uber Eats Banda Burrito,
20260822,5165: Perrysburg OH,Tender: Uber Eats VR,
20260822,5165: Perrysburg OH,Tender: Uber Eats VRM,
20260822,5165: Perrysburg OH,Tender: Uber Eats Nathans,
20260822,5165: Perrysburg OH,Tender: Grub Hub,
20260822,5165: Perrysburg OH,Tender: Grubhub Banda Burrito,
20260822,5165: Perrysburg OH,Tender: Grubhub VRB,
20260822,5165: Perrysburg OH,Tender: Grubhub VRM,
20260822,5165: Perrysburg OH,Tender: QR Pay,
20260822,5165: Perrysburg OH,Tender: Online,208.72
20260822,5165: Perrysburg OH,Tender: Master Card,1029.42
20260822,5165: Perrysburg OH,Tender: Visa,1289.52
20260822,5165: Perrysburg OH,Tender: Discover,160.53
20260822,5165: Perrysburg OH,Tender: Debit,564.12
20260822,5165: Perrysburg OH,Tender: American Express,69.48
20260822,5165: Perrysburg OH,Tender: Gift Card,
20260822,5165: Perrysburg OH,Tender: Cash,556.75
20260822,5165: Perrysburg OH,Credit Tips Paid,353.43
20260822,5165: Perrysburg OH,Cash Paid Outs - Non Adjusting,
20260822,5165: Perrysburg OH,Cash Paid Outs - Sales Adjusting,
20260822,5165: Perrysburg OH,Online Gross Sales,207.10
20260822,5166: Jeffersonville OH,Net Sales,2397.72
20260822,5166: Jeffersonville OH,Total Sales Tax,137.16
20260822,5166: Jeffersonville OH,Total Discounts,61.78
20260822,5166: Jeffersonville OH,Major Category: Gift Card,
20260822,5166: Jeffersonville OH,Tender: Door Dash,55.32
20260822,5166: Jeffersonville OH,Tender: Doordash Banda Burrito,
20260822,5166: Jeffersonville OH,Tender: Doordash VRB,48.96
20260822,5166: Jeffersonville OH,Tender: Doordash VRM,
20260822,5166: Jeffersonville OH,Tender: Doordash Nathans,
20260822,5166: Jeffersonville OH,Credit Tips Received,314.91
20260822,5166: Jeffersonville OH,Tender: Uber Eats,
20260822,5166: Jeffersonville OH,Tender: Uber Eats Banda Burrito,
20260822,5166: Jeffersonville OH,Tender: Uber Eats VR,
20260822,5166: Jeffersonville OH,Tender: Uber Eats VRM,
20260822,5166: Jeffersonville OH,Tender: Uber Eats Nathans,
20260822,5166: Jeffersonville OH,Tender: Grub Hub,
20260822,5166: Jeffersonville OH,Tender: Grubhub Banda Burrito,
20260822,5166: Jeffersonville OH,Tender: Grubhub VRB,
20260822,5166: Jeffersonville OH,Tender: Grubhub VRM,
20260822,5166: Jeffersonville OH,Tender: QR Pay,
20260822,5166: Jeffersonville OH,Tender: Online,77.18
20260822,5166: Jeffersonville OH,Tender: Master Card,479.47
20260822,5166: Jeffersonville OH,Tender: Visa,1228.18
20260822,5166: Jeffersonville OH,Tender: Discover,88.39
20260822,5166: Jeffersonville OH,Tender: Debit,526.60
20260822,5166: Jeffersonville OH,Tender: American Express,
20260822,5166: Jeffersonville OH,Tender: Gift Card,
20260822,5166: Jeffersonville OH,Tender: Cash,345.69
20260822,5166: Jeffersonville OH,Credit Tips Paid,190.89
20260822,5166: Jeffersonville OH,Cash Paid Outs - Non Adjusting,
20260822,5166: Jeffersonville OH,Cash Paid Outs - Sales Adjusting,
20260822,5166: Jeffersonville OH,Online Gross Sales,75.13
20260822,5167: Elizabethtown KY,Net Sales,4347.05
20260822,5167: Elizabethtown KY,Total Sales Tax,353.04
20260822,5167: Elizabethtown KY,Total Discounts,113.54
20260822,5167: Elizabethtown KY,Major Category: Gift Card,
20260822,5167: Elizabethtown KY,Tender: Door Dash,372.72
20260822,5167: Elizabethtown KY,Tender: Doordash Banda Burrito,
20260822,5167: Elizabethtown KY,Tender: Doordash VRB,
20260822,5167: Elizabethtown KY,Tender: Doordash VRM,84.27
20260822,5167: Elizabethtown KY,Tender: Doordash Nathans,
20260822,5167: Elizabethtown KY,Credit Tips Received,467.31
20260822,5167: Elizabethtown KY,Tender: Uber Eats,40.89
20260822,5167: Elizabethtown KY,Tender: Uber Eats Banda Burrito,
20260822,5167: Elizabethtown KY,Tender: Uber Eats VR,
20260822,5167: Elizabethtown KY,Tender: Uber Eats VRM,18.91
20260822,5167: Elizabethtown KY,Tender: Uber Eats Nathans,
20260822,5167: Elizabethtown KY,Tender: Grub Hub,
20260822,5167: Elizabethtown KY,Tender: Grubhub Banda Burrito,
20260822,5167: Elizabethtown KY,Tender: Grubhub VRB,
20260822,5167: Elizabethtown KY,Tender: Grubhub VRM,38.46
20260822,5167: Elizabethtown KY,Tender: QR Pay,
20260822,5167: Elizabethtown KY,Tender: Online,237.10
20260822,5167: Elizabethtown KY,Tender: Master Card,399.82
20260822,5167: Elizabethtown KY,Tender: Visa,1636.22
20260822,5167: Elizabethtown KY,Tender: Discover,46.53
20260822,5167: Elizabethtown KY,Tender: Debit,1364.28
20260822,5167: Elizabethtown KY,Tender: American Express,72.71
20260822,5167: Elizabethtown KY,Tender: Gift Card,50.39
20260822,5167: Elizabethtown KY,Tender: Cash,820.10
20260822,5167: Elizabethtown KY,Credit Tips Paid,452.33
20260822,5167: Elizabethtown KY,Cash Paid Outs - Non Adjusting,
20260822,5167: Elizabethtown KY,Cash Paid Outs - Sales Adjusting,
20260822,5167: Elizabethtown KY,Online Gross Sales,230.70
20260822,5168: Catlettsburg KY,Net Sales,4418.19
20260822,5168: Catlettsburg KY,Total Sales Tax,265.11
20260822,5168: Catlettsburg KY,Total Discounts,67.37
20260822,5168: Catlettsburg KY,Major Category: Gift Card,
20260822,5168: Catlettsburg KY,Tender: Door Dash,165.49
20260822,5168: Catlettsburg KY,Tender: Doordash Banda Burrito,
20260822,5168: Catlettsburg KY,Tender: Doordash VRB,
20260822,5168: Catlettsburg KY,Tender: Doordash VRM,
20260822,5168: Catlettsburg KY,Tender: Doordash Nathans,
20260822,5168: Catlettsburg KY,Credit Tips Received,462.68
20260822,5168: Catlettsburg KY,Tender: Uber Eats,
20260822,5168: Catlettsburg KY,Tender: Uber Eats Banda Burrito,
20260822,5168: Catlettsburg KY,Tender: Uber Eats VR,
20260822,5168: Catlettsburg KY,Tender: Uber Eats VRM,
20260822,5168: Catlettsburg KY,Tender: Uber Eats Nathans,
20260822,5168: Catlettsburg KY,Tender: Grub Hub,
20260822,5168: Catlettsburg KY,Tender: Grubhub Banda Burrito,
20260822,5168: Catlettsburg KY,Tender: Grubhub VRB,
20260822,5168: Catlettsburg KY,Tender: Grubhub VRM,
20260822,5168: Catlettsburg KY,Tender: QR Pay,
20260822,5168: Catlettsburg KY,Tender: Online,110.86
20260822,5168: Catlettsburg KY,Tender: Master Card,629.19
20260822,5168: Catlettsburg KY,Tender: Visa,1658.67
20260822,5168: Catlettsburg KY,Tender: Discover,93.10
20260822,5168: Catlettsburg KY,Tender: Debit,1266.07
20260822,5168: Catlettsburg KY,Tender: American Express,
20260822,5168: Catlettsburg KY,Tender: Gift Card,
20260822,5168: Catlettsburg KY,Tender: Cash,1222.60
20260822,5168: Catlettsburg KY,Credit Tips Paid,448.92
20260822,5168: Catlettsburg KY,Cash Paid Outs - Non Adjusting,
20260822,5168: Catlettsburg KY,Cash Paid Outs - Sales Adjusting,
20260822,5168: Catlettsburg KY,Online Gross Sales,108.59
20260822,5169: Columbus OH,Net Sales,6428.91
20260822,5169: Columbus OH,Total Sales Tax,329.41
20260822,5169: Columbus OH,Total Discounts,212.96
20260822,5169: Columbus OH,Major Category: Gift Card,
20260822,5169: Columbus OH,Tender: Door Dash,735.96
20260822,5169: Columbus OH,Tender: Doordash Banda Burrito,
20260822,5169: Columbus OH,Tender: Doordash VRB,237.59
20260822,5169: Columbus OH,Tender: Doordash VRM,464.53
20260822,5169: Columbus OH,Tender: Doordash Nathans,
20260822,5169: Columbus OH,Credit Tips Received,611.59
20260822,5169: Columbus OH,Tender: Uber Eats,320.43
20260822,5169: Columbus OH,Tender: Uber Eats Banda Burrito,
20260822,5169: Columbus OH,Tender: Uber Eats VR,88.41
20260822,5169: Columbus OH,Tender: Uber Eats VRM,
20260822,5169: Columbus OH,Tender: Uber Eats Nathans,
20260822,5169: Columbus OH,Tender: Grub Hub,42.64
20260822,5169: Columbus OH,Tender: Grubhub Banda Burrito,
20260822,5169: Columbus OH,Tender: Grubhub VRB,51.35
20260822,5169: Columbus OH,Tender: Grubhub VRM,41.85
20260822,5169: Columbus OH,Tender: QR Pay,472.25
20260822,5169: Columbus OH,Tender: Online,148.77
20260822,5169: Columbus OH,Tender: Master Card,1136.28
20260822,5169: Columbus OH,Tender: Visa,1764.03
20260822,5169: Columbus OH,Tender: Discover,235.87
20260822,5169: Columbus OH,Tender: Debit,892.21
20260822,5169: Columbus OH,Tender: American Express,
20260822,5169: Columbus OH,Tender: Gift Card,
20260822,5169: Columbus OH,Tender: Cash,737.74
20260822,5169: Columbus OH,Credit Tips Paid,246.36
20260822,5169: Columbus OH,Cash Paid Outs - Non Adjusting,
20260822,5169: Columbus OH,Cash Paid Outs - Sales Adjusting,
20260822,5169: Columbus OH,Online Gross Sales,
20260822,7401: Youngstown OH,Net Sales,4640.61
20260822,7401: Youngstown OH,Total Sales Tax,205.36
20260822,7401: Youngstown OH,Total Discounts,201.92
20260822,7401: Youngstown OH,Major Category: Gift Card,
20260822,7401: Youngstown OH,Tender: Door Dash,714.72
20260822,7401: Youngstown OH,Tender: Doordash Banda Burrito,115.16
20260822,7401: Youngstown OH,Tender: Doordash VRB,
20260822,7401: Youngstown OH,Tender: Doordash VRM,125.50
20260822,7401: Youngstown OH,Tender: Doordash Nathans,
20260822,7401: Youngstown OH,Credit Tips Received,345.17
20260822,7401: Youngstown OH,Tender: Uber Eats,116.00
20260822,7401: Youngstown OH,Tender: Uber Eats Banda Burrito,
20260822,7401: Youngstown OH,Tender: Uber Eats VR,
20260822,7401: Youngstown OH,Tender: Uber Eats VRM,
20260822,7401: Youngstown OH,Tender: Uber Eats Nathans,
20260822,7401: Youngstown OH,Tender: Grub Hub,34.93
20260822,7401: Youngstown OH,Tender: Grubhub Banda Burrito,
20260822,7401: Youngstown OH,Tender: Grubhub VRB,
20260822,7401: Youngstown OH,Tender: Grubhub VRM,
20260822,7401: Youngstown OH,Tender: QR Pay,
20260822,7401: Youngstown OH,Tender: Online,155.84
20260822,7401: Youngstown OH,Tender: Master Card,566.12
20260822,7401: Youngstown OH,Tender: Visa,1103.73
20260822,7401: Youngstown OH,Tender: Discover,204.90
20260822,7401: Youngstown OH,Tender: Debit,782.77
20260822,7401: Youngstown OH,Tender: American Express,112.06
20260822,7401: Youngstown OH,Tender: Gift Card,33.82
20260822,7401: Youngstown OH,Tender: Cash,1125.59
20260822,7401: Youngstown OH,Credit Tips Paid,385.90
20260822,7401: Youngstown OH,Cash Paid Outs - Non Adjusting,
20260822,7401: Youngstown OH,Cash Paid Outs - Sales Adjusting,
20260822,7401: Youngstown OH,Online Gross Sales,158.93
20260822,9690: Marietta OH,Net Sales,2932.61
20260822,9690: Marietta OH,Total Sales Tax,194.32
20260822,9690: Marietta OH,Total Discounts,110.11
20260822,9690: Marietta OH,Major Category: Gift Card,
20260822,9690: Marietta OH,Tender: Door Dash,128.81
20260822,9690: Marietta OH,Tender: Doordash Banda Burrito,
20260822,9690: Marietta OH,Tender: Doordash VRB,
20260822,9690: Marietta OH,Tender: Doordash VRM,
20260822,9690: Marietta OH,Tender: Doordash Nathans,
20260822,9690: Marietta OH,Credit Tips Received,236.52
20260822,9690: Marietta OH,Tender: Uber Eats,
20260822,9690: Marietta OH,Tender: Uber Eats Banda Burrito,
20260822,9690: Marietta OH,Tender: Uber Eats VR,
20260822,9690: Marietta OH,Tender: Uber Eats VRM,
20260822,9690: Marietta OH,Tender: Uber Eats Nathans,
20260822,9690: Marietta OH,Tender: Grub Hub,
20260822,9690: Marietta OH,Tender: Grubhub Banda Burrito,
20260822,9690: Marietta OH,Tender: Grubhub VRB,
20260822,9690: Marietta OH,Tender: Grubhub VRM,
20260822,9690: Marietta OH,Tender: QR Pay,27.87
20260822,9690: Marietta OH,Tender: Online,57.18
20260822,9690: Marietta OH,Tender: Master Card,316.22
20260822,9690: Marietta OH,Tender: Visa,358.45
20260822,9690: Marietta OH,Tender: Discover,
20260822,9690: Marietta OH,Tender: Debit,1396.78
20260822,9690: Marietta OH,Tender: American Express,147.45
20260822,9690: Marietta OH,Tender: Gift Card,
20260822,9690: Marietta OH,Tender: Cash,935.69
20260822,9690: Marietta OH,Credit Tips Paid,272.10
20260822,9690: Marietta OH,Cash Paid Outs - Non Adjusting,185.00
20260822,9690: Marietta OH,Cash Paid Outs - Sales Adjusting,
20260822,9690: Marietta OH,Online Gross Sales,
20260822,9697: Findlay OH,Net Sales,5275.36
20260822,9697: Findlay OH,Total Sales Tax,322.49
20260822,9697: Findlay OH,Total Discounts,95.21
20260822,9697: Findlay OH,Major Category: Gift Card,
20260822,9697: Findlay OH,Tender: Door Dash,299.15
20260822,9697: Findlay OH,Tender: Doordash Banda Burrito,
20260822,9697: Findlay OH,Tender: Doordash VRB,73.39
20260822,9697: Findlay OH,Tender: Doordash VRM,191.85
20260822,9697: Findlay OH,Tender: Doordash Nathans,
20260822,9697: Findlay OH,Credit Tips Received,375.87
20260822,9697: Findlay OH,Tender: Uber Eats,
20260822,9697: Findlay OH,Tender: Uber Eats Banda Burrito,
20260822,9697: Findlay OH,Tender: Uber Eats VR,36.92
20260822,9697: Findlay OH,Tender: Uber Eats VRM,
20260822,9697: Findlay OH,Tender: Uber Eats Nathans,
20260822,9697: Findlay OH,Tender: Grub Hub,
20260822,9697: Findlay OH,Tender: Grubhub Banda Burrito,
20260822,9697: Findlay OH,Tender: Grubhub VRB,
20260822,9697: Findlay OH,Tender: Grubhub VRM,
20260822,9697: Findlay OH,Tender: QR Pay,179.53
20260822,9697: Findlay OH,Tender: Online,127.74
20260822,9697: Findlay OH,Tender: Master Card,657.07
20260822,9697: Findlay OH,Tender: Visa,706.47
20260822,9697: Findlay OH,Tender: Discover,107.19
20260822,9697: Findlay OH,Tender: Debit,1796.62
20260822,9697: Findlay OH,Tender: American Express,43.46
20260822,9697: Findlay OH,Tender: Gift Card,
20260822,9697: Findlay OH,Tender: Cash,1770.65
20260822,9697: Findlay OH,Credit Tips Paid,448.70
20260822,9697: Findlay OH,Cash Paid Outs - Non Adjusting,
20260822,9697: Findlay OH,Cash Paid Outs - Sales Adjusting,
20260822,9697: Findlay OH,Online Gross Sales,
20260823,5164: Berkshire OH,Net Sales,3636.50
20260823,5164: Berkshire OH,Total Sales Tax,234.27
20260823,5164: Berkshire OH,Total Discounts,105.66
20260823,5164: Berkshire OH,Major Category: Gift Card,
20260823,5164: Berkshire OH,Tender: Door Dash,32.35
20260823,5164: Berkshire OH,Tender: Doordash Banda Burrito,
20260823,5164: Berkshire OH,Tender: Doordash VRB,
20260823,5164: Berkshire OH,Tender: Doordash VRM,
20260823,5164: Berkshire OH,Tender: Doordash Nathans,
20260823,5164: Berkshire OH,Credit Tips Received,392.58
20260823,5164: Berkshire OH,Tender: Uber Eats,
20260823,5164: Berkshire OH,Tender: Uber Eats Banda Burrito,
20260823,5164: Berkshire OH,Tender: Uber Eats VR,21.58
20260823,5164: Berkshire OH,Tender: Uber Eats VRM,
20260823,5164: Berkshire OH,Tender: Uber Eats Nathans,
20260823,5164: Berkshire OH,Tender: Grub Hub,
20260823,5164: Berkshire OH,Tender: Grubhub Banda Burrito,
20260823,5164: Berkshire OH,Tender: Grubhub VRB,
20260823,5164: Berkshire OH,Tender: Grubhub VRM,
20260823,5164: Berkshire OH,Tender: QR Pay,
20260823,5164: Berkshire OH,Tender: Online,170.03
20260823,5164: Berkshire OH,Tender: Master Card,713.32
20260823,5164: Berkshire OH,Tender: Visa,1406.62
20260823,5164: Berkshire OH,Tender: Discover,72.66
20260823,5164: Berkshire OH,Tender: Debit,776.91
20260823,5164: Berkshire OH,Tender: American Express,94.39
20260823,5164: Berkshire OH,Tender: Gift Card,52.33
20260823,5164: Berkshire OH,Tender: Cash,926.16
20260823,5164: Berkshire OH,Credit Tips Paid,392.58
20260823,5164: Berkshire OH,Cash Paid Outs - Non Adjusting,
20260823,5164: Berkshire OH,Cash Paid Outs - Sales Adjusting,
20260823,5164: Berkshire OH,Online Gross Sales,157.68
20260823,5165: Perrysburg OH,Net Sales,4121.50
20260823,5165: Perrysburg OH,Total Sales Tax,237.22
20260823,5165: Perrysburg OH,Total Discounts,197.68
20260823,5165: Perrysburg OH,Major Category: Gift Card,
20260823,5165: Perrysburg OH,Tender: Door Dash,40.45
20260823,5165: Perrysburg OH,Tender: Doordash Banda Burrito,
20260823,5165: Perrysburg OH,Tender: Doordash VRB,
20260823,5165: Perrysburg OH,Tender: Doordash VRM,
20260823,5165: Perrysburg OH,Tender: Doordash Nathans,
20260823,5165: Perrysburg OH,Credit Tips Received,435.05
20260823,5165: Perrysburg OH,Tender: Uber Eats,109.97
20260823,5165: Perrysburg OH,Tender: Uber Eats Banda Burrito,
20260823,5165: Perrysburg OH,Tender: Uber Eats VR,
20260823,5165: Perrysburg OH,Tender: Uber Eats VRM,
20260823,5165: Perrysburg OH,Tender: Uber Eats Nathans,
20260823,5165: Perrysburg OH,Tender: Grub Hub,
20260823,5165: Perrysburg OH,Tender: Grubhub Banda Burrito,
20260823,5165: Perrysburg OH,Tender: Grubhub VRB,
20260823,5165: Perrysburg OH,Tender: Grubhub VRM,
20260823,5165: Perrysburg OH,Tender: QR Pay,
20260823,5165: Perrysburg OH,Tender: Online,178.85
20260823,5165: Perrysburg OH,Tender: Master Card,1076.77
20260823,5165: Perrysburg OH,Tender: Visa,1400.96
20260823,5165: Perrysburg OH,Tender: Discover,80.00
20260823,5165: Perrysburg OH,Tender: Debit,783.43
20260823,5165: Perrysburg OH,Tender: American Express,40.00
20260823,5165: Perrysburg OH,Tender: Gift Card,64.09
20260823,5165: Perrysburg OH,Tender: Cash,1022.25
20260823,5165: Perrysburg OH,Credit Tips Paid,516.61
20260823,5165: Perrysburg OH,Cash Paid Outs - Non Adjusting,
20260823,5165: Perrysburg OH,Cash Paid Outs - Sales Adjusting,
20260823,5165: Perrysburg OH,Online Gross Sales,176.35
20260823,5166: Jeffersonville OH,Net Sales,3227.82
20260823,5166: Jeffersonville OH,Total Sales Tax,197.94
20260823,5166: Jeffersonville OH,Total Discounts,80.80
20260823,5166: Jeffersonville OH,Major Category: Gift Card,
20260823,5166: Jeffersonville OH,Tender: Door Dash,16.79
20260823,5166: Jeffersonville OH,Tender: Doordash Banda Burrito,
20260823,5166: Jeffersonville OH,Tender: Doordash VRB,
20260823,5166: Jeffersonville OH,Tender: Doordash VRM,
20260823,5166: Jeffersonville OH,Tender: Doordash Nathans,
20260823,5166: Jeffersonville OH,Credit Tips Received,399.28
20260823,5166: Jeffersonville OH,Tender: Uber Eats,
20260823,5166: Jeffersonville OH,Tender: Uber Eats Banda Burrito,
20260823,5166: Jeffersonville OH,Tender: Uber Eats VR,
20260823,5166: Jeffersonville OH,Tender: Uber Eats VRM,
20260823,5166: Jeffersonville OH,Tender: Uber Eats Nathans,
20260823,5166: Jeffersonville OH,Tender: Grub Hub,
20260823,5166: Jeffersonville OH,Tender: Grubhub Banda Burrito,
20260823,5166: Jeffersonville OH,Tender: Grubhub VRB,
20260823,5166: Jeffersonville OH,Tender: Grubhub VRM,
20260823,5166: Jeffersonville OH,Tender: QR Pay,
20260823,5166: Jeffersonville OH,Tender: Online,98.95
20260823,5166: Jeffersonville OH,Tender: Master Card,527.67
20260823,5166: Jeffersonville OH,Tender: Visa,1714.45
20260823,5166: Jeffersonville OH,Tender: Discover,190.74
20260823,5166: Jeffersonville OH,Tender: Debit,578.39
20260823,5166: Jeffersonville OH,Tender: American Express,38.82
20260823,5166: Jeffersonville OH,Tender: Gift Card,41.85
20260823,5166: Jeffersonville OH,Tender: Cash,617.38
20260823,5166: Jeffersonville OH,Credit Tips Paid,307.31
20260823,5166: Jeffersonville OH,Cash Paid Outs - Non Adjusting,
20260823,5166: Jeffersonville OH,Cash Paid Outs - Sales Adjusting,
20260823,5166: Jeffersonville OH,Online Gross Sales,88.89
20260823,5167: Elizabethtown KY,Net Sales,3702.64
20260823,5167: Elizabethtown KY,Total Sales Tax,300.63
20260823,5167: Elizabethtown KY,Total Discounts,67.99
20260823,5167: Elizabethtown KY,Major Category: Gift Card,
20260823,5167: Elizabethtown KY,Tender: Door Dash,389.60
20260823,5167: Elizabethtown KY,Tender: Doordash Banda Burrito,
20260823,5167: Elizabethtown KY,Tender: Doordash VRB,81.44
20260823,5167: Elizabethtown KY,Tender: Doordash VRM,39.23
20260823,5167: Elizabethtown KY,Tender: Doordash Nathans,
20260823,5167: Elizabethtown KY,Credit Tips Received,343.66
20260823,5167: Elizabethtown KY,Tender: Uber Eats,277.45
20260823,5167: Elizabethtown KY,Tender: Uber Eats Banda Burrito,
20260823,5167: Elizabethtown KY,Tender: Uber Eats VR,37.37
20260823,5167: Elizabethtown KY,Tender: Uber Eats VRM,
20260823,5167: Elizabethtown KY,Tender: Uber Eats Nathans,
20260823,5167: Elizabethtown KY,Tender: Grub Hub,
20260823,5167: Elizabethtown KY,Tender: Grubhub Banda Burrito,
20260823,5167: Elizabethtown KY,Tender: Grubhub VRB,
20260823,5167: Elizabethtown KY,Tender: Grubhub VRM,
20260823,5167: Elizabethtown KY,Tender: QR Pay,
20260823,5167: Elizabethtown KY,Tender: Online,151.52
20260823,5167: Elizabethtown KY,Tender: Master Card,497.66
20260823,5167: Elizabethtown KY,Tender: Visa,1847.87
20260823,5167: Elizabethtown KY,Tender: Discover,
20260823,5167: Elizabethtown KY,Tender: Debit,495.55
20260823,5167: Elizabethtown KY,Tender: American Express,75.95
20260823,5167: Elizabethtown KY,Tender: Gift Card,
20260823,5167: Elizabethtown KY,Tender: Cash,477.29
20260823,5167: Elizabethtown KY,Credit Tips Paid,355.12
20260823,5167: Elizabethtown KY,Cash Paid Outs - Non Adjusting,
20260823,5167: Elizabethtown KY,Cash Paid Outs - Sales Adjusting,
20260823,5167: Elizabethtown KY,Online Gross Sales,133.05
20260823,5168: Catlettsburg KY,Net Sales,2187.04
20260823,5168: Catlettsburg KY,Total Sales Tax,131.17
20260823,5168: Catlettsburg KY,Total Discounts,47.15
20260823,5168: Catlettsburg KY,Major Category: Gift Card,
20260823,5168: Catlettsburg KY,Tender: Door Dash,65.13
20260823,5168: Catlettsburg KY,Tender: Doordash Banda Burrito,
20260823,5168: Catlettsburg KY,Tender: Doordash VRB,
20260823,5168: Catlettsburg KY,Tender: Doordash VRM,
20260823,5168: Catlettsburg KY,Tender: Doordash Nathans,
20260823,5168: Catlettsburg KY,Credit Tips Received,258.40
20260823,5168: Catlettsburg KY,Tender: Uber Eats,
20260823,5168: Catlettsburg KY,Tender: Uber Eats Banda Burrito,
20260823,5168: Catlettsburg KY,Tender: Uber Eats VR,
20260823,5168: Catlettsburg KY,Tender: Uber Eats VRM,
20260823,5168: Catlettsburg KY,Tender: Uber Eats Nathans,
20260823,5168: Catlettsburg KY,Tender: Grub Hub,
20260823,5168: Catlettsburg KY,Tender: Grubhub Banda Burrito,
20260823,5168: Catlettsburg KY,Tender: Grubhub VRB,
20260823,5168: Catlettsburg KY,Tender: Grubhub VRM,
20260823,5168: Catlettsburg KY,Tender: QR Pay,
20260823,5168: Catlettsburg KY,Tender: Online,122.57
20260823,5168: Catlettsburg KY,Tender: Master Card,541.30
20260823,5168: Catlettsburg KY,Tender: Visa,1034.73
20260823,5168: Catlettsburg KY,Tender: Discover,
20260823,5168: Catlettsburg KY,Tender: Debit,387.81
20260823,5168: Catlettsburg KY,Tender: American Express,
20260823,5168: Catlettsburg KY,Tender: Gift Card,
20260823,5168: Catlettsburg KY,Tender: Cash,425.07
20260823,5168: Catlettsburg KY,Credit Tips Paid,98.69
20260823,5168: Catlettsburg KY,Cash Paid Outs - Non Adjusting,19.75
20260823,5168: Catlettsburg KY,Cash Paid Outs - Sales Adjusting,
20260823,5168: Catlettsburg KY,Online Gross Sales,110.68
20260823,5169: Columbus OH,Net Sales,5705.51
20260823,5169: Columbus OH,Total Sales Tax,273.18
20260823,5169: Columbus OH,Total Discounts,218.64
20260823,5169: Columbus OH,Major Category: Gift Card,
20260823,5169: Columbus OH,Tender: Door Dash,629.50
20260823,5169: Columbus OH,Tender: Doordash Banda Burrito,
20260823,5169: Columbus OH,Tender: Doordash VRB,120.08
20260823,5169: Columbus OH,Tender: Doordash VRM,234.59
20260823,5169: Columbus OH,Tender: Doordash Nathans,
20260823,5169: Columbus OH,Credit Tips Received,456.09
20260823,5169: Columbus OH,Tender: Uber Eats,255.19
20260823,5169: Columbus OH,Tender: Uber Eats Banda Burrito,
20260823,5169: Columbus OH,Tender: Uber Eats VR,149.61
20260823,5169: Columbus OH,Tender: Uber Eats VRM,
20260823,5169: Columbus OH,Tender: Uber Eats Nathans,
20260823,5169: Columbus OH,Tender: Grub Hub,199.46
20260823,5169: Columbus OH,Tender: Grubhub Banda Burrito,
20260823,5169: Columbus OH,Tender: Grubhub VRB,18.39
20260823,5169: Columbus OH,Tender: Grubhub VRM,108.51
20260823,5169: Columbus OH,Tender: QR Pay,661.10
20260823,5169: Columbus OH,Tender: Online,164.34
20260823,5169: Columbus OH,Tender: Master Card,634.31
20260823,5169: Columbus OH,Tender: Visa,1424.12
20260823,5169: Columbus OH,Tender: Discover,262.76
20260823,5169: Columbus OH,Tender: Debit,799.60
20260823,5169: Columbus OH,Tender: American Express,88.84
20260823,5169: Columbus OH,Tender: Gift Card,5.76
20260823,5169: Columbus OH,Tender: Cash,671.07
20260823,5169: Columbus OH,Credit Tips Paid,428.44
20260823,5169: Columbus OH,Cash Paid Outs - Non Adjusting,
20260823,5169: Columbus OH,Cash Paid Outs - Sales Adjusting,
20260823,5169: Columbus OH,Online Gross Sales,
20260823,7401: Youngstown OH,Net Sales,4924.44
20260823,7401: Youngstown OH,Total Sales Tax,204.52
20260823,7401: Youngstown OH,Total Discounts,128.29
20260823,7401: Youngstown OH,Major Category: Gift Card,
20260823,7401: Youngstown OH,Tender: Door Dash,614.16
20260823,7401: Youngstown OH,Tender: Doordash Banda Burrito,48.95
20260823,7401: Youngstown OH,Tender: Doordash VRB,
20260823,7401: Youngstown OH,Tender: Doordash VRM,241.33
20260823,7401: Youngstown OH,Tender: Doordash Nathans,161.86
20260823,7401: Youngstown OH,Credit Tips Received,347.55
20260823,7401: Youngstown OH,Tender: Uber Eats,68.39
20260823,7401: Youngstown OH,Tender: Uber Eats Banda Burrito,
20260823,7401: Youngstown OH,Tender: Uber Eats VR,21.28
20260823,7401: Youngstown OH,Tender: Uber Eats VRM,
20260823,7401: Youngstown OH,Tender: Uber Eats Nathans,
20260823,7401: Youngstown OH,Tender: Grub Hub,
20260823,7401: Youngstown OH,Tender: Grubhub Banda Burrito,
20260823,7401: Youngstown OH,Tender: Grubhub VRB,
20260823,7401: Youngstown OH,Tender: Grubhub VRM,
20260823,7401: Youngstown OH,Tender: QR Pay,
20260823,7401: Youngstown OH,Tender: Online,326.83
20260823,7401: Youngstown OH,Tender: Master Card,1112.71
20260823,7401: Youngstown OH,Tender: Visa,904.13
20260823,7401: Youngstown OH,Tender: Discover,121.92
20260823,7401: Youngstown OH,Tender: Debit,775.79
20260823,7401: Youngstown OH,Tender: American Express,100.91
20260823,7401: Youngstown OH,Tender: Gift Card,
20260823,7401: Youngstown OH,Tender: Cash,981.25
20260823,7401: Youngstown OH,Credit Tips Paid,284.22
20260823,7401: Youngstown OH,Cash Paid Outs - Non Adjusting,
20260823,7401: Youngstown OH,Cash Paid Outs - Sales Adjusting,
20260823,7401: Youngstown OH,Online Gross Sales,303.11
20260823,9690: Marietta OH,Net Sales,3003.76
20260823,9690: Marietta OH,Total Sales Tax,176.34
20260823,9690: Marietta OH,Total Discounts,100.08
20260823,9690: Marietta OH,Major Category: Gift Card,
20260823,9690: Marietta OH,Tender: Door Dash,283.70
20260823,9690: Marietta OH,Tender: Doordash Banda Burrito,
20260823,9690: Marietta OH,Tender: Doordash VRB,68.84
20260823,9690: Marietta OH,Tender: Doordash VRM,
20260823,9690: Marietta OH,Tender: Doordash Nathans,
20260823,9690: Marietta OH,Credit Tips Received,277.73
20260823,9690: Marietta OH,Tender: Uber Eats,
20260823,9690: Marietta OH,Tender: Uber Eats Banda Burrito,
20260823,9690: Marietta OH,Tender: Uber Eats VR,
20260823,9690: Marietta OH,Tender: Uber Eats VRM,
20260823,9690: Marietta OH,Tender: Uber Eats Nathans,
20260823,9690: Marietta OH,Tender: Grub Hub,
20260823,9690: Marietta OH,Tender: Grubhub Banda Burrito,
20260823,9690: Marietta OH,Tender: Grubhub VRB,
20260823,9690: Marietta OH,Tender: Grubhub VRM,
20260823,9690: Marietta OH,Tender: QR Pay,109.85
20260823,9690: Marietta OH,Tender: Online,79.40
20260823,9690: Marietta OH,Tender: Master Card,371.11
20260823,9690: Marietta OH,Tender: Visa,322.79
20260823,9690: Marietta OH,Tender: Discover,131.10
20260823,9690: Marietta OH,Tender: Debit,1255.03
20260823,9690: Marietta OH,Tender: American Express,35.57
20260823,9690: Marietta OH,Tender: Gift Card,48.45
20260823,9690: Marietta OH,Tender: Cash,771.99
20260823,9690: Marietta OH,Credit Tips Paid,190.80
20260823,9690: Marietta OH,Cash Paid Outs - Non Adjusting,
20260823,9690: Marietta OH,Cash Paid Outs - Sales Adjusting,
20260823,9690: Marietta OH,Online Gross Sales,
20260823,9697: Findlay OH,Net Sales,5388.78
20260823,9697: Findlay OH,Total Sales Tax,337.28
20260823,9697: Findlay OH,Total Discounts,131.94
20260823,9697: Findlay OH,Major Category: Gift Card,
20260823,9697: Findlay OH,Tender: Door Dash,431.15
20260823,9697: Findlay OH,Tender: Doordash Banda Burrito,
20260823,9697: Findlay OH,Tender: Doordash VRB,18.98
20260823,9697: Findlay OH,Tender: Doordash VRM,61.06
20260823,9697: Findlay OH,Tender: Doordash Nathans,
20260823,9697: Findlay OH,Credit Tips Received,515.90
20260823,9697: Findlay OH,Tender: Uber Eats,
20260823,9697: Findlay OH,Tender: Uber Eats Banda Burrito,
20260823,9697: Findlay OH,Tender: Uber Eats VR,
20260823,9697: Findlay OH,Tender: Uber Eats VRM,
20260823,9697: Findlay OH,Tender: Uber Eats Nathans,
20260823,9697: Findlay OH,Tender: Grub Hub,
20260823,9697: Findlay OH,Tender: Grubhub Banda Burrito,
20260823,9697: Findlay OH,Tender: Grubhub VRB,
20260823,9697: Findlay OH,Tender: Grubhub VRM,
20260823,9697: Findlay OH,Tender: QR Pay,541.61
20260823,9697: Findlay OH,Tender: Online,47.73
20260823,9697: Findlay OH,Tender: Master Card,923.23
20260823,9697: Findlay OH,Tender: Visa,995.13
20260823,9697: Findlay OH,Tender: Discover,13.75
20260823,9697: Findlay OH,Tender: Debit,1779.04
20260823,9697: Findlay OH,Tender: American Express,237.79
20260823,9697: Findlay OH,Tender: Gift Card,47.75
20260823,9697: Findlay OH,Tender: Cash,1151.49
20260823,9697: Findlay OH,Credit Tips Paid,523.28
20260823,9697: Findlay OH,Cash Paid Outs - Non Adjusting,
20260823,9697: Findlay OH,Cash Paid Outs - Sales Adjusting,27.00
20260823,9697: Findlay OH,Online Gross Sales,
20260824,5164: Berkshire OH,Net Sales,2208.30
20260824,5164: Berkshire OH,Total Sales Tax,137.99
20260824,5164: Berkshire OH,Total Discounts,84.60
20260824,5164: Berkshire OH,Major Category: Gift Card,
20260824,5164: Berkshire OH,Tender: Door Dash,88.31
20260824,5164: Berkshire OH,Tender: Doordash Banda Burrito,
20260824,5164: Berkshire OH,Tender: Doordash VRB,
20260824,5164: Berkshire OH,Tender: Doordash VRM,
20260824,5164: Berkshire OH,Tender: Doordash Nathans,
20260824,5164: Berkshire OH,Credit Tips Received,217.76
20260824,5164: Berkshire OH,Tender: Uber Eats,
20260824,5164: Berkshire OH,Tender: Uber Eats Banda Burrito,
20260824,5164: Berkshire OH,Tender: Uber Eats VR,31.75
20260824,5164: Berkshire OH,Tender: Uber Eats VRM,
20260824,5164: Berkshire OH,Tender: Uber Eats Nathans,
20260824,5164: Berkshire OH,Tender: Grub Hub,
20260824,5164: Berkshire OH,Tender: Grubhub Banda Burrito,
20260824,5164: Berkshire OH,Tender: Grubhub VRB,
20260824,5164: Berkshire OH,Tender: Grubhub VRM,
20260824,5164: Berkshire OH,Tender: QR Pay,
20260824,5164: Berkshire OH,Tender: Online,67.09
20260824,5164: Berkshire OH,Tender: Master Card,695.29
20260824,5164: Berkshire OH,Tender: Visa,750.77
20260824,5164: Berkshire OH,Tender: Discover,11.40
20260824,5164: Berkshire OH,Tender: Debit,314.11
20260824,5164: Berkshire OH,Tender: American Express,
20260824,5164: Berkshire OH,Tender: Gift Card,7.53
20260824,5164: Berkshire OH,Tender: Cash,622.80
20260824,5164: Berkshire OH,Credit Tips Paid,215.07
20260824,5164: Berkshire OH,Cash Paid Outs - Non Adjusting,
20260824,5164: Berkshire OH,Cash Paid Outs - Sales Adjusting,
20260824,5164: Berkshire OH,Online Gross Sales,68.20
20260824,5165: Perrysburg OH,Net Sales,2152.77
20260824,5165: Perrysburg OH,Total Sales Tax,113.82
20260824,5165: Perrysburg OH,Total Discounts,64.73
20260824,5165: Perrysburg OH,Major Category: Gift Card,
20260824,5165: Perrysburg OH,Tender: Door Dash,39.34
20260824,5165: Perrysburg OH,Tender: Doordash Banda Burrito,
20260824,5165: Perrysburg OH,Tender: Doordash VRB,
20260824,5165: Perrysburg OH,Tender: Doordash VRM,
20260824,5165: Perrysburg OH,Tender: Doordash Nathans,
20260824,5165: Perrysburg OH,Credit Tips Received,322.64
20260824,5165: Perrysburg OH,Tender: Uber Eats,28.79
20260824,5165: Perrysburg OH,Tender: Uber Eats Banda Burrito,
20260824,5165: Perrysburg OH,Tender: Uber Eats VR,
20260824,5165: Perrysburg OH,Tender: Uber Eats VRM,
20260824,5165: Perrysburg OH,Tender: Uber Eats Nathans,
20260824,5165: Perrysburg OH,Tender: Grub Hub,
20260824,5165: Perrysburg OH,Tender: Grubhub Banda Burrito,
20260824,5165: Perrysburg OH,Tender: Grubhub VRB,
20260824,5165: Perrysburg OH,Tender: Grubhub VRM,
20260824,5165: Perrysburg OH,Tender: QR Pay,
20260824,5165: Perrysburg OH,Tender: Online,156.73
20260824,5165: Perrysburg OH,Tender: Master Card,446.29
20260824,5165: Perrysburg OH,Tender: Visa,1034.04
20260824,5165: Perrysburg OH,Tender: Discover,36.16
20260824,5165: Perrysburg OH,Tender: Debit,455.34
20260824,5165: Perrysburg OH,Tender: American Express,58.97
20260824,5165: Perrysburg OH,Tender: Gift Card,10.47
20260824,5165: Perrysburg OH,Tender: Cash,323.10
20260824,5165: Perrysburg OH,Credit Tips Paid,6.78
20260824,5165: Perrysburg OH,Cash Paid Outs - Non Adjusting,
20260824,5165: Perrysburg OH,Cash Paid Outs - Sales Adjusting,
20260824,5165: Perrysburg OH,Online Gross Sales,142.50
20260824,5166: Jeffersonville OH,Net Sales,1906.18
20260824,5166: Jeffersonville OH,Total Sales Tax,104.18
20260824,5166: Jeffersonville OH,Total Discounts,86.93
20260824,5166: Jeffersonville OH,Major Category: Gift Card,
20260824,5166: Jeffersonville OH,Tender: Door Dash,95.33
20260824,5166: Jeffersonville OH,Tender: Doordash Banda Burrito,
20260824,5166: Jeffersonville OH,Tender: Doordash VRB,
20260824,5166: Jeffersonville OH,Tender: Doordash VRM,
20260824,5166: Jeffersonville OH,Tender: Doordash Nathans,
20260824,5166: Jeffersonville OH,Credit Tips Received,217.74
20260824,5166: Jeffersonville OH,Tender: Uber Eats,
20260824,5166: Jeffersonville OH,Tender: Uber Eats Banda Burrito,
20260824,5166: Jeffersonville OH,Tender: Uber Eats VR,
20260824,5166: Jeffersonville OH,Tender: Uber Eats VRM,
20260824,5166: Jeffersonville OH,Tender: Uber Eats Nathans,
20260824,5166: Jeffersonville OH,Tender: Grub Hub,
20260824,5166: Jeffersonville OH,Tender: Grubhub Banda Burrito,
20260824,5166: Jeffersonville OH,Tender: Grubhub VRB,
20260824,5166: Jeffersonville OH,Tender: Grubhub VRM,
20260824,5166: Jeffersonville OH,Tender: QR Pay,
20260824,5166: Jeffersonville OH,Tender: Online,59.22
20260824,5166: Jeffersonville OH,Tender: Master Card,453.65
20260824,5166: Jeffersonville OH,Tender: Visa,738.28
20260824,5166: Jeffersonville OH,Tender: Discover,37.03
20260824,5166: Jeffersonville OH,Tender: Debit,427.31
20260824,5166: Jeffersonville OH,Tender: American Express,
20260824,5166: Jeffersonville OH,Tender: Gift Card,
20260824,5166: Jeffersonville OH,Tender: Cash,417.28
20260824,5166: Jeffersonville OH,Credit Tips Paid,366.35
20260824,5166: Jeffersonville OH,Cash Paid Outs - Non Adjusting,
20260824,5166: Jeffersonville OH,Cash Paid Outs - Sales Adjusting,
20260824,5166: Jeffersonville OH,Online Gross Sales,52.13
20260824,5167: Elizabethtown KY,Net Sales,2023.41
20260824,5167: Elizabethtown KY,Total Sales Tax,164.33
20260824,5167: Elizabethtown KY,Total Discounts,39.90
20260824,5167: Elizabethtown KY,Major Category: Gift Card,
20260824,5167: Elizabethtown KY,Tender: Door Dash,258.73
20260824,5167: Elizabethtown KY,Tender: Doordash Banda Burrito,
20260824,5167: Elizabethtown KY,Tender: Doordash VRB,88.87
20260824,5167: Elizabethtown KY,Tender: Doordash VRM,54.57
20260824,5167: Elizabethtown KY,Tender: Doordash Nathans,
20260824,5167: Elizabethtown KY,Credit Tips Received,157.48
20260824,5167: Elizabethtown KY,Tender: Uber Eats,
20260824,5167: Elizabethtown KY,Tender: Uber Eats Banda Burrito,
20260824,5167: Elizabethtown KY,Tender: Uber Eats VR,
20260824,5167: Elizabethtown KY,Tender: Uber Eats VRM,
20260824,5167: Elizabethtown KY,Tender: Uber Eats Nathans,
20260824,5167: Elizabethtown KY,Tender: Grub Hub,
20260824,5167: Elizabethtown KY,Tender: Grubhub Banda Burrito,
20260824,5167: Elizabethtown KY,Tender: Grubhub VRB,
20260824,5167: Elizabethtown KY,Tender: Grubhub VRM,
20260824,5167: Elizabethtown KY,Tender: QR Pay,
20260824,5167: Elizabethtown KY,Tender: Online,142.21
20260824,5167: Elizabethtown KY,Tender: Master Card,473.36
20260824,5167: Elizabethtown KY,Tender: Visa,525.26
20260824,5167: Elizabethtown KY,Tender: Discover,
20260824,5167: Elizabethtown KY,Tender: Debit,332.07
20260824,5167: Elizabethtown KY,Tender: American Express,28.74
20260824,5167: Elizabethtown KY,Tender: Gift Card,
20260824,5167: Elizabethtown KY,Tender: Cash,449.41
20260824,5167: Elizabethtown KY,Credit Tips Paid,154.45
20260824,5167: Elizabethtown KY,Cash Paid Outs - Non Adjusting,
20260824,5167: Elizabethtown KY,Cash Paid Outs - Sales Adjusting,
20260824,5167: Elizabethtown KY,Online Gross Sales,128.77
20260824,5168: Catlettsburg KY,Net Sales,1905.16
20260824,5168: Catlettsburg KY,Total Sales Tax,114.29
20260824,5168: Catlettsburg KY,Total Discounts,69.64
20260824,5168: Catlettsburg KY,Major Category: Gift Card,
20260824,5168: Catlettsburg KY,Tender: Door Dash,
20260824,5168: Catlettsburg KY,Tender: Doordash Banda Burrito,
20260824,5168: Catlettsburg KY,Tender: Doordash VRB,
20260824,5168: Catlettsburg KY,Tender: Doordash VRM,
20260824,5168: Catlettsburg KY,Tender: Doordash Nathans,
20260824,5168: Catlettsburg KY,Credit Tips Received,202.75
20260824,5168: Catlettsburg KY,Tender: Uber Eats,
20260824,5168: Catlettsburg KY,Tender: Uber Eats Banda Burrito,
20260824,5168: Catlettsburg KY,Tender: Uber Eats VR,
20260824,5168: Catlettsburg KY,Tender: Uber Eats VRM,
20260824,5168: Catlettsburg KY,Tender: Uber Eats Nathans,
20260824,5168: Catlettsburg KY,Tender: Grub Hub,
20260824,5168: Catlettsburg KY,Tender: Grubhub Banda Burrito,
20260824,5168: Catlettsburg KY,Tender: Grubhub VRB,
20260824,5168: Catlettsburg KY,Tender: Grubhub VRM,
20260824,5168: Catlettsburg KY,Tender: QR Pay,
20260824,5168: Catlettsburg KY,Tender: Online,18.32
20260824,5168: Catlettsburg KY,Tender: Master Card,225.67
20260824,5168: Catlettsburg KY,Tender: Visa,933.79
20260824,5168: Catlettsburg KY,Tender: Discover,66.13
20260824,5168: Catlettsburg KY,Tender: Debit,272.40
20260824,5168: Catlettsburg KY,Tender: American Express,66.49
20260824,5168: Catlettsburg KY,Tender: Gift Card,49.16
20260824,5168: Catlettsburg KY,Tender: Cash,590.24
20260824,5168: Catlettsburg KY,Credit Tips Paid,114.17
20260824,5168: Catlettsburg KY,Cash Paid Outs - Non Adjusting,
20260824,5168: Catlettsburg KY,Cash Paid Outs - Sales Adjusting,
20260824,5168: Catlettsburg KY,Online Gross Sales,17.28
20260824,5169: Columbus OH,Net Sales,3122.92
20260824,5169: Columbus OH,Total Sales Tax,111.55
20260824,5169: Columbus OH,Total Discounts,57.73
20260824,5169: Columbus OH,Major Category: Gift Card,
20260824,5169: Columbus OH,Tender: Door Dash,492.24
20260824,5169: Columbus OH,Tender: Doordash Banda Burrito,
20260824,5169: Columbus OH,Tender: Doordash VRB,110.14
20260824,5169: Columbus OH,Tender: Doordash VRM,303.01
20260824,5169: Columbus OH,Tender: Doordash Nathans,
20260824,5169: Columbus OH,Credit Tips Received,207.23
20260824,5169: Columbus OH,Tender: Uber Eats,213.84
20260824,5169: Columbus OH,Tender: Uber Eats Banda Burrito,
20260824,5169: Columbus OH,Tender: Uber Eats VR,177.21
20260824,5169: Columbus OH,Tender: Uber Eats VRM,
20260824,5169: Columbus OH,Tender: Uber Eats Nathans,
20260824,5169: Columbus OH,Tender: Grub Hub,104.12
20260824,5169: Columbus OH,Tender: Grubhub Banda Burrito,
20260824,5169: Columbus OH,Tender: Grubhub VRB,21.56
20260824,5169: Columbus OH,Tender: Grubhub VRM,82.15
20260824,5169: Columbus OH,Tender: QR Pay,366.49
20260824,5169: Columbus OH,Tender: Online,95.97
20260824,5169: Columbus OH,Tender: Master Card,437.43
20260824,5169: Columbus OH,Tender: Visa,604.38
20260824,5169: Columbus OH,Tender: Discover,44.95
20260824,5169: Columbus OH,Tender: Debit,130.64
20260824,5169: Columbus OH,Tender: American Express,
20260824,5169: Columbus OH,Tender: Gift Card,
20260824,5169: Columbus OH,Tender: Cash,257.57
20260824,5169: Columbus OH,Credit Tips Paid,60.79
20260824,5169: Columbus OH,Cash Paid Outs - Non Adjusting,
20260824,5169: Columbus OH,Cash Paid Outs - Sales Adjusting,
20260824,5169: Columbus OH,Online Gross Sales,
20260824,7401: Youngstown OH,Net Sales,3484.33
20260824,7401: Youngstown OH,Total Sales Tax,135.79
20260824,7401: Youngstown OH,Total Discounts,160.70
20260824,7401: Youngstown OH,Major Category: Gift Card,
20260824,7401: Youngstown OH,Tender: Door Dash,649.98
20260824,7401: Youngstown OH,Tender: Doordash Banda Burrito,56.64
20260824,7401: Youngstown OH,Tender: Doordash VRB,
20260824,7401: Youngstown OH,Tender: Doordash VRM,32.06
20260824,7401: Youngstown OH,Tender: Doordash Nathans,59.43
20260824,7401: Youngstown OH,Credit Tips Received,231.16
20260824,7401: Youngstown OH,Tender: Uber Eats,85.18
20260824,7401: Youngstown OH,Tender: Uber Eats Banda Burrito,
20260824,7401: Youngstown OH,Tender: Uber Eats VR,45.04
20260824,7401: Youngstown OH,Tender: Uber Eats VRM,
20260824,7401: Youngstown OH,Tender: Uber Eats Nathans,
20260824,7401: Youngstown OH,Tender: Grub Hub,
20260824,7401: Youngstown OH,Tender: Grubhub Banda Burrito,54.46
20260824,7401: Youngstown OH,Tender: Grubhub VRB,
20260824,7401: Youngstown OH,Tender: Grubhub VRM,
20260824,7401: Youngstown OH,Tender: QR Pay,
20260824,7401: Youngstown OH,Tender: Online,213.23
20260824,7401: Youngstown OH,Tender: Master Card,621.43
20260824,7401: Youngstown OH,Tender: Visa,694.11
20260824,7401: Youngstown OH,Tender: Discover,87.46
20260824,7401: Youngstown OH,Tender: Debit,598.48
20260824,7401: Youngstown OH,Tender: American Express,
20260824,7401: Youngstown OH,Tender: Gift Card,
20260824,7401: Youngstown OH,Tender: Cash,663.78
20260824,7401: Youngstown OH,Credit Tips Paid,294.49
20260824,7401: Youngstown OH,Cash Paid Outs - Non Adjusting,
20260824,7401: Youngstown OH,Cash Paid Outs - Sales Adjusting,
20260824,7401: Youngstown OH,Online Gross Sales,230.57
20260824,9690: Marietta OH,Net Sales,1310.05
20260824,9690: Marietta OH,Total Sales Tax,78.15
20260824,9690: Marietta OH,Total Discounts,77.19
20260824,9690: Marietta OH,Major Category: Gift Card,
20260824,9690: Marietta OH,Tender: Door Dash,66.11
20260824,9690: Marietta OH,Tender: Doordash Banda Burrito,
20260824,9690: Marietta OH,Tender: Doordash VRB,55.91
20260824,9690: Marietta OH,Tender: Doordash VRM,
20260824,9690: Marietta OH,Tender: Doordash Nathans,
20260824,9690: Marietta OH,Credit Tips Received,122.87
20260824,9690: Marietta OH,Tender: Uber Eats,
20260824,9690: Marietta OH,Tender: Uber Eats Banda Burrito,
20260824,9690: Marietta OH,Tender: Uber Eats VR,
20260824,9690: Marietta OH,Tender: Uber Eats VRM,23.07
20260824,9690: Marietta OH,Tender: Uber Eats Nathans,
20260824,9690: Marietta OH,Tender: Grub Hub,
20260824,9690: Marietta OH,Tender: Grubhub Banda Burrito,
20260824,9690: Marietta OH,Tender: Grubhub VRB,
20260824,9690: Marietta OH,Tender: Grubhub VRM,
20260824,9690: Marietta OH,Tender: QR Pay,45.77
20260824,9690: Marietta OH,Tender: Online,23.67
20260824,9690: Marietta OH,Tender: Master Card,93.68
20260824,9690: Marietta OH,Tender: Visa,235.12
20260824,9690: Marietta OH,Tender: Discover,
20260824,9690: Marietta OH,Tender: Debit,505.26
20260824,9690: Marietta OH,Tender: American Express,36.91
20260824,9690: Marietta OH,Tender: Gift Card,
20260824,9690: Marietta OH,Tender: Cash,425.57
20260824,9690: Marietta OH,Credit Tips Paid,114.33
20260824,9690: Marietta OH,Cash Paid Outs - Non Adjusting,
20260824,9690: Marietta OH,Cash Paid Outs - Sales Adjusting,
20260824,9690: Marietta OH,Online Gross Sales,
20260824,9697: Findlay OH,Net Sales,2597.51
20260824,9697: Findlay OH,Total Sales Tax,142.76
20260824,9697: Findlay OH,Total Discounts,93.81
20260824,9697: Findlay OH,Major Category: Gift Card,
20260824,9697: Findlay OH,Tender: Door Dash,280.01
20260824,9697: Findlay OH,Tender: Doordash Banda Burrito,
20260824,9697: Findlay OH,Tender: Doordash VRB,129.90
20260824,9697: Findlay OH,Tender: Doordash VRM,19.38
20260824,9697: Findlay OH,Tender: Doordash Nathans,
20260824,9697: Findlay OH,Credit Tips Received,176.27
20260824,9697: Findlay OH,Tender: Uber Eats,
20260824,9697: Findlay OH,Tender: Uber Eats Banda Burrito,
20260824,9697: Findlay OH,Tender: Uber Eats VR,
20260824,9697: Findlay OH,Tender: Uber Eats VRM,
20260824,9697: Findlay OH,Tender: Uber Eats Nathans,
20260824,9697: Findlay OH,Tender: Grub Hub,
20260824,9697: Findlay OH,Tender: Grubhub Banda Burrito,
20260824,9697: Findlay OH,Tender: Grubhub VRB,
20260824,9697: Findlay OH,Tender: Grubhub VRM,
20260824,9697: Findlay OH,Tender: QR Pay,30.78
20260824,9697: Findlay OH,Tender: Online,90.11
20260824,9697: Findlay OH,Tender: Master Card,433.67
20260824,9697: Findlay OH,Tender: Visa,410.98
20260824,9697: Findlay OH,Tender: Discover,
20260824,9697: Findlay OH,Tender: Debit,659.98
20260824,9697: Findlay OH,Tender: American Express,35.99
20260824,9697: Findlay OH,Tender: Gift Card,29.55
20260824,9697: Findlay OH,Tender: Cash,805.19
20260824,9697: Findlay OH,Credit Tips Paid,176.27
20260824,9697: Findlay OH,Cash Paid Outs - Non Adjusting,
20260824,9697: Findlay OH,Cash Paid Outs - Sales Adjusting,
20260824,9697: Findlay OH,Online Gross Sales,
20260825,5164: Berkshire OH,Net Sales,2916.02
20260825,5164: Berkshire OH,Total Sales Tax,166.65
20260825,5164: Berkshire OH,Total Discounts,80.08
20260825,5164: Berkshire OH,Major Category: Gift Card,
20260825,5164: Berkshire OH,Tender: Door Dash,92.28
20260825,5164: Berkshire OH,Tender: Doordash Banda Burrito,
20260825,5164: Berkshire OH,Tender: Doordash VRB,
20260825,5164: Berkshire OH,Tender: Doordash VRM,
20260825,5164: Berkshire OH,Tender: Doordash Nathans,
20260825,5164: Berkshire OH,Credit Tips Received,432.07
20260825,5164: Berkshire OH,Tender: Uber Eats,
20260825,5164: Berkshire OH,Tender: Uber Eats Banda Burrito,
20260825,5164: Berkshire OH,Tender: Uber Eats VR,
20260825,5164: Berkshire OH,Tender: Uber Eats VRM,
20260825,5164: Berkshire OH,Tender: Uber Eats Nathans,
20260825,5164: Berkshire OH,Tender: Grub Hub,50.26
20260825,5164: Berkshire OH,Tender: Grubhub Banda Burrito,
20260825,5164: Berkshire OH,Tender: Grubhub VRB,
20260825,5164: Berkshire OH,Tender: Grubhub VRM,
20260825,5164: Berkshire OH,Tender: QR Pay,
20260825,5164: Berkshire OH,Tender: Online,176.84
20260825,5164: Berkshire OH,Tender: Master Card,730.32
20260825,5164: Berkshire OH,Tender: Visa,1277.21
20260825,5164: Berkshire OH,Tender: Discover,30.09
20260825,5164: Berkshire OH,Tender: Debit,446.29
20260825,5164: Berkshire OH,Tender: American Express,33.34
20260825,5164: Berkshire OH,Tender: Gift Card,50.00
20260825,5164: Berkshire OH,Tender: Cash,639.11
20260825,5164: Berkshire OH,Credit Tips Paid,434.76
20260825,5164: Berkshire OH,Cash Paid Outs - Non Adjusting,
20260825,5164: Berkshire OH,Cash Paid Outs - Sales Adjusting,
20260825,5164: Berkshire OH,Online Gross Sales,167.15
20260825,5165: Perrysburg OH,Net Sales,2690.35
20260825,5165: Perrysburg OH,Total Sales Tax,126.09
20260825,5165: Perrysburg OH,Total Discounts,56.19
20260825,5165: Perrysburg OH,Major Category: Gift Card,
20260825,5165: Perrysburg OH,Tender: Door Dash,131.02
20260825,5165: Perrysburg OH,Tender: Doordash Banda Burrito,
20260825,5165: Perrysburg OH,Tender: Doordash VRB,
20260825,5165: Perrysburg OH,Tender: Doordash VRM,
20260825,5165: Perrysburg OH,Tender: Doordash Nathans,
20260825,5165: Perrysburg OH,Credit Tips Received,299.84
20260825,5165: Perrysburg OH,Tender: Uber Eats,
20260825,5165: Perrysburg OH,Tender: Uber Eats Banda Burrito,
20260825,5165: Perrysburg OH,Tender: Uber Eats VR,
20260825,5165: Perrysburg OH,Tender: Uber Eats VRM,
20260825,5165: Perrysburg OH,Tender: Uber Eats Nathans,
20260825,5165: Perrysburg OH,Tender: Grub Hub,
20260825,5165: Perrysburg OH,Tender: Grubhub Banda Burrito,
20260825,5165: Perrysburg OH,Tender: Grubhub VRB,
20260825,5165: Perrysburg OH,Tender: Grubhub VRM,
20260825,5165: Perrysburg OH,Tender: QR Pay,
20260825,5165: Perrysburg OH,Tender: Online,213.38
20260825,5165: Perrysburg OH,Tender: Master Card,663.83
20260825,5165: Perrysburg OH,Tender: Visa,994.91
20260825,5165: Perrysburg OH,Tender: Discover,80.34
20260825,5165: Perrysburg OH,Tender: Debit,451.70
20260825,5165: Perrysburg OH,Tender: American Express,17.75
20260825,5165: Perrysburg OH,Tender: Gift Card,11.31
20260825,5165: Perrysburg OH,Tender: Cash,552.04
20260825,5165: Perrysburg OH,Credit Tips Paid,329.56
20260825,5165: Perrysburg OH,Cash Paid Outs - Non Adjusting,
20260825,5165: Perrysburg OH,Cash Paid Outs - Sales Adjusting,
20260825,5165: Perrysburg OH,Online Gross Sales,205.71
20260825,5166: Jeffersonville OH,Net Sales,2275.37
20260825,5166: Jeffersonville OH,Total Sales Tax,117.88
20260825,5166: Jeffersonville OH,Total Discounts,24.99
20260825,5166: Jeffersonville OH,Major Category: Gift Card,
20260825,5166: Jeffersonville OH,Tender: Door Dash,45.45
20260825,5166: Jeffersonville OH,Tender: Doordash Banda Burrito,
20260825,5166: Jeffersonville OH,Tender: Doordash VRB,
20260825,5166: Jeffersonville OH,Tender: Doordash VRM,
20260825,5166: Jeffersonville OH,Tender: Doordash Nathans,
20260825,5166: Jeffersonville OH,Credit Tips Received,311.14
20260825,5166: Jeffersonville OH,Tender: Uber Eats,
20260825,5166: Jeffersonville OH,Tender: Uber Eats Banda Burrito,
20260825,5166: Jeffersonville OH,Tender: Uber Eats VR,
20260825,5166: Jeffersonville OH,Tender: Uber Eats VRM,
20260825,5166: Jeffersonville OH,Tender: Uber Eats Nathans,
20260825,5166: Jeffersonville OH,Tender: Grub Hub,
20260825,5166: Jeffersonville OH,Tender: Grubhub Banda Burrito,
20260825,5166: Jeffersonville OH,Tender: Grubhub VRB,
20260825,5166: Jeffersonville OH,Tender: Grubhub VRM,
20260825,5166: Jeffersonville OH,Tender: QR Pay,
20260825,5166: Jeffersonville OH,Tender: Online,87.81
20260825,5166: Jeffersonville OH,Tender: Master Card,234.14
20260825,5166: Jeffersonville OH,Tender: Visa,1018.91
20260825,5166: Jeffersonville OH,Tender: Discover,40.57
20260825,5166: Jeffersonville OH,Tender: Debit,565.37
20260825,5166: Jeffersonville OH,Tender: American Express,161.99
20260825,5166: Jeffersonville OH,Tender: Gift Card,
20260825,5166: Jeffersonville OH,Tender: Cash,550.15
20260825,5166: Jeffersonville OH,Credit Tips Paid,271.25
20260825,5166: Jeffersonville OH,Cash Paid Outs - Non Adjusting,
20260825,5166: Jeffersonville OH,Cash Paid Outs - Sales Adjusting,
20260825,5166: Jeffersonville OH,Online Gross Sales,83.43
20260825,5167: Elizabethtown KY,Net Sales,2330.58
20260825,5167: Elizabethtown KY,Total Sales Tax,189.20
20260825,5167: Elizabethtown KY,Total Discounts,124.82
20260825,5167: Elizabethtown KY,Major Category: Gift Card,
20260825,5167: Elizabethtown KY,Tender: Door Dash,149.12
20260825,5167: Elizabethtown KY,Tender: Doordash Banda Burrito,
20260825,5167: Elizabethtown KY,Tender: Doordash VRB,15.23
20260825,5167: Elizabethtown KY,Tender: Doordash VRM,21.40
20260825,5167: Elizabethtown KY,Tender: Doordash Nathans,
20260825,5167: Elizabethtown KY,Credit Tips Received,165.04
20260825,5167: Elizabethtown KY,Tender: Uber Eats,
20260825,5167: Elizabethtown KY,Tender: Uber Eats Banda Burrito,
20260825,5167: Elizabethtown KY,Tender: Uber Eats VR,
20260825,5167: Elizabethtown KY,Tender: Uber Eats VRM,
20260825,5167: Elizabethtown KY,Tender: Uber Eats Nathans,
20260825,5167: Elizabethtown KY,Tender: Grub Hub,18.79
20260825,5167: Elizabethtown KY,Tender: Grubhub Banda Burrito,
20260825,5167: Elizabethtown KY,Tender: Grubhub VRB,
20260825,5167: Elizabethtown KY,Tender: Grubhub VRM,
20260825,5167: Elizabethtown KY,Tender: QR Pay,
20260825,5167: Elizabethtown KY,Tender: Online,144.55
20260825,5167: Elizabethtown KY,Tender: Master Card,424.26
20260825,5167: Elizabethtown KY,Tender: Visa,947.81
20260825,5167: Elizabethtown KY,Tender: Discover,
20260825,5167: Elizabethtown KY,Tender: Debit,109.36
20260825,5167: Elizabethtown KY,Tender: American Express,
20260825,5167: Elizabethtown KY,Tender: Gift Card,
20260825,5167: Elizabethtown KY,Tender: Cash,854.30
20260825,5167: Elizabethtown KY,Credit Tips Paid,174.09
20260825,5167: Elizabethtown KY,Cash Paid Outs - Non Adjusting,280.00
20260825,5167: Elizabethtown KY,Cash Paid Outs - Sales Adjusting,
20260825,5167: Elizabethtown KY,Online Gross Sales,139.91
20260825,5168: Catlettsburg KY,Net Sales,2009.53
20260825,5168: Catlettsburg KY,Total Sales Tax,120.56
20260825,5168: Catlettsburg KY,Total Discounts,48.56
20260825,5168: Catlettsburg KY,Major Category: Gift Card,
20260825,5168: Catlettsburg KY,Tender: Door Dash,30.27
20260825,5168: Catlettsburg KY,Tender: Doordash Banda Burrito,
20260825,5168: Catlettsburg KY,Tender: Doordash VRB,
20260825,5168: Catlettsburg KY,Tender: Doordash VRM,
20260825,5168: Catlettsburg KY,Tender: Doordash Nathans,
20260825,5168: Catlettsburg KY,Credit Tips Received,255.69
20260825,5168: Catlettsburg KY,Tender: Uber Eats,
20260825,5168: Catlettsburg KY,Tender: Uber Eats Banda Burrito,
20260825,5168: Catlettsburg KY,Tender: Uber Eats VR,
20260825,5168: Catlettsburg KY,Tender: Uber Eats VRM,
20260825,5168: Catlettsburg KY,Tender: Uber Eats Nathans,
20260825,5168: Catlettsburg KY,Tender: Grub Hub,
20260825,5168: Catlettsburg KY,Tender: Grubhub Banda Burrito,
20260825,5168: Catlettsburg KY,Tender: Grubhub VRB,
20260825,5168: Catlettsburg KY,Tender: Grubhub VRM,
20260825,5168: Catlettsburg KY,Tender: QR Pay,
20260825,5168: Catlettsburg KY,Tender: Online,108.21
20260825,5168: Catlettsburg KY,Tender: Master Card,387.73
20260825,5168: Catlettsburg KY,Tender: Visa,796.51
20260825,5168: Catlettsburg KY,Tender: Discover,
20260825,5168: Catlettsburg KY,Tender: Debit,463.10
20260825,5168: Catlettsburg KY,Tender: American Express,54.37
20260825,5168: Catlettsburg KY,Tender: Gift Card,
20260825,5168: Catlettsburg KY,Tender: Cash,545.59
20260825,5168: Catlettsburg KY,Credit Tips Paid,440.40
20260825,5168: Catlettsburg KY,Cash Paid Outs - Non Adjusting,
20260825,5168: Catlettsburg KY,Cash Paid Outs - Sales Adjusting,
20260825,5168: Catlettsburg KY,Online Gross Sales,95.36
20260825,5169: Columbus OH,Net Sales,3132.52
20260825,5169: Columbus OH,Total Sales Tax,144.80
20260825,5169: Columbus OH,Total Discounts,105.96
20260825,5169: Columbus OH,Major Category: Gift Card,
20260825,5169: Columbus OH,Tender: Door Dash,455.57
20260825,5169: Columbus OH,Tender: Doordash Banda Burrito,
20260825,5169: Columbus OH,Tender: Doordash VRB,44.35
20260825,5169: Columbus OH,Tender: Doordash VRM,281.13
20260825,5169: Columbus OH,Tender: Doordash Nathans,
20260825,5169: Columbus OH,Credit Tips Received,177.47
20260825,5169: Columbus OH,Tender: Uber Eats,244.39
20260825,5169: Columbus OH,Tender: Uber Eats Banda Burrito,
20260825,5169: Columbus OH,Tender: Uber Eats VR,148.52
20260825,5169: Columbus OH,Tender: Uber Eats VRM,
20260825,5169: Columbus OH,Tender: Uber Eats Nathans,
20260825,5169: Columbus OH,Tender: Grub Hub,
20260825,5169: Columbus OH,Tender: Grubhub Banda Burrito,
20260825,5169: Columbus OH,Tender: Grubhub VRB,
20260825,5169: Columbus OH,Tender: Grubhub VRM,
20260825,5169: Columbus OH,Tender: QR Pay,314.21
20260825,5169: Columbus OH,Tender: Online,28.79
20260825,5169: Columbus OH,Tender: Master Card,280.80
20260825,5169: Columbus OH,Tender: Visa,364.47
20260825,5169: Columbus OH,Tender: Discover,
20260825,5169: Columbus OH,Tender: Debit,241.39
20260825,5169: Columbus OH,Tender: American Express,24.46
20260825,5169: Columbus OH,Tender: Gift Card,25.00
20260825,5169: Columbus OH,Tender: Cash,1001.71
20260825,5169: Columbus OH,Credit Tips Paid,825.04
20260825,5169: Columbus OH,Cash Paid Outs - Non Adjusting,
20260825,5169: Columbus OH,Cash Paid Outs - Sales Adjusting,
20260825,5169: Columbus OH,Online Gross Sales,
20260825,7401: Youngstown OH,Net Sales,2545.02
20260825,7401: Youngstown OH,Total Sales Tax,97.47
20260825,7401: Youngstown OH,Total Discounts,87.64
20260825,7401: Youngstown OH,Major Category: Gift Card,
20260825,7401: Youngstown OH,Tender: Door Dash,273.20
20260825,7401: Youngstown OH,Tender: Doordash Banda Burrito,55.14
20260825,7401: Youngstown OH,Tender: Doordash VRB,
20260825,7401: Youngstown OH,Tender: Doordash VRM,192.84
20260825,7401: Youngstown OH,Tender: Doordash Nathans,40.96
20260825,7401: Youngstown OH,Credit Tips Received,148.32
20260825,7401: Youngstown OH,Tender: Uber Eats,
20260825,7401: Youngstown OH,Tender: Uber Eats Banda Burrito,28.18
20260825,7401: Youngstown OH,Tender: Uber Eats VR,
20260825,7401: Youngstown OH,Tender: Uber Eats VRM,
20260825,7401: Youngstown OH,Tender: Uber Eats Nathans,
20260825,7401: Youngstown OH,Tender: Grub Hub,30.45
20260825,7401: Youngstown OH,Tender: Grubhub Banda Burrito,
20260825,7401: Youngstown OH,Tender: Grubhub VRB,
20260825,7401: Youngstown OH,Tender: Grubhub VRM,
20260825,7401: Youngstown OH,Tender: QR Pay,
20260825,7401: Youngstown OH,Tender: Online,99.10
20260825,7401: Youngstown OH,Tender: Master Card,344.23
20260825,7401: Youngstown OH,Tender: Visa,447.87
20260825,7401: Youngstown OH,Tender: Discover,
20260825,7401: Youngstown OH,Tender: Debit,537.02
20260825,7401: Youngstown OH,Tender: American Express,
20260825,7401: Youngstown OH,Tender: Gift Card,
20260825,7401: Youngstown OH,Tender: Cash,741.82
20260825,7401: Youngstown OH,Credit Tips Paid,148.32
20260825,7401: Youngstown OH,Cash Paid Outs - Non Adjusting,
20260825,7401: Youngstown OH,Cash Paid Outs - Sales Adjusting,
20260825,7401: Youngstown OH,Online Gross Sales,98.47
20260825,9690: Marietta OH,Net Sales,1378.92
20260825,9690: Marietta OH,Total Sales Tax,74.50
20260825,9690: Marietta OH,Total Discounts,142.77
20260825,9690: Marietta OH,Major Category: Gift Card,
20260825,9690: Marietta OH,Tender: Door Dash,127.91
20260825,9690: Marietta OH,Tender: Doordash Banda Burrito,
20260825,9690: Marietta OH,Tender: Doordash VRB,60.05
20260825,9690: Marietta OH,Tender: Doordash VRM,
20260825,9690: Marietta OH,Tender: Doordash Nathans,
20260825,9690: Marietta OH,Credit Tips Received,103.41
20260825,9690: Marietta OH,Tender: Uber Eats,
20260825,9690: Marietta OH,Tender: Uber Eats Banda Burrito,
20260825,9690: Marietta OH,Tender: Uber Eats VR,
20260825,9690: Marietta OH,Tender: Uber Eats VRM,
20260825,9690: Marietta OH,Tender: Uber Eats Nathans,
20260825,9690: Marietta OH,Tender: Grub Hub,
20260825,9690: Marietta OH,Tender: Grubhub Banda Burrito,
20260825,9690: Marietta OH,Tender: Grubhub VRB,
20260825,9690: Marietta OH,Tender: Grubhub VRM,
20260825,9690: Marietta OH,Tender: QR Pay,
20260825,9690: Marietta OH,Tender: Online,78.67
20260825,9690: Marietta OH,Tender: Master Card,74.59
20260825,9690: Marietta OH,Tender: Visa,199.43
20260825,9690: Marietta OH,Tender: Discover,20.57
20260825,9690: Marietta OH,Tender: Debit,335.80
20260825,9690: Marietta OH,Tender: American Express,
20260825,9690: Marietta OH,Tender: Gift Card,
20260825,9690: Marietta OH,Tender: Cash,659.81
20260825,9690: Marietta OH,Credit Tips Paid,198.88
20260825,9690: Marietta OH,Cash Paid Outs - Non Adjusting,
20260825,9690: Marietta OH,Cash Paid Outs - Sales Adjusting,
20260825,9690: Marietta OH,Online Gross Sales,
20260825,9697: Findlay OH,Net Sales,2229.52
20260825,9697: Findlay OH,Total Sales Tax,112.88
20260825,9697: Findlay OH,Total Discounts,53.53
20260825,9697: Findlay OH,Major Category: Gift Card,
20260825,9697: Findlay OH,Tender: Door Dash,372.96
20260825,9697: Findlay OH,Tender: Doordash Banda Burrito,
20260825,9697: Findlay OH,Tender: Doordash VRB,100.64
20260825,9697: Findlay OH,Tender: Doordash VRM,71.64
20260825,9697: Findlay OH,Tender: Doordash Nathans,
20260825,9697: Findlay OH,Credit Tips Received,149.95
20260825,9697: Findlay OH,Tender: Uber Eats,
20260825,9697: Findlay OH,Tender: Uber Eats Banda Burrito,
20260825,9697: Findlay OH,Tender: Uber Eats VR,
20260825,9697: Findlay OH,Tender: Uber Eats VRM,
20260825,9697: Findlay OH,Tender: Uber Eats Nathans,
20260825,9697: Findlay OH,Tender: Grub Hub,
20260825,9697: Findlay OH,Tender: Grubhub Banda Burrito,
20260825,9697: Findlay OH,Tender: Grubhub VRB,
20260825,9697: Findlay OH,Tender: Grubhub VRM,
20260825,9697: Findlay OH,Tender: QR Pay,27.17
20260825,9697: Findlay OH,Tender: Online,36.86
20260825,9697: Findlay OH,Tender: Master Card,498.45
20260825,9697: Findlay OH,Tender: Visa,259.34
20260825,9697: Findlay OH,Tender: Discover,23.78
20260825,9697: Findlay OH,Tender: Debit,440.97
20260825,9697: Findlay OH,Tender: American Express,88.23
20260825,9697: Findlay OH,Tender: Gift Card,23.35
20260825,9697: Findlay OH,Tender: Cash,550.03
20260825,9697: Findlay OH,Credit Tips Paid,149.95
20260825,9697: Findlay OH,Cash Paid Outs - Non Adjusting,
20260825,9697: Findlay OH,Cash Paid Outs - Sales Adjusting,
20260825,9697: Findlay OH,Online Gross Sales,
20260826,5164: Berkshire OH,Net Sales,2971.62
20260826,5164: Berkshire OH,Total Sales Tax,156.59
20260826,5164: Berkshire OH,Total Discounts,39.03
20260826,5164: Berkshire OH,Major Category: Gift Card,
20260826,5164: Berkshire OH,Tender: Door Dash,62.12
20260826,5164: Berkshire OH,Tender: Doordash Banda Burrito,
20260826,5164: Berkshire OH,Tender: Doordash VRB,16.78
20260826,5164: Berkshire OH,Tender: Doordash VRM,
20260826,5164: Berkshire OH,Tender: Doordash Nathans,
20260826,5164: Berkshire OH,Credit Tips Received,371.30
20260826,5164: Berkshire OH,Tender: Uber Eats,25.87
20260826,5164: Berkshire OH,Tender: Uber Eats Banda Burrito,
20260826,5164: Berkshire OH,Tender: Uber Eats VR,22.98
20260826,5164: Berkshire OH,Tender: Uber Eats VRM,
20260826,5164: Berkshire OH,Tender: Uber Eats Nathans,
20260826,5164: Berkshire OH,Tender: Grub Hub,
20260826,5164: Berkshire OH,Tender: Grubhub Banda Burrito,
20260826,5164: Berkshire OH,Tender: Grubhub VRB,
20260826,5164: Berkshire OH,Tender: Grubhub VRM,
20260826,5164: Berkshire OH,Tender: QR Pay,
20260826,5164: Berkshire OH,Tender: Online,137.67
20260826,5164: Berkshire OH,Tender: Master Card,534.43
20260826,5164: Berkshire OH,Tender: Visa,1472.29
20260826,5164: Berkshire OH,Tender: Discover,67.19
20260826,5164: Berkshire OH,Tender: Debit,597.38
20260826,5164: Berkshire OH,Tender: American Express,36.67
20260826,5164: Berkshire OH,Tender: Gift Card,
20260826,5164: Berkshire OH,Tender: Cash,529.13
20260826,5164: Berkshire OH,Credit Tips Paid,216.27
20260826,5164: Berkshire OH,Cash Paid Outs - Non Adjusting,4.29
20260826,5164: Berkshire OH,Cash Paid Outs - Sales Adjusting,
20260826,5164: Berkshire OH,Online Gross Sales,127.99
20260826,5165: Perrysburg OH,Net Sales,2339.28
20260826,5165: Perrysburg OH,Total Sales Tax,97.31
20260826,5165: Perrysburg OH,Total Discounts,64.68
20260826,5165: Perrysburg OH,Major Category: Gift Card,
20260826,5165: Perrysburg OH,Tender: Door Dash,103.00
20260826,5165: Perrysburg OH,Tender: Doordash Banda Burrito,
20260826,5165: Perrysburg OH,Tender: Doordash VRB,
20260826,5165: Perrysburg OH,Tender: Doordash VRM,
20260826,5165: Perrysburg OH,Tender: Doordash Nathans,
20260826,5165: Perrysburg OH,Credit Tips Received,237.81
20260826,5165: Perrysburg OH,Tender: Uber Eats,59.65
20260826,5165: Perrysburg OH,Tender: Uber Eats Banda Burrito,
20260826,5165: Perrysburg OH,Tender: Uber Eats VR,
20260826,5165: Perrysburg OH,Tender: Uber Eats VRM,
20260826,5165: Perrysburg OH,Tender: Uber Eats Nathans,
20260826,5165: Perrysburg OH,Tender: Grub Hub,
20260826,5165: Perrysburg OH,Tender: Grubhub Banda Burrito,
20260826,5165: Perrysburg OH,Tender: Grubhub VRB,
20260826,5165: Perrysburg OH,Tender: Grubhub VRM,
20260826,5165: Perrysburg OH,Tender: QR Pay,
20260826,5165: Perrysburg OH,Tender: Online,120.38
20260826,5165: Perrysburg OH,Tender: Master Card,223.76
20260826,5165: Perrysburg OH,Tender: Visa,1122.64
20260826,5165: Perrysburg OH,Tender: Discover,20.95
20260826,5165: Perrysburg OH,Tender: Debit,454.07
20260826,5165: Perrysburg OH,Tender: American Express,104.88
20260826,5165: Perrysburg OH,Tender: Gift Card,
20260826,5165: Perrysburg OH,Tender: Cash,465.07
20260826,5165: Perrysburg OH,Credit Tips Paid,190.72
20260826,5165: Perrysburg OH,Cash Paid Outs - Non Adjusting,
20260826,5165: Perrysburg OH,Cash Paid Outs - Sales Adjusting,
20260826,5165: Perrysburg OH,Online Gross Sales,115.13
20260826,5166: Jeffersonville OH,Net Sales,2689.22
20260826,5166: Jeffersonville OH,Total Sales Tax,143.66
20260826,5166: Jeffersonville OH,Total Discounts,58.98
20260826,5166: Jeffersonville OH,Major Category: Gift Card,
20260826,5166: Jeffersonville OH,Tender: Door Dash,
20260826,5166: Jeffersonville OH,Tender: Doordash Banda Burrito,
20260826,5166: Jeffersonville OH,Tender: Doordash VRB,21.47
20260826,5166: Jeffersonville OH,Tender: Doordash VRM,
20260826,5166: Jeffersonville OH,Tender: Doordash Nathans,
20260826,5166: Jeffersonville OH,Credit Tips Received,313.32
20260826,5166: Jeffersonville OH,Tender: Uber Eats,
20260826,5166: Jeffersonville OH,Tender: Uber Eats Banda Burrito,
20260826,5166: Jeffersonville OH,Tender: Uber Eats VR,
20260826,5166: Jeffersonville OH,Tender: Uber Eats VRM,
20260826,5166: Jeffersonville OH,Tender: Uber Eats Nathans,
20260826,5166: Jeffersonville OH,Tender: Grub Hub,
20260826,5166: Jeffersonville OH,Tender: Grubhub Banda Burrito,
20260826,5166: Jeffersonville OH,Tender: Grubhub VRB,
20260826,5166: Jeffersonville OH,Tender: Grubhub VRM,
20260826,5166: Jeffersonville OH,Tender: QR Pay,
20260826,5166: Jeffersonville OH,Tender: Online,126.53
20260826,5166: Jeffersonville OH,Tender: Master Card,536.26
20260826,5166: Jeffersonville OH,Tender: Visa,1057.24
20260826,5166: Jeffersonville OH,Tender: Discover,112.74
20260826,5166: Jeffersonville OH,Tender: Debit,625.50
20260826,5166: Jeffersonville OH,Tender: American Express,13.49
20260826,5166: Jeffersonville OH,Tender: Gift Card,
20260826,5166: Jeffersonville OH,Tender: Cash,652.97
20260826,5166: Jeffersonville OH,Credit Tips Paid,420.59
20260826,5166: Jeffersonville OH,Cash Paid Outs - Non Adjusting,
20260826,5166: Jeffersonville OH,Cash Paid Outs - Sales Adjusting,
20260826,5166: Jeffersonville OH,Online Gross Sales,115.12
20260826,5167: Elizabethtown KY,Net Sales,2432.31
20260826,5167: Elizabethtown KY,Total Sales Tax,197.51
20260826,5167: Elizabethtown KY,Total Discounts,111.19
20260826,5167: Elizabethtown KY,Major Category: Gift Card,
20260826,5167: Elizabethtown KY,Tender: Door Dash,273.13
20260826,5167: Elizabethtown KY,Tender: Doordash Banda Burrito,
20260826,5167: Elizabethtown KY,Tender: Doordash VRB,69.09
20260826,5167: Elizabethtown KY,Tender: Doordash VRM,55.65
20260826,5167: Elizabethtown KY,Tender: Doordash Nathans,
20260826,5167: Elizabethtown KY,Credit Tips Received,253.91
20260826,5167: Elizabethtown KY,Tender: Uber Eats,25.70
20260826,5167: Elizabethtown KY,Tender: Uber Eats Banda Burrito,
20260826,5167: Elizabethtown KY,Tender: Uber Eats VR,
20260826,5167: Elizabethtown KY,Tender: Uber Eats VRM,
20260826,5167: Elizabethtown KY,Tender: Uber Eats Nathans,
20260826,5167: Elizabethtown KY,Tender: Grub Hub,
20260826,5167: Elizabethtown KY,Tender: Grubhub Banda Burrito,
20260826,5167: Elizabethtown KY,Tender: Grubhub VRB,
20260826,5167: Elizabethtown KY,Tender: Grubhub VRM,
20260826,5167: Elizabethtown KY,Tender: QR Pay,
20260826,5167: Elizabethtown KY,Tender: Online,43.06
20260826,5167: Elizabethtown KY,Tender: Master Card,268.85
20260826,5167: Elizabethtown KY,Tender: Visa,784.50
20260826,5167: Elizabethtown KY,Tender: Discover,87.57
20260826,5167: Elizabethtown KY,Tender: Debit,452.08
20260826,5167: Elizabethtown KY,Tender: American Express,200.34
20260826,5167: Elizabethtown KY,Tender: Gift Card,11.44
20260826,5167: Elizabethtown KY,Tender: Cash,612.32
20260826,5167: Elizabethtown KY,Credit Tips Paid,230.12
20260826,5167: Elizabethtown KY,Cash Paid Outs - Non Adjusting,
20260826,5167: Elizabethtown KY,Cash Paid Outs - Sales Adjusting,
20260826,5167: Elizabethtown KY,Online Gross Sales,37.45
20260826,5168: Catlettsburg KY,Net Sales,1859.33
20260826,5168: Catlettsburg KY,Total Sales Tax,111.56
20260826,5168: Catlettsburg KY,Total Discounts,11.12
20260826,5168: Catlettsburg KY,Major Category: Gift Card,
20260826,5168: Catlettsburg KY,Tender: Door Dash,138.01
20260826,5168: Catlettsburg KY,Tender: Doordash Banda Burrito,
20260826,5168: Catlettsburg KY,Tender: Doordash VRB,
20260826,5168: Catlettsburg KY,Tender: Doordash VRM,
20260826,5168: Catlettsburg KY,Tender: Doordash Nathans,
20260826,5168: Catlettsburg KY,Credit Tips Received,201.06
20260826,5168: Catlettsburg KY,Tender: Uber Eats,
20260826,5168: Catlettsburg KY,Tender: Uber Eats Banda Burrito,
20260826,5168: Catlettsburg KY,Tender: Uber Eats VR,
20260826,5168: Catlettsburg KY,Tender: Uber Eats VRM,
20260826,5168: Catlettsburg KY,Tender: Uber Eats Nathans,
20260826,5168: Catlettsburg KY,Tender: Grub Hub,
20260826,5168: Catlettsburg KY,Tender: Grubhub Banda Burrito,
20260826,5168: Catlettsburg KY,Tender: Grubhub VRB,
20260826,5168: Catlettsburg KY,Tender: Grubhub VRM,
20260826,5168: Catlettsburg KY,Tender: QR Pay,
20260826,5168: Catlettsburg KY,Tender: Online,32.10
20260826,5168: Catlettsburg KY,Tender: Master Card,253.81
20260826,5168: Catlettsburg KY,Tender: Visa,983.13
20260826,5168: Catlettsburg KY,Tender: Discover,68.50
20260826,5168: Catlettsburg KY,Tender: Debit,289.09
20260826,5168: Catlettsburg KY,Tender: American Express,60.92
20260826,5168: Catlettsburg KY,Tender: Gift Card,
20260826,5168: Catlettsburg KY,Tender: Cash,346.39
20260826,5168: Catlettsburg KY,Credit Tips Paid,72.76
20260826,5168: Catlettsburg KY,Cash Paid Outs - Non Adjusting,106.00
20260826,5168: Catlettsburg KY,Cash Paid Outs - Sales Adjusting,
20260826,5168: Catlettsburg KY,Online Gross Sales,30.28
20260826,5169: Columbus OH,Net Sales,2825.49
20260826,5169: Columbus OH,Total Sales Tax,98.51
20260826,5169: Columbus OH,Total Discounts,50.78
20260826,5169: Columbus OH,Major Category: Gift Card,
20260826,5169: Columbus OH,Tender: Door Dash,440.28
20260826,5169: Columbus OH,Tender: Doordash Banda Burrito,
20260826,5169: Columbus OH,Tender: Doordash VRB,105.29
20260826,5169: Columbus OH,Tender: Doordash VRM,150.18
20260826,5169: Columbus OH,Tender: Doordash Nathans,
20260826,5169: Columbus OH,Credit Tips Received,180.85
20260826,5169: Columbus OH,Tender: Uber Eats,71.39
20260826,5169: Columbus OH,Tender: Uber Eats Banda Burrito,
20260826,5169: Columbus OH,Tender: Uber Eats VR,194.46
20260826,5169: Columbus OH,Tender: Uber Eats VRM,
20260826,5169: Columbus OH,Tender: Uber Eats Nathans,
20260826,5169: Columbus OH,Tender: Grub Hub,26.68
20260826,5169: Columbus OH,Tender: Grubhub Banda Burrito,
20260826,5169: Columbus OH,Tender: Grubhub VRB,16.49
20260826,5169: Columbus OH,Tender: Grubhub VRM,74.42
20260826,5169: Columbus OH,Tender: QR Pay,111.83
20260826,5169: Columbus OH,Tender: Online,69.75
20260826,5169: Columbus OH,Tender: Master Card,253.00
20260826,5169: Columbus OH,Tender: Visa,754.43
20260826,5169: Columbus OH,Tender: Discover,
20260826,5169: Columbus OH,Tender: Debit,226.29
20260826,5169: Columbus OH,Tender: American Express,
20260826,5169: Columbus OH,Tender: Gift Card,10.74
20260826,5169: Columbus OH,Tender: Cash,599.62
20260826,5169: Columbus OH,Credit Tips Paid,267.14
20260826,5169: Columbus OH,Cash Paid Outs - Non Adjusting,
20260826,5169: Columbus OH,Cash Paid Outs - Sales Adjusting,
20260826,5169: Columbus OH,Online Gross Sales,
20260826,7401: Youngstown OH,Net Sales,3264.60
20260826,7401: Youngstown OH,Total Sales Tax,146.17
20260826,7401: Youngstown OH,Total Discounts,102.76
20260826,7401: Youngstown OH,Major Category: Gift Card,
20260826,7401: Youngstown OH,Tender: Door Dash,357.26
20260826,7401: Youngstown OH,Tender: Doordash Banda Burrito,48.33
20260826,7401: Youngstown OH,Tender: Doordash VRB,
20260826,7401: Youngstown OH,Tender: Doordash VRM,149.48
20260826,7401: Youngstown OH,Tender: Doordash Nathans,109.29
20260826,7401: Youngstown OH,Credit Tips Received,164.22
20260826,7401: Youngstown OH,Tender: Uber Eats,
20260826,7401: Youngstown OH,Tender: Uber Eats Banda Burrito,22.37
20260826,7401: Youngstown OH,Tender: Uber Eats VR,
20260826,7401: Youngstown OH,Tender: Uber Eats VRM,17.38
20260826,7401: Youngstown OH,Tender: Uber Eats Nathans,
20260826,7401: Youngstown OH,Tender: Grub Hub,
20260826,7401: Youngstown OH,Tender: Grubhub Banda Burrito,15.18
20260826,7401: Youngstown OH,Tender: Grubhub VRB,
20260826,7401: Youngstown OH,Tender: Grubhub VRM,
20260826,7401: Youngstown OH,Tender: QR Pay,
20260826,7401: Youngstown OH,Tender: Online,179.41
20260826,7401: Youngstown OH,Tender: Master Card,360.59
20260826,7401: Youngstown OH,Tender: Visa,645.77
20260826,7401: Youngstown OH,Tender: Discover,47.97
20260826,7401: Youngstown OH,Tender: Debit,496.97
20260826,7401: Youngstown OH,Tender: American Express,120.34
20260826,7401: Youngstown OH,Tender: Gift Card,25.00
20260826,7401: Youngstown OH,Tender: Cash,982.77
20260826,7401: Youngstown OH,Credit Tips Paid,164.22
20260826,7401: Youngstown OH,Cash Paid Outs - Non Adjusting,
20260826,7401: Youngstown OH,Cash Paid Outs - Sales Adjusting,
20260826,7401: Youngstown OH,Online Gross Sales,175.58
20260826,9690: Marietta OH,Net Sales,1768.01
20260826,9690: Marietta OH,Total Sales Tax,90.33
20260826,9690: Marietta OH,Total Discounts,148.29
20260826,9690: Marietta OH,Major Category: Gift Card,
20260826,9690: Marietta OH,Tender: Door Dash,293.32
20260826,9690: Marietta OH,Tender: Doordash Banda Burrito,
20260826,9690: Marietta OH,Tender: Doordash VRB,45.23
20260826,9690: Marietta OH,Tender: Doordash VRM,
20260826,9690: Marietta OH,Tender: Doordash Nathans,
20260826,9690: Marietta OH,Credit Tips Received,123.11
20260826,9690: Marietta OH,Tender: Uber Eats,
20260826,9690: Marietta OH,Tender: Uber Eats Banda Burrito,
20260826,9690: Marietta OH,Tender: Uber Eats VR,
20260826,9690: Marietta OH,Tender: Uber Eats VRM,
20260826,9690: Marietta OH,Tender: Uber Eats Nathans,
20260826,9690: Marietta OH,Tender: Grub Hub,
20260826,9690: Marietta OH,Tender: Grubhub Banda Burrito,
20260826,9690: Marietta OH,Tender: Grubhub VRB,
20260826,9690: Marietta OH,Tender: Grubhub VRM,
20260826,9690: Marietta OH,Tender: QR Pay,110.31
20260826,9690: Marietta OH,Tender: Online,44.45
20260826,9690: Marietta OH,Tender: Master Card,61.63
20260826,9690: Marietta OH,Tender: Visa,297.81
20260826,9690: Marietta OH,Tender: Discover,
20260826,9690: Marietta OH,Tender: Debit,479.31
20260826,9690: Marietta OH,Tender: American Express,
20260826,9690: Marietta OH,Tender: Gift Card,
20260826,9690: Marietta OH,Tender: Cash,649.39
20260826,9690: Marietta OH,Credit Tips Paid,123.11
20260826,9690: Marietta OH,Cash Paid Outs - Non Adjusting,
20260826,9690: Marietta OH,Cash Paid Outs - Sales Adjusting,
20260826,9690: Marietta OH,Online Gross Sales,
20260826,9697: Findlay OH,Net Sales,2582.28
20260826,9697: Findlay OH,Total Sales Tax,120.98
20260826,9697: Findlay OH,Total Discounts,48.92
20260826,9697: Findlay OH,Major Category: Gift Card,
20260826,9697: Findlay OH,Tender: Door Dash,397.41
20260826,9697: Findlay OH,Tender: Doordash Banda Burrito,
20260826,9697: Findlay OH,Tender: Doordash VRB,99.07
20260826,9697: Findlay OH,Tender: Doordash VRM,41.66
20260826,9697: Findlay OH,Tender: Doordash Nathans,
20260826,9697: Findlay OH,Credit Tips Received,158.19
20260826,9697: Findlay OH,Tender: Uber Eats,
20260826,9697: Findlay OH,Tender: Uber Eats Banda Burrito,
20260826,9697: Findlay OH,Tender: Uber Eats VR,
20260826,9697: Findlay OH,Tender: Uber Eats VRM,
20260826,9697: Findlay OH,Tender: Uber Eats Nathans,
20260826,9697: Findlay OH,Tender: Grub Hub,
20260826,9697: Findlay OH,Tender: Grubhub Banda Burrito,
20260826,9697: Findlay OH,Tender: Grubhub VRB,
20260826,9697: Findlay OH,Tender: Grubhub VRM,
20260826,9697: Findlay OH,Tender: QR Pay,35.89
20260826,9697: Findlay OH,Tender: Online,299.84
20260826,9697: Findlay OH,Tender: Master Card,351.91
20260826,9697: Findlay OH,Tender: Visa,356.63
20260826,9697: Findlay OH,Tender: Discover,42.22
20260826,9697: Findlay OH,Tender: Debit,638.74
20260826,9697: Findlay OH,Tender: American Express,45.89
20260826,9697: Findlay OH,Tender: Gift Card,
20260826,9697: Findlay OH,Tender: Cash,552.19
20260826,9697: Findlay OH,Credit Tips Paid,131.99
20260826,9697: Findlay OH,Cash Paid Outs - Non Adjusting,
20260826,9697: Findlay OH,Cash Paid Outs - Sales Adjusting,
20260826,9697: Findlay OH,Online Gross Sales,
20260827,5164: Berkshire OH,Net Sales,2980.83
20260827,5164: Berkshire OH,Total Sales Tax,163.63
20260827,5164: Berkshire OH,Total Discounts,108.38
20260827,5164: Berkshire OH,Major Category: Gift Card,
20260827,5164: Berkshire OH,Tender: Door Dash,174.57
20260827,5164: Berkshire OH,Tender: Doordash Banda Burrito,
20260827,5164: Berkshire OH,Tender: Doordash VRB,
20260827,5164: Berkshire OH,Tender: Doordash VRM,
20260827,5164: Berkshire OH,Tender: Doordash Nathans,
20260827,5164: Berkshire OH,Credit Tips Received,351.13
20260827,5164: Berkshire OH,Tender: Uber Eats,81.07
20260827,5164: Berkshire OH,Tender: Uber Eats Banda Burrito,
20260827,5164: Berkshire OH,Tender: Uber Eats VR,
20260827,5164: Berkshire OH,Tender: Uber Eats VRM,
20260827,5164: Berkshire OH,Tender: Uber Eats Nathans,
20260827,5164: Berkshire OH,Tender: Grub Hub,
20260827,5164: Berkshire OH,Tender: Grubhub Banda Burrito,
20260827,5164: Berkshire OH,Tender: Grubhub VRB,
20260827,5164: Berkshire OH,Tender: Grubhub VRM,
20260827,5164: Berkshire OH,Tender: QR Pay,
20260827,5164: Berkshire OH,Tender: Online,92.11
20260827,5164: Berkshire OH,Tender: Master Card,721.91
20260827,5164: Berkshire OH,Tender: Visa,1294.15
20260827,5164: Berkshire OH,Tender: Discover,35.35
20260827,5164: Berkshire OH,Tender: Debit,315.93
20260827,5164: Berkshire OH,Tender: American Express,69.31
20260827,5164: Berkshire OH,Tender: Gift Card,
20260827,5164: Berkshire OH,Tender: Cash,711.19
20260827,5164: Berkshire OH,Credit Tips Paid,356.13
20260827,5164: Berkshire OH,Cash Paid Outs - Non Adjusting,47.37
20260827,5164: Berkshire OH,Cash Paid Outs - Sales Adjusting,
20260827,5164: Berkshire OH,Online Gross Sales,83.47
20260827,5165: Perrysburg OH,Net Sales,2198.82
20260827,5165: Perrysburg OH,Total Sales Tax,104.78
20260827,5165: Perrysburg OH,Total Discounts,68.44
20260827,5165: Perrysburg OH,Major Category: Gift Card,
20260827,5165: Perrysburg OH,Tender: Door Dash,128.49
20260827,5165: Perrysburg OH,Tender: Doordash Banda Burrito,
20260827,5165: Perrysburg OH,Tender: Doordash VRB,
20260827,5165: Perrysburg OH,Tender: Doordash VRM,
20260827,5165: Perrysburg OH,Tender: Doordash Nathans,
20260827,5165: Perrysburg OH,Credit Tips Received,149.68
20260827,5165: Perrysburg OH,Tender: Uber Eats,63.10
20260827,5165: Perrysburg OH,Tender: Uber Eats Banda Burrito,
20260827,5165: Perrysburg OH,Tender: Uber Eats VR,
20260827,5165: Perrysburg OH,Tender: Uber Eats VRM,
20260827,5165: Perrysburg OH,Tender: Uber Eats Nathans,
20260827,5165: Perrysburg OH,Tender: Grub Hub,
20260827,5165: Perrysburg OH,Tender: Grubhub Banda Burrito,
20260827,5165: Perrysburg OH,Tender: Grubhub VRB,
20260827,5165: Perrysburg OH,Tender: Grubhub VRM,
20260827,5165: Perrysburg OH,Tender: QR Pay,
20260827,5165: Perrysburg OH,Tender: Online,183.91
20260827,5165: Perrysburg OH,Tender: Master Card,211.30
20260827,5165: Perrysburg OH,Tender: Visa,455.07
20260827,5165: Perrysburg OH,Tender: Discover,66.28
20260827,5165: Perrysburg OH,Tender: Debit,156.13
20260827,5165: Perrysburg OH,Tender: American Express,35.28
20260827,5165: Perrysburg OH,Tender: Gift Card,75.00
20260827,5165: Perrysburg OH,Tender: Cash,1081.72
20260827,5165: Perrysburg OH,Credit Tips Paid,485.91
20260827,5165: Perrysburg OH,Cash Paid Outs - Non Adjusting,
20260827,5165: Perrysburg OH,Cash Paid Outs - Sales Adjusting,
20260827,5165: Perrysburg OH,Online Gross Sales,192.41
20260827,5166: Jeffersonville OH,Net Sales,2668.76
20260827,5166: Jeffersonville OH,Total Sales Tax,137.12
20260827,5166: Jeffersonville OH,Total Discounts,152.95
20260827,5166: Jeffersonville OH,Major Category: Gift Card,
20260827,5166: Jeffersonville OH,Tender: Door Dash,37.51
20260827,5166: Jeffersonville OH,Tender: Doordash Banda Burrito,
20260827,5166: Jeffersonville OH,Tender: Doordash VRB,
20260827,5166: Jeffersonville OH,Tender: Doordash VRM,
20260827,5166: Jeffersonville OH,Tender: Doordash Nathans,
20260827,5166: Jeffersonville OH,Credit Tips Received,382.68
20260827,5166: Jeffersonville OH,Tender: Uber Eats,
20260827,5166: Jeffersonville OH,Tender: Uber Eats Banda Burrito,
20260827,5166: Jeffersonville OH,Tender: Uber Eats VR,
20260827,5166: Jeffersonville OH,Tender: Uber Eats VRM,
20260827,5166: Jeffersonville OH,Tender: Uber Eats Nathans,
20260827,5166: Jeffersonville OH,Tender: Grub Hub,
20260827,5166: Jeffersonville OH,Tender: Grubhub Banda Burrito,
20260827,5166: Jeffersonville OH,Tender: Grubhub VRB,
20260827,5166: Jeffersonville OH,Tender: Grubhub VRM,
20260827,5166: Jeffersonville OH,Tender: QR Pay,
20260827,5166: Jeffersonville OH,Tender: Online,30.77
20260827,5166: Jeffersonville OH,Tender: Master Card,678.05
20260827,5166: Jeffersonville OH,Tender: Visa,1131.85
20260827,5166: Jeffersonville OH,Tender: Discover,80.87
20260827,5166: Jeffersonville OH,Tender: Debit,720.48
20260827,5166: Jeffersonville OH,Tender: American Express,
20260827,5166: Jeffersonville OH,Tender: Gift Card,
20260827,5166: Jeffersonville OH,Tender: Cash,509.03
20260827,5166: Jeffersonville OH,Credit Tips Paid,288.17
20260827,5166: Jeffersonville OH,Cash Paid Outs - Non Adjusting,
20260827,5166: Jeffersonville OH,Cash Paid Outs - Sales Adjusting,
20260827,5166: Jeffersonville OH,Online Gross Sales,27.98
20260827,5167: Elizabethtown KY,Net Sales,2342.42
20260827,5167: Elizabethtown KY,Total Sales Tax,190.24
20260827,5167: Elizabethtown KY,Total Discounts,134.31
20260827,5167: Elizabethtown KY,Major Category: Gift Card,
20260827,5167: Elizabethtown KY,Tender: Door Dash,278.32
20260827,5167: Elizabethtown KY,Tender: Doordash Banda Burrito,
20260827,5167: Elizabethtown KY,Tender: Doordash VRB,61.84
20260827,5167: Elizabethtown KY,Tender: Doordash VRM,
20260827,5167: Elizabethtown KY,Tender: Doordash Nathans,
20260827,5167: Elizabethtown KY,Credit Tips Received,208.88
20260827,5167: Elizabethtown KY,Tender: Uber Eats,
20260827,5167: Elizabethtown KY,Tender: Uber Eats Banda Burrito,
20260827,5167: Elizabethtown KY,Tender: Uber Eats VR,
20260827,5167: Elizabethtown KY,Tender: Uber Eats VRM,
20260827,5167: Elizabethtown KY,Tender: Uber Eats Nathans,
20260827,5167: Elizabethtown KY,Tender: Grub Hub,
20260827,5167: Elizabethtown KY,Tender: Grubhub Banda Burrito,
20260827,5167: Elizabethtown KY,Tender: Grubhub VRB,
20260827,5167: Elizabethtown KY,Tender: Grubhub VRM,18.36
20260827,5167: Elizabethtown KY,Tender: QR Pay,
20260827,5167: Elizabethtown KY,Tender: Online,58.23
20260827,5167: Elizabethtown KY,Tender: Master Card,98.80
20260827,5167: Elizabethtown KY,Tender: Visa,710.74
20260827,5167: Elizabethtown KY,Tender: Discover,32.83
20260827,5167: Elizabethtown KY,Tender: Debit,811.06
20260827,5167: Elizabethtown KY,Tender: American Express,36.80
20260827,5167: Elizabethtown KY,Tender: Gift Card,20.00
20260827,5167: Elizabethtown KY,Tender: Cash,614.56
20260827,5167: Elizabethtown KY,Credit Tips Paid,226.23
20260827,5167: Elizabethtown KY,Cash Paid Outs - Non Adjusting,
20260827,5167: Elizabethtown KY,Cash Paid Outs - Sales Adjusting,
20260827,5167: Elizabethtown KY,Online Gross Sales,51.91
20260827,5168: Catlettsburg KY,Net Sales,2585.76
20260827,5168: Catlettsburg KY,Total Sales Tax,155.17
20260827,5168: Catlettsburg KY,Total Discounts,41.09
20260827,5168: Catlettsburg KY,Major Category: Gift Card,
20260827,5168: Catlettsburg KY,Tender: Door Dash,200.59
20260827,5168: Catlettsburg KY,Tender: Doordash Banda Burrito,
20260827,5168: Catlettsburg KY,Tender: Doordash VRB,
20260827,5168: Catlettsburg KY,Tender: Doordash VRM,
20260827,5168: Catlettsburg KY,Tender: Doordash Nathans,
20260827,5168: Catlettsburg KY,Credit Tips Received,234.85
20260827,5168: Catlettsburg KY,Tender: Uber Eats,
20260827,5168: Catlettsburg KY,Tender: Uber Eats Banda Burrito,
20260827,5168: Catlettsburg KY,Tender: Uber Eats VR,
20260827,5168: Catlettsburg KY,Tender: Uber Eats VRM,
20260827,5168: Catlettsburg KY,Tender: Uber Eats Nathans,
20260827,5168: Catlettsburg KY,Tender: Grub Hub,
20260827,5168: Catlettsburg KY,Tender: Grubhub Banda Burrito,
20260827,5168: Catlettsburg KY,Tender: Grubhub VRB,
20260827,5168: Catlettsburg KY,Tender: Grubhub VRM,
20260827,5168: Catlettsburg KY,Tender: QR Pay,
20260827,5168: Catlettsburg KY,Tender: Online,17.92
20260827,5168: Catlettsburg KY,Tender: Master Card,607.54
20260827,5168: Catlettsburg KY,Tender: Visa,1023.04
20260827,5168: Catlettsburg KY,Tender: Discover,
20260827,5168: Catlettsburg KY,Tender: Debit,406.48
20260827,5168: Catlettsburg KY,Tender: American Express,
20260827,5168: Catlettsburg KY,Tender: Gift Card,
20260827,5168: Catlettsburg KY,Tender: Cash,720.21
20260827,5168: Catlettsburg KY,Credit Tips Paid,574.95
20260827,5168: Catlettsburg KY,Cash Paid Outs - Non Adjusting,
20260827,5168: Catlettsburg KY,Cash Paid Outs - Sales Adjusting,
20260827,5168: Catlettsburg KY,Online Gross Sales,20.38
20260827,5169: Columbus OH,Net Sales,3677.46
20260827,5169: Columbus OH,Total Sales Tax,161.18
20260827,5169: Columbus OH,Total Discounts,154.45
20260827,5169: Columbus OH,Major Category: Gift Card,
20260827,5169: Columbus OH,Tender: Door Dash,434.87
20260827,5169: Columbus OH,Tender: Doordash Banda Burrito,
20260827,5169: Columbus OH,Tender: Doordash VRB,89.20
20260827,5169: Columbus OH,Tender: Doordash VRM,154.59
20260827,5169: Columbus OH,Tender: Doordash Nathans,
20260827,5169: Columbus OH,Credit Tips Received,251.54
20260827,5169: Columbus OH,Tender: Uber Eats,357.77
20260827,5169: Columbus OH,Tender: Uber Eats Banda Burrito,
20260827,5169: Columbus OH,Tender: Uber Eats VR,119.29
20260827,5169: Columbus OH,Tender: Uber Eats VRM,
20260827,5169: Columbus OH,Tender: Uber Eats Nathans,
20260827,5169: Columbus OH,Tender: Grub Hub,190.00
20260827,5169: Columbus OH,Tender: Grubhub Banda Burrito,
20260827,5169: Columbus OH,Tender: Grubhub VRB,19.37
20260827,5169: Columbus OH,Tender: Grubhub VRM,
20260827,5169: Columbus OH,Tender: QR Pay,277.74
20260827,5169: Columbus OH,Tender: Online,118.02
20260827,5169: Columbus OH,Tender: Master Card,485.25
20260827,5169: Columbus OH,Tender: Visa,1082.93
20260827,5169: Columbus OH,Tender: Discover,27.68
20260827,5169: Columbus OH,Tender: Debit,216.23
20260827,5169: Columbus OH,Tender: American Express,25.25
20260827,5169: Columbus OH,Tender: Gift Card,57.76
20260827,5169: Columbus OH,Tender: Cash,434.23
20260827,5169: Columbus OH,Credit Tips Paid,229.61
20260827,5169: Columbus OH,Cash Paid Outs - Non Adjusting,
20260827,5169: Columbus OH,Cash Paid Outs - Sales Adjusting,10.00
20260827,5169: Columbus OH,Online Gross Sales,
20260827,7401: Youngstown OH,Net Sales,3662.39
20260827,7401: Youngstown OH,Total Sales Tax,156.50
20260827,7401: Youngstown OH,Total Discounts,195.98
20260827,7401: Youngstown OH,Major Category: Gift Card,20.00
20260827,7401: Youngstown OH,Tender: Door Dash,467.98
20260827,7401: Youngstown OH,Tender: Doordash Banda Burrito,69.84
20260827,7401: Youngstown OH,Tender: Doordash VRB,
20260827,7401: Youngstown OH,Tender: Doordash VRM,122.52
20260827,7401: Youngstown OH,Tender: Doordash Nathans,60.92
20260827,7401: Youngstown OH,Credit Tips Received,312.48
20260827,7401: Youngstown OH,Tender: Uber Eats,26.96
20260827,7401: Youngstown OH,Tender: Uber Eats Banda Burrito,
20260827,7401: Youngstown OH,Tender: Uber Eats VR,
20260827,7401: Youngstown OH,Tender: Uber Eats VRM,
20260827,7401: Youngstown OH,Tender: Uber Eats Nathans,
20260827,7401: Youngstown OH,Tender: Grub Hub,42.27
20260827,7401: Youngstown OH,Tender: Grubhub Banda Burrito,
20260827,7401: Youngstown OH,Tender: Grubhub VRB,21.88
20260827,7401: Youngstown OH,Tender: Grubhub VRM,
20260827,7401: Youngstown OH,Tender: QR Pay,
20260827,7401: Youngstown OH,Tender: Online,169.58
20260827,7401: Youngstown OH,Tender: Master Card,377.15
20260827,7401: Youngstown OH,Tender: Visa,977.98
20260827,7401: Youngstown OH,Tender: Discover,49.20
20260827,7401: Youngstown OH,Tender: Debit,858.19
20260827,7401: Youngstown OH,Tender: American Express,145.04
20260827,7401: Youngstown OH,Tender: Gift Card,101.72
20260827,7401: Youngstown OH,Tender: Cash,676.14
20260827,7401: Youngstown OH,Credit Tips Paid,308.66
20260827,7401: Youngstown OH,Cash Paid Outs - Non Adjusting,
20260827,7401: Youngstown OH,Cash Paid Outs - Sales Adjusting,
20260827,7401: Youngstown OH,Online Gross Sales,169.65
20260827,9690: Marietta OH,Net Sales,1135.35
20260827,9690: Marietta OH,Total Sales Tax,58.62
20260827,9690: Marietta OH,Total Discounts,69.56
20260827,9690: Marietta OH,Major Category: Gift Card,
20260827,9690: Marietta OH,Tender: Door Dash,140.04
20260827,9690: Marietta OH,Tender: Doordash Banda Burrito,
20260827,9690: Marietta OH,Tender: Doordash VRB,70.19
20260827,9690: Marietta OH,Tender: Doordash VRM,
20260827,9690: Marietta OH,Tender: Doordash Nathans,
20260827,9690: Marietta OH,Credit Tips Received,86.26
20260827,9690: Marietta OH,Tender: Uber Eats,
20260827,9690: Marietta OH,Tender: Uber Eats Banda Burrito,
20260827,9690: Marietta OH,Tender: Uber Eats VR,
20260827,9690: Marietta OH,Tender: Uber Eats VRM,
20260827,9690: Marietta OH,Tender: Uber Eats Nathans,
20260827,9690: Marietta OH,Tender: Grub Hub,
20260827,9690: Marietta OH,Tender: Grubhub Banda Burrito,
20260827,9690: Marietta OH,Tender: Grubhub VRB,
20260827,9690: Marietta OH,Tender: Grubhub VRM,
20260827,9690: Marietta OH,Tender: QR Pay,41.97
20260827,9690: Marietta OH,Tender: Online,11.74
20260827,9690: Marietta OH,Tender: Master Card,74.87
20260827,9690: Marietta OH,Tender: Visa,138.40
20260827,9690: Marietta OH,Tender: Discover,45.63
20260827,9690: Marietta OH,Tender: Debit,461.59
20260827,9690: Marietta OH,Tender: American Express,
20260827,9690: Marietta OH,Tender: Gift Card,
20260827,9690: Marietta OH,Tender: Cash,295.80
20260827,9690: Marietta OH,Credit Tips Paid,86.26
20260827,9690: Marietta OH,Cash Paid Outs - Non Adjusting,
20260827,9690: Marietta OH,Cash Paid Outs - Sales Adjusting,
20260827,9690: Marietta OH,Online Gross Sales,
20260827,9697: Findlay OH,Net Sales,2908.98
20260827,9697: Findlay OH,Total Sales Tax,153.14
20260827,9697: Findlay OH,Total Discounts,119.06
20260827,9697: Findlay OH,Major Category: Gift Card,
20260827,9697: Findlay OH,Tender: Door Dash,370.67
20260827,9697: Findlay OH,Tender: Doordash Banda Burrito,
20260827,9697: Findlay OH,Tender: Doordash VRB,87.67
20260827,9697: Findlay OH,Tender: Doordash VRM,98.61
20260827,9697: Findlay OH,Tender: Doordash Nathans,
20260827,9697: Findlay OH,Credit Tips Received,292.25
20260827,9697: Findlay OH,Tender: Uber Eats,
20260827,9697: Findlay OH,Tender: Uber Eats Banda Burrito,
20260827,9697: Findlay OH,Tender: Uber Eats VR,
20260827,9697: Findlay OH,Tender: Uber Eats VRM,
20260827,9697: Findlay OH,Tender: Uber Eats Nathans,
20260827,9697: Findlay OH,Tender: Grub Hub,
20260827,9697: Findlay OH,Tender: Grubhub Banda Burrito,
20260827,9697: Findlay OH,Tender: Grubhub VRB,
20260827,9697: Findlay OH,Tender: Grubhub VRM,
20260827,9697: Findlay OH,Tender: QR Pay,111.63
20260827,9697: Findlay OH,Tender: Online,59.24
20260827,9697: Findlay OH,Tender: Master Card,223.62
20260827,9697: Findlay OH,Tender: Visa,645.87
20260827,9697: Findlay OH,Tender: Discover,
20260827,9697: Findlay OH,Tender: Debit,1046.46
20260827,9697: Findlay OH,Tender: American Express,72.96
20260827,9697: Findlay OH,Tender: Gift Card,
20260827,9697: Findlay OH,Tender: Cash,658.64
20260827,9697: Findlay OH,Credit Tips Paid,318.45
20260827,9697: Findlay OH,Cash Paid Outs - Non Adjusting,12.08
20260827,9697: Findlay OH,Cash Paid Outs - Sales Adjusting,
20260827,9697: Findlay OH,Online Gross Sales,
20260828,5164: Berkshire OH,Net Sales,2998.12
20260828,5164: Berkshire OH,Total Sales Tax,187.72
20260828,5164: Berkshire OH,Total Discounts,107.74
20260828,5164: Berkshire OH,Major Category: Gift Card,
20260828,5164: Berkshire OH,Tender: Door Dash,
20260828,5164: Berkshire OH,Tender: Doordash Banda Burrito,
20260828,5164: Berkshire OH,Tender: Doordash VRB,
20260828,5164: Berkshire OH,Tender: Doordash VRM,
20260828,5164: Berkshire OH,Tender: Doordash Nathans,
20260828,5164: Berkshire OH,Credit Tips Received,400.80
20260828,5164: Berkshire OH,Tender: Uber Eats,30.81
20260828,5164: Berkshire OH,Tender: Uber Eats Banda Burrito,
20260828,5164: Berkshire OH,Tender: Uber Eats VR,
20260828,5164: Berkshire OH,Tender: Uber Eats VRM,
20260828,5164: Berkshire OH,Tender: Uber Eats Nathans,
20260828,5164: Berkshire OH,Tender: Grub Hub,
20260828,5164: Berkshire OH,Tender: Grubhub Banda Burrito,
20260828,5164: Berkshire OH,Tender: Grubhub VRB,
20260828,5164: Berkshire OH,Tender: Grubhub VRM,
20260828,5164: Berkshire OH,Tender: QR Pay,
20260828,5164: Berkshire OH,Tender: Online,42.17
20260828,5164: Berkshire OH,Tender: Master Card,863.02
20260828,5164: Berkshire OH,Tender: Visa,1440.69
20260828,5164: Berkshire OH,Tender: Discover,44.88
20260828,5164: Berkshire OH,Tender: Debit,476.01
20260828,5164: Berkshire OH,Tender: American Express,46.24
20260828,5164: Berkshire OH,Tender: Gift Card,
20260828,5164: Berkshire OH,Tender: Cash,642.82
20260828,5164: Berkshire OH,Credit Tips Paid,470.70
20260828,5164: Berkshire OH,Cash Paid Outs - Non Adjusting,
20260828,5164: Berkshire OH,Cash Paid Outs - Sales Adjusting,
20260828,5164: Berkshire OH,Online Gross Sales,38.36
20260828,5165: Perrysburg OH,Net Sales,2841.83
20260828,5165: Perrysburg OH,Total Sales Tax,156.54
20260828,5165: Perrysburg OH,Total Discounts,78.55
20260828,5165: Perrysburg OH,Major Category: Gift Card,
20260828,5165: Perrysburg OH,Tender: Door Dash,128.09
20260828,5165: Perrysburg OH,Tender: Doordash Banda Burrito,
20260828,5165: Perrysburg OH,Tender: Doordash VRB,
20260828,5165: Perrysburg OH,Tender: Doordash VRM,
20260828,5165: Perrysburg OH,Tender: Doordash Nathans,
20260828,5165: Perrysburg OH,Credit Tips Received,271.23
20260828,5165: Perrysburg OH,Tender: Uber Eats,23.38
20260828,5165: Perrysburg OH,Tender: Uber Eats Banda Burrito,
20260828,5165: Perrysburg OH,Tender: Uber Eats VR,
20260828,5165: Perrysburg OH,Tender: Uber Eats VRM,
20260828,5165: Perrysburg OH,Tender: Uber Eats Nathans,
20260828,5165: Perrysburg OH,Tender: Grub Hub,
20260828,5165: Perrysburg OH,Tender: Grubhub Banda Burrito,
20260828,5165: Perrysburg OH,Tender: Grubhub VRB,
20260828,5165: Perrysburg OH,Tender: Grubhub VRM,
20260828,5165: Perrysburg OH,Tender: QR Pay,
20260828,5165: Perrysburg OH,Tender: Online,127.82
20260828,5165: Perrysburg OH,Tender: Master Card,379.90
20260828,5165: Perrysburg OH,Tender: Visa,1131.40
20260828,5165: Perrysburg OH,Tender: Discover,
20260828,5165: Perrysburg OH,Tender: Debit,475.32
20260828,5165: Perrysburg OH,Tender: American Express,18.71
20260828,5165: Perrysburg OH,Tender: Gift Card,
20260828,5165: Perrysburg OH,Tender: Cash,984.98
20260828,5165: Perrysburg OH,Credit Tips Paid,251.12
20260828,5165: Perrysburg OH,Cash Paid Outs - Non Adjusting,
20260828,5165: Perrysburg OH,Cash Paid Outs - Sales Adjusting,
20260828,5165: Perrysburg OH,Online Gross Sales,123.13
20260828,5166: Jeffersonville OH,Net Sales,1964.35
20260828,5166: Jeffersonville OH,Total Sales Tax,94.89
20260828,5166: Jeffersonville OH,Total Discounts,52.52
20260828,5166: Jeffersonville OH,Major Category: Gift Card,
20260828,5166: Jeffersonville OH,Tender: Door Dash,
20260828,5166: Jeffersonville OH,Tender: Doordash Banda Burrito,
20260828,5166: Jeffersonville OH,Tender: Doordash VRB,44.34
20260828,5166: Jeffersonville OH,Tender: Doordash VRM,
20260828,5166: Jeffersonville OH,Tender: Doordash Nathans,
20260828,5166: Jeffersonville OH,Credit Tips Received,213.98
20260828,5166: Jeffersonville OH,Tender: Uber Eats,
20260828,5166: Jeffersonville OH,Tender: Uber Eats Banda Burrito,
20260828,5166: Jeffersonville OH,Tender: Uber Eats VR,
20260828,5166: Jeffersonville OH,Tender: Uber Eats VRM,
20260828,5166: Jeffersonville OH,Tender: Uber Eats Nathans,
20260828,5166: Jeffersonville OH,Tender: Grub Hub,
20260828,5166: Jeffersonville OH,Tender: Grubhub Banda Burrito,
20260828,5166: Jeffersonville OH,Tender: Grubhub VRB,
20260828,5166: Jeffersonville OH,Tender: Grubhub VRM,
20260828,5166: Jeffersonville OH,Tender: QR Pay,
20260828,5166: Jeffersonville OH,Tender: Online,94.38
20260828,5166: Jeffersonville OH,Tender: Master Card,444.40
20260828,5166: Jeffersonville OH,Tender: Visa,689.19
20260828,5166: Jeffersonville OH,Tender: Discover,80.70
20260828,5166: Jeffersonville OH,Tender: Debit,437.98
20260828,5166: Jeffersonville OH,Tender: American Express,13.85
20260828,5166: Jeffersonville OH,Tender: Gift Card,
20260828,5166: Jeffersonville OH,Tender: Cash,468.38
20260828,5166: Jeffersonville OH,Credit Tips Paid,288.96
20260828,5166: Jeffersonville OH,Cash Paid Outs - Non Adjusting,
20260828,5166: Jeffersonville OH,Cash Paid Outs - Sales Adjusting,
20260828,5166: Jeffersonville OH,Online Gross Sales,90.69
20260828,5167: Elizabethtown KY,Net Sales,3528.98
20260828,5167: Elizabethtown KY,Total Sales Tax,286.54
20260828,5167: Elizabethtown KY,Total Discounts,150.75
20260828,5167: Elizabethtown KY,Major Category: Gift Card,
20260828,5167: Elizabethtown KY,Tender: Door Dash,338.88
20260828,5167: Elizabethtown KY,Tender: Doordash Banda Burrito,
20260828,5167: Elizabethtown KY,Tender: Doordash VRB,104.05
20260828,5167: Elizabethtown KY,Tender: Doordash VRM,72.50
20260828,5167: Elizabethtown KY,Tender: Doordash Nathans,
20260828,5167: Elizabethtown KY,Credit Tips Received,358.43
20260828,5167: Elizabethtown KY,Tender: Uber Eats,
20260828,5167: Elizabethtown KY,Tender: Uber Eats Banda Burrito,
20260828,5167: Elizabethtown KY,Tender: Uber Eats VR,24.85
20260828,5167: Elizabethtown KY,Tender: Uber Eats VRM,
20260828,5167: Elizabethtown KY,Tender: Uber Eats Nathans,
20260828,5167: Elizabethtown KY,Tender: Grub Hub,111.03
20260828,5167: Elizabethtown KY,Tender: Grubhub Banda Burrito,
20260828,5167: Elizabethtown KY,Tender: Grubhub VRB,
20260828,5167: Elizabethtown KY,Tender: Grubhub VRM,
20260828,5167: Elizabethtown KY,Tender: QR Pay,
20260828,5167: Elizabethtown KY,Tender: Online,57.79
20260828,5167: Elizabethtown KY,Tender: Master Card,457.16
20260828,5167: Elizabethtown KY,Tender: Visa,1160.56
20260828,5167: Elizabethtown KY,Tender: Discover,
20260828,5167: Elizabethtown KY,Tender: Debit,949.88
20260828,5167: Elizabethtown KY,Tender: American Express,
20260828,5167: Elizabethtown KY,Tender: Gift Card,
20260828,5167: Elizabethtown KY,Tender: Cash,906.25
20260828,5167: Elizabethtown KY,Credit Tips Paid,324.82
20260828,5167: Elizabethtown KY,Cash Paid Outs - Non Adjusting,
20260828,5167: Elizabethtown KY,Cash Paid Outs - Sales Adjusting,
20260828,5167: Elizabethtown KY,Online Gross Sales,53.45
20260828,5168: Catlettsburg KY,Net Sales,2922.25
20260828,5168: Catlettsburg KY,Total Sales Tax,175.34
20260828,5168: Catlettsburg KY,Total Discounts,79.90
20260828,5168: Catlettsburg KY,Major Category: Gift Card,
20260828,5168: Catlettsburg KY,Tender: Door Dash,
20260828,5168: Catlettsburg KY,Tender: Doordash Banda Burrito,
20260828,5168: Catlettsburg KY,Tender: Doordash VRB,
20260828,5168: Catlettsburg KY,Tender: Doordash VRM,
20260828,5168: Catlettsburg KY,Tender: Doordash Nathans,
20260828,5168: Catlettsburg KY,Credit Tips Received,299.86
20260828,5168: Catlettsburg KY,Tender: Uber Eats,
20260828,5168: Catlettsburg KY,Tender: Uber Eats Banda Burrito,
20260828,5168: Catlettsburg KY,Tender: Uber Eats VR,
20260828,5168: Catlettsburg KY,Tender: Uber Eats VRM,
20260828,5168: Catlettsburg KY,Tender: Uber Eats Nathans,
20260828,5168: Catlettsburg KY,Tender: Grub Hub,
20260828,5168: Catlettsburg KY,Tender: Grubhub Banda Burrito,
20260828,5168: Catlettsburg KY,Tender: Grubhub VRB,
20260828,5168: Catlettsburg KY,Tender: Grubhub VRM,
20260828,5168: Catlettsburg KY,Tender: QR Pay,
20260828,5168: Catlettsburg KY,Tender: Online,
20260828,5168: Catlettsburg KY,Tender: Master Card,540.35
20260828,5168: Catlettsburg KY,Tender: Visa,1184.99
20260828,5168: Catlettsburg KY,Tender: Discover,47.35
20260828,5168: Catlettsburg KY,Tender: Debit,700.86
20260828,5168: Catlettsburg KY,Tender: American Express,71.28
20260828,5168: Catlettsburg KY,Tender: Gift Card,
20260828,5168: Catlettsburg KY,Tender: Cash,852.62
20260828,5168: Catlettsburg KY,Credit Tips Paid,316.98
20260828,5168: Catlettsburg KY,Cash Paid Outs - Non Adjusting,47.24
20260828,5168: Catlettsburg KY,Cash Paid Outs - Sales Adjusting,
20260828,5168: Catlettsburg KY,Online Gross Sales,
20260828,5169: Columbus OH,Net Sales,4047.97
20260828,5169: Columbus OH,Total Sales Tax,210.09
20260828,5169: Columbus OH,Total Discounts,155.11
20260828,5169: Columbus OH,Major Category: Gift Card,
20260828,5169: Columbus OH,Tender: Door Dash,527.03
20260828,5169: Columbus OH,Tender: Doordash Banda Burrito,
20260828,5169: Columbus OH,Tender: Doordash VRB,122.24
20260828,5169: Columbus OH,Tender: Doordash VRM,149.78
20260828,5169: Columbus OH,Tender: Doordash Nathans,
20260828,5169: Columbus OH,Credit Tips Received,470.28
20260828,5169: Columbus OH,Tender: Uber Eats,143.31
20260828,5169: Columbus OH,Tender: Uber Eats Banda Burrito,
20260828,5169: Columbus OH,Tender: Uber Eats VR,127.78
20260828,5169: Columbus OH,Tender: Uber Eats VRM,
20260828,5169: Columbus OH,Tender: Uber Eats Nathans,
20260828,5169: Columbus OH,Tender: Grub Hub,6.29
20260828,5169: Columbus OH,Tender: Grubhub Banda Burrito,
20260828,5169: Columbus OH,Tender: Grubhub VRB,
20260828,5169: Columbus OH,Tender: Grubhub VRM,
20260828,5169: Columbus OH,Tender: QR Pay,348.69
20260828,5169: Columbus OH,Tender: Online,210.09
20260828,5169: Columbus OH,Tender: Master Card,746.92
20260828,5169: Columbus OH,Tender: Visa,1330.46
20260828,5169: Columbus OH,Tender: Discover,22.01
20260828,5169: Columbus OH,Tender: Debit,517.89
20260828,5169: Columbus OH,Tender: American Express,76.77
20260828,5169: Columbus OH,Tender: Gift Card,
20260828,5169: Columbus OH,Tender: Cash,399.08
20260828,5169: Columbus OH,Credit Tips Paid,114.17
20260828,5169: Columbus OH,Cash Paid Outs - Non Adjusting,101.00
20260828,5169: Columbus OH,Cash Paid Outs - Sales Adjusting,
20260828,5169: Columbus OH,Online Gross Sales,
20260828,7401: Youngstown OH,Net Sales,4741.01
20260828,7401: Youngstown OH,Total Sales Tax,196.61
20260828,7401: Youngstown OH,Total Discounts,134.39
20260828,7401: Youngstown OH,Major Category: Gift Card,
20260828,7401: Youngstown OH,Tender: Door Dash,741.01
20260828,7401: Youngstown OH,Tender: Doordash Banda Burrito,120.63
20260828,7401: Youngstown OH,Tender: Doordash VRB,
20260828,7401: Youngstown OH,Tender: Doordash VRM,208.65
20260828,7401: Youngstown OH,Tender: Doordash Nathans,150.44
20260828,7401: Youngstown OH,Credit Tips Received,313.49
20260828,7401: Youngstown OH,Tender: Uber Eats,53.25
20260828,7401: Youngstown OH,Tender: Uber Eats Banda Burrito,14.09
20260828,7401: Youngstown OH,Tender: Uber Eats VR,
20260828,7401: Youngstown OH,Tender: Uber Eats VRM,50.16
20260828,7401: Youngstown OH,Tender: Uber Eats Nathans,
20260828,7401: Youngstown OH,Tender: Grub Hub,
20260828,7401: Youngstown OH,Tender: Grubhub Banda Burrito,
20260828,7401: Youngstown OH,Tender: Grubhub VRB,
20260828,7401: Youngstown OH,Tender: Grubhub VRM,
20260828,7401: Youngstown OH,Tender: QR Pay,
20260828,7401: Youngstown OH,Tender: Online,107.04
20260828,7401: Youngstown OH,Tender: Master Card,465.74
20260828,7401: Youngstown OH,Tender: Visa,960.44
20260828,7401: Youngstown OH,Tender: Discover,121.19
20260828,7401: Youngstown OH,Tender: Debit,1086.48
20260828,7401: Youngstown OH,Tender: American Express,
20260828,7401: Youngstown OH,Tender: Gift Card,2.42
20260828,7401: Youngstown OH,Tender: Cash,1181.26
20260828,7401: Youngstown OH,Credit Tips Paid,270.82
20260828,7401: Youngstown OH,Cash Paid Outs - Non Adjusting,
20260828,7401: Youngstown OH,Cash Paid Outs - Sales Adjusting,
20260828,7401: Youngstown OH,Online Gross Sales,107.66
20260828,9690: Marietta OH,Net Sales,1885.84
20260828,9690: Marietta OH,Total Sales Tax,107.24
20260828,9690: Marietta OH,Total Discounts,100.72
20260828,9690: Marietta OH,Major Category: Gift Card,
20260828,9690: Marietta OH,Tender: Door Dash,257.61
20260828,9690: Marietta OH,Tender: Doordash Banda Burrito,
20260828,9690: Marietta OH,Tender: Doordash VRB,69.43
20260828,9690: Marietta OH,Tender: Doordash VRM,
20260828,9690: Marietta OH,Tender: Doordash Nathans,
20260828,9690: Marietta OH,Credit Tips Received,122.12
20260828,9690: Marietta OH,Tender: Uber Eats,
20260828,9690: Marietta OH,Tender: Uber Eats Banda Burrito,
20260828,9690: Marietta OH,Tender: Uber Eats VR,
20260828,9690: Marietta OH,Tender: Uber Eats VRM,
20260828,9690: Marietta OH,Tender: Uber Eats Nathans,
20260828,9690: Marietta OH,Tender: Grub Hub,
20260828,9690: Marietta OH,Tender: Grubhub Banda Burrito,
20260828,9690: Marietta OH,Tender: Grubhub VRB,
20260828,9690: Marietta OH,Tender: Grubhub VRM,
20260828,9690: Marietta OH,Tender: QR Pay,
20260828,9690: Marietta OH,Tender: Online,49.45
20260828,9690: Marietta OH,Tender: Master Card,100.92
20260828,9690: Marietta OH,Tender: Visa,270.72
20260828,9690: Marietta OH,Tender: Discover,59.55
20260828,9690: Marietta OH,Tender: Debit,694.61
20260828,9690: Marietta OH,Tender: American Express,
20260828,9690: Marietta OH,Tender: Gift Card,
20260828,9690: Marietta OH,Tender: Cash,612.91
20260828,9690: Marietta OH,Credit Tips Paid,122.12
20260828,9690: Marietta OH,Cash Paid Outs - Non Adjusting,
20260828,9690: Marietta OH,Cash Paid Outs - Sales Adjusting,
20260828,9690: Marietta OH,Online Gross Sales,
20260828,9697: Findlay OH,Net Sales,4895.76
20260828,9697: Findlay OH,Total Sales Tax,254.16
20260828,9697: Findlay OH,Total Discounts,157.58
20260828,9697: Findlay OH,Major Category: Gift Card,
20260828,9697: Findlay OH,Tender: Door Dash,660.50
20260828,9697: Findlay OH,Tender: Doordash Banda Burrito,
20260828,9697: Findlay OH,Tender: Doordash VRB,230.64
20260828,9697: Findlay OH,Tender: Doordash VRM,82.82
20260828,9697: Findlay OH,Tender: Doordash Nathans,
20260828,9697: Findlay OH,Credit Tips Received,432.00
20260828,9697: Findlay OH,Tender: Uber Eats,
20260828,9697: Findlay OH,Tender: Uber Eats Banda Burrito,
20260828,9697: Findlay OH,Tender: Uber Eats VR,28.45
20260828,9697: Findlay OH,Tender: Uber Eats VRM,
20260828,9697: Findlay OH,Tender: Uber Eats Nathans,
20260828,9697: Findlay OH,Tender: Grub Hub,
20260828,9697: Findlay OH,Tender: Grubhub Banda Burrito,
20260828,9697: Findlay OH,Tender: Grubhub VRB,
20260828,9697: Findlay OH,Tender: Grubhub VRM,
20260828,9697: Findlay OH,Tender: QR Pay,298.86
20260828,9697: Findlay OH,Tender: Online,200.35
20260828,9697: Findlay OH,Tender: Master Card,322.56
20260828,9697: Findlay OH,Tender: Visa,621.24
20260828,9697: Findlay OH,Tender: Discover,
20260828,9697: Findlay OH,Tender: Debit,2020.90
20260828,9697: Findlay OH,Tender: American Express,34.14
20260828,9697: Findlay OH,Tender: Gift Card,11.69
20260828,9697: Findlay OH,Tender: Cash,1075.77
20260828,9697: Findlay OH,Credit Tips Paid,331.15
20260828,9697: Findlay OH,Cash Paid Outs - Non Adjusting,9.62
20260828,9697: Findlay OH,Cash Paid Outs - Sales Adjusting,
20260828,9697: Findlay OH,Online Gross Sales,
20260829,5164: Berkshire OH,Net Sales,3815.25
20260829,5164: Berkshire OH,Total Sales Tax,236.05
20260829,5164: Berkshire OH,Total Discounts,98.36
20260829,5164: Berkshire OH,Major Category: Gift Card,
20260829,5164: Berkshire OH,Tender: Door Dash,86.61
20260829,5164: Berkshire OH,Tender: Doordash Banda Burrito,
20260829,5164: Berkshire OH,Tender: Doordash VRB,109.66
20260829,5164: Berkshire OH,Tender: Doordash VRM,
20260829,5164: Berkshire OH,Tender: Doordash Nathans,
20260829,5164: Berkshire OH,Credit Tips Received,576.06
20260829,5164: Berkshire OH,Tender: Uber Eats,18.07
20260829,5164: Berkshire OH,Tender: Uber Eats Banda Burrito,
20260829,5164: Berkshire OH,Tender: Uber Eats VR,
20260829,5164: Berkshire OH,Tender: Uber Eats VRM,
20260829,5164: Berkshire OH,Tender: Uber Eats Nathans,
20260829,5164: Berkshire OH,Tender: Grub Hub,
20260829,5164: Berkshire OH,Tender: Grubhub Banda Burrito,
20260829,5164: Berkshire OH,Tender: Grubhub VRB,
20260829,5164: Berkshire OH,Tender: Grubhub VRM,
20260829,5164: Berkshire OH,Tender: QR Pay,
20260829,5164: Berkshire OH,Tender: Online,120.29
20260829,5164: Berkshire OH,Tender: Master Card,728.69
20260829,5164: Berkshire OH,Tender: Visa,1768.30
20260829,5164: Berkshire OH,Tender: Discover,138.82
20260829,5164: Berkshire OH,Tender: Debit,727.67
20260829,5164: Berkshire OH,Tender: American Express,269.26
20260829,5164: Berkshire OH,Tender: Gift Card,66.36
20260829,5164: Berkshire OH,Tender: Cash,593.63
20260829,5164: Berkshire OH,Credit Tips Paid,317.15
20260829,5164: Berkshire OH,Cash Paid Outs - Non Adjusting,
20260829,5164: Berkshire OH,Cash Paid Outs - Sales Adjusting,14.49
20260829,5164: Berkshire OH,Online Gross Sales,127.17
20260829,5165: Perrysburg OH,Net Sales,3473.70
20260829,5165: Perrysburg OH,Total Sales Tax,189.22
20260829,5165: Perrysburg OH,Total Discounts,224.84
20260829,5165: Perrysburg OH,Major Category: Gift Card,
20260829,5165: Perrysburg OH,Tender: Door Dash,160.41
20260829,5165: Perrysburg OH,Tender: Doordash Banda Burrito,
20260829,5165: Perrysburg OH,Tender: Doordash VRB,
20260829,5165: Perrysburg OH,Tender: Doordash VRM,
20260829,5165: Perrysburg OH,Tender: Doordash Nathans,
20260829,5165: Perrysburg OH,Credit Tips Received,411.05
20260829,5165: Perrysburg OH,Tender: Uber Eats,26.58
20260829,5165: Perrysburg OH,Tender: Uber Eats Banda Burrito,
20260829,5165: Perrysburg OH,Tender: Uber Eats VR,
20260829,5165: Perrysburg OH,Tender: Uber Eats VRM,
20260829,5165: Perrysburg OH,Tender: Uber Eats Nathans,
20260829,5165: Perrysburg OH,Tender: Grub Hub,
20260829,5165: Perrysburg OH,Tender: Grubhub Banda Burrito,
20260829,5165: Perrysburg OH,Tender: Grubhub VRB,
20260829,5165: Perrysburg OH,Tender: Grubhub VRM,
20260829,5165: Perrysburg OH,Tender: QR Pay,
20260829,5165: Perrysburg OH,Tender: Online,222.22
20260829,5165: Perrysburg OH,Tender: Master Card,374.53
20260829,5165: Perrysburg OH,Tender: Visa,1009.13
20260829,5165: Perrysburg OH,Tender: Discover,217.03
20260829,5165: Perrysburg OH,Tender: Debit,1121.69
20260829,5165: Perrysburg OH,Tender: American Express,166.51
20260829,5165: Perrysburg OH,Tender: Gift Card,
20260829,5165: Perrysburg OH,Tender: Cash,775.87
20260829,5165: Perrysburg OH,Credit Tips Paid,431.16
20260829,5165: Perrysburg OH,Cash Paid Outs - Non Adjusting,
20260829,5165: Perrysburg OH,Cash Paid Outs - Sales Adjusting,
20260829,5165: Perrysburg OH,Online Gross Sales,196.69
20260829,5166: Jeffersonville OH,Net Sales,2685.47
20260829,5166: Jeffersonville OH,Total Sales Tax,169.44
20260829,5166: Jeffersonville OH,Total Discounts,87.88
20260829,5166: Jeffersonville OH,Major Category: Gift Card,
20260829,5166: Jeffersonville OH,Tender: Door Dash,37.27
20260829,5166: Jeffersonville OH,Tender: Doordash Banda Burrito,
20260829,5166: Jeffersonville OH,Tender: Doordash VRB,
20260829,5166: Jeffersonville OH,Tender: Doordash VRM,
20260829,5166: Jeffersonville OH,Tender: Doordash Nathans,
20260829,5166: Jeffersonville OH,Credit Tips Received,305.57
20260829,5166: Jeffersonville OH,Tender: Uber Eats,
20260829,5166: Jeffersonville OH,Tender: Uber Eats Banda Burrito,
20260829,5166: Jeffersonville OH,Tender: Uber Eats VR,
20260829,5166: Jeffersonville OH,Tender: Uber Eats VRM,
20260829,5166: Jeffersonville OH,Tender: Uber Eats Nathans,
20260829,5166: Jeffersonville OH,Tender: Grub Hub,
20260829,5166: Jeffersonville OH,Tender: Grubhub Banda Burrito,
20260829,5166: Jeffersonville OH,Tender: Grubhub VRB,
20260829,5166: Jeffersonville OH,Tender: Grubhub VRM,
20260829,5166: Jeffersonville OH,Tender: QR Pay,
20260829,5166: Jeffersonville OH,Tender: Online,
20260829,5166: Jeffersonville OH,Tender: Master Card,583.61
20260829,5166: Jeffersonville OH,Tender: Visa,1331.43
20260829,5166: Jeffersonville OH,Tender: Discover,21.35
20260829,5166: Jeffersonville OH,Tender: Debit,586.45
20260829,5166: Jeffersonville OH,Tender: American Express,67.70
20260829,5166: Jeffersonville OH,Tender: Gift Card,
20260829,5166: Jeffersonville OH,Tender: Cash,532.67
20260829,5166: Jeffersonville OH,Credit Tips Paid,263.81
20260829,5166: Jeffersonville OH,Cash Paid Outs - Non Adjusting,
20260829,5166: Jeffersonville OH,Cash Paid Outs - Sales Adjusting,
20260829,5166: Jeffersonville OH,Online Gross Sales,
20260829,5167: Elizabethtown KY,Net Sales,4416.68
20260829,5167: Elizabethtown KY,Total Sales Tax,358.67
20260829,5167: Elizabethtown KY,Total Discounts,167.87
20260829,5167: Elizabethtown KY,Major Category: Gift Card,
20260829,5167: Elizabethtown KY,Tender: Door Dash,347.60
20260829,5167: Elizabethtown KY,Tender: Doordash Banda Burrito,
20260829,5167: Elizabethtown KY,Tender: Doordash VRB,
20260829,5167: Elizabethtown KY,Tender: Doordash VRM,39.23
20260829,5167: Elizabethtown KY,Tender: Doordash Nathans,
20260829,5167: Elizabethtown KY,Credit Tips Received,382.63
20260829,5167: Elizabethtown KY,Tender: Uber Eats,26.35
20260829,5167: Elizabethtown KY,Tender: Uber Eats Banda Burrito,
20260829,5167: Elizabethtown KY,Tender: Uber Eats VR,53.02
20260829,5167: Elizabethtown KY,Tender: Uber Eats VRM,20.52
20260829,5167: Elizabethtown KY,Tender: Uber Eats Nathans,
20260829,5167: Elizabethtown KY,Tender: Grub Hub,
20260829,5167: Elizabethtown KY,Tender: Grubhub Banda Burrito,
20260829,5167: Elizabethtown KY,Tender: Grubhub VRB,
20260829,5167: Elizabethtown KY,Tender: Grubhub VRM,
20260829,5167: Elizabethtown KY,Tender: QR Pay,
20260829,5167: Elizabethtown KY,Tender: Online,108.22
20260829,5167: Elizabethtown KY,Tender: Master Card,788.43
20260829,5167: Elizabethtown KY,Tender: Visa,1385.97
20260829,5167: Elizabethtown KY,Tender: Discover,75.10
20260829,5167: Elizabethtown KY,Tender: Debit,1129.19
20260829,5167: Elizabethtown KY,Tender: American Express,98.67
20260829,5167: Elizabethtown KY,Tender: Gift Card,12.00
20260829,5167: Elizabethtown KY,Tender: Cash,1079.68
20260829,5167: Elizabethtown KY,Credit Tips Paid,413.00
20260829,5167: Elizabethtown KY,Cash Paid Outs - Non Adjusting,
20260829,5167: Elizabethtown KY,Cash Paid Outs - Sales Adjusting,
20260829,5167: Elizabethtown KY,Online Gross Sales,100.10
20260829,5168: Catlettsburg KY,Net Sales,3064.40
20260829,5168: Catlettsburg KY,Total Sales Tax,183.87
20260829,5168: Catlettsburg KY,Total Discounts,101.10
20260829,5168: Catlettsburg KY,Major Category: Gift Card,
20260829,5168: Catlettsburg KY,Tender: Door Dash,84.20
20260829,5168: Catlettsburg KY,Tender: Doordash Banda Burrito,
20260829,5168: Catlettsburg KY,Tender: Doordash VRB,
20260829,5168: Catlettsburg KY,Tender: Doordash VRM,
20260829,5168: Catlettsburg KY,Tender: Doordash Nathans,
20260829,5168: Catlettsburg KY,Credit Tips Received,325.74
20260829,5168: Catlettsburg KY,Tender: Uber Eats,
20260829,5168: Catlettsburg KY,Tender: Uber Eats Banda Burrito,
20260829,5168: Catlettsburg KY,Tender: Uber Eats VR,
20260829,5168: Catlettsburg KY,Tender: Uber Eats VRM,
20260829,5168: Catlettsburg KY,Tender: Uber Eats Nathans,
20260829,5168: Catlettsburg KY,Tender: Grub Hub,
20260829,5168: Catlettsburg KY,Tender: Grubhub Banda Burrito,
20260829,5168: Catlettsburg KY,Tender: Grubhub VRB,
20260829,5168: Catlettsburg KY,Tender: Grubhub VRM,
20260829,5168: Catlettsburg KY,Tender: QR Pay,
20260829,5168: Catlettsburg KY,Tender: Online,177.22
20260829,5168: Catlettsburg KY,Tender: Master Card,569.82
20260829,5168: Catlettsburg KY,Tender: Visa,1207.48
20260829,5168: Catlettsburg KY,Tender: Discover,60.07
20260829,5168: Catlettsburg KY,Tender: Debit,554.81
20260829,5168: Catlettsburg KY,Tender: American Express,56.24
20260829,5168: Catlettsburg KY,Tender: Gift Card,
20260829,5168: Catlettsburg KY,Tender: Cash,864.17
20260829,5168: Catlettsburg KY,Credit Tips Paid,289.61
20260829,5168: Catlettsburg KY,Cash Paid Outs - Non Adjusting,28.58
20260829,5168: Catlettsburg KY,Cash Paid Outs - Sales Adjusting,
20260829,5168: Catlettsburg KY,Online Gross Sales,152.95
20260829,5169: Columbus OH,Net Sales,5543.99
20260829,5169: Columbus OH,Total Sales Tax,329.47
20260829,5169: Columbus OH,Total Discounts,325.19
20260829,5169: Columbus OH,Major Category: Gift Card,
20260829,5169: Columbus OH,Tender: Door Dash,285.68
20260829,5169: Columbus OH,Tender: Doordash Banda Burrito,
20260829,5169: Columbus OH,Tender: Doordash VRB,179.19
20260829,5169: Columbus OH,Tender: Doordash VRM,171.57
20260829,5169: Columbus OH,Tender: Doordash Nathans,
20260829,5169: Columbus OH,Credit Tips Received,593.51
20260829,5169: Columbus OH,Tender: Uber Eats,207.54
20260829,5169: Columbus OH,Tender: Uber Eats Banda Burrito,
20260829,5169: Columbus OH,Tender: Uber Eats VR,170.51
20260829,5169: Columbus OH,Tender: Uber Eats VRM,
20260829,5169: Columbus OH,Tender: Uber Eats Nathans,
20260829,5169: Columbus OH,Tender: Grub Hub,8.39
20260829,5169: Columbus OH,Tender: Grubhub Banda Burrito,
20260829,5169: Columbus OH,Tender: Grubhub VRB,14.89
20260829,5169: Columbus OH,Tender: Grubhub VRM,16.97
20260829,5169: Columbus OH,Tender: QR Pay,726.63
20260829,5169: Columbus OH,Tender: Online,285.55
20260829,5169: Columbus OH,Tender: Master Card,864.36
20260829,5169: Columbus OH,Tender: Visa,1957.56
20260829,5169: Columbus OH,Tender: Discover,46.47
20260829,5169: Columbus OH,Tender: Debit,801.07
20260829,5169: Columbus OH,Tender: American Express,180.39
20260829,5169: Columbus OH,Tender: Gift Card,12.84
20260829,5169: Columbus OH,Tender: Cash,537.36
20260829,5169: Columbus OH,Credit Tips Paid,365.23
20260829,5169: Columbus OH,Cash Paid Outs - Non Adjusting,182.00
20260829,5169: Columbus OH,Cash Paid Outs - Sales Adjusting,
20260829,5169: Columbus OH,Online Gross Sales,
20260829,7401: Youngstown OH,Net Sales,4522.93
20260829,7401: Youngstown OH,Total Sales Tax,176.67
20260829,7401: Youngstown OH,Total Discounts,164.62
20260829,7401: Youngstown OH,Major Category: Gift Card,
20260829,7401: Youngstown OH,Tender: Door Dash,715.92
20260829,7401: Youngstown OH,Tender: Doordash Banda Burrito,93.70
20260829,7401: Youngstown OH,Tender: Doordash VRB,
20260829,7401: Youngstown OH,Tender: Doordash VRM,149.78
20260829,7401: Youngstown OH,Tender: Doordash Nathans,117.84
20260829,7401: Youngstown OH,Credit Tips Received,279.82
20260829,7401: Youngstown OH,Tender: Uber Eats,96.29
20260829,7401: Youngstown OH,Tender: Uber Eats Banda Burrito,
20260829,7401: Youngstown OH,Tender: Uber Eats VR,42.06
20260829,7401: Youngstown OH,Tender: Uber Eats VRM,15.69
20260829,7401: Youngstown OH,Tender: Uber Eats Nathans,
20260829,7401: Youngstown OH,Tender: Grub Hub,
20260829,7401: Youngstown OH,Tender: Grubhub Banda Burrito,
20260829,7401: Youngstown OH,Tender: Grubhub VRB,
20260829,7401: Youngstown OH,Tender: Grubhub VRM,
20260829,7401: Youngstown OH,Tender: QR Pay,
20260829,7401: Youngstown OH,Tender: Online,210.49
20260829,7401: Youngstown OH,Tender: Master Card,578.50
20260829,7401: Youngstown OH,Tender: Visa,1025.24
20260829,7401: Youngstown OH,Tender: Discover,9.14
20260829,7401: Youngstown OH,Tender: Debit,1208.18
20260829,7401: Youngstown OH,Tender: American Express,
20260829,7401: Youngstown OH,Tender: Gift Card,6.93
20260829,7401: Youngstown OH,Tender: Cash,713.97
20260829,7401: Youngstown OH,Credit Tips Paid,326.31
20260829,7401: Youngstown OH,Cash Paid Outs - Non Adjusting,
20260829,7401: Youngstown OH,Cash Paid Outs - Sales Adjusting,
20260829,7401: Youngstown OH,Online Gross Sales,211.46
20260829,9690: Marietta OH,Net Sales,2757.87
20260829,9690: Marietta OH,Total Sales Tax,167.38
20260829,9690: Marietta OH,Total Discounts,107.92
20260829,9690: Marietta OH,Major Category: Gift Card,
20260829,9690: Marietta OH,Tender: Door Dash,191.07
20260829,9690: Marietta OH,Tender: Doordash Banda Burrito,
20260829,9690: Marietta OH,Tender: Doordash VRB,104.15
20260829,9690: Marietta OH,Tender: Doordash VRM,
20260829,9690: Marietta OH,Tender: Doordash Nathans,
20260829,9690: Marietta OH,Credit Tips Received,226.80
20260829,9690: Marietta OH,Tender: Uber Eats,
20260829,9690: Marietta OH,Tender: Uber Eats Banda Burrito,
20260829,9690: Marietta OH,Tender: Uber Eats VR,
20260829,9690: Marietta OH,Tender: Uber Eats VRM,
20260829,9690: Marietta OH,Tender: Uber Eats Nathans,
20260829,9690: Marietta OH,Tender: Grub Hub,
20260829,9690: Marietta OH,Tender: Grubhub Banda Burrito,
20260829,9690: Marietta OH,Tender: Grubhub VRB,
20260829,9690: Marietta OH,Tender: Grubhub VRM,
20260829,9690: Marietta OH,Tender: QR Pay,251.47
20260829,9690: Marietta OH,Tender: Online,15.08
20260829,9690: Marietta OH,Tender: Master Card,76.76
20260829,9690: Marietta OH,Tender: Visa,412.36
20260829,9690: Marietta OH,Tender: Discover,106.39
20260829,9690: Marietta OH,Tender: Debit,992.77
20260829,9690: Marietta OH,Tender: American Express,87.62
20260829,9690: Marietta OH,Tender: Gift Card,
20260829,9690: Marietta OH,Tender: Cash,914.38
20260829,9690: Marietta OH,Credit Tips Paid,221.80
20260829,9690: Marietta OH,Cash Paid Outs - Non Adjusting,
20260829,9690: Marietta OH,Cash Paid Outs - Sales Adjusting,
20260829,9690: Marietta OH,Online Gross Sales,
20260829,9697: Findlay OH,Net Sales,5898.55
20260829,9697: Findlay OH,Total Sales Tax,353.47
20260829,9697: Findlay OH,Total Discounts,105.08
20260829,9697: Findlay OH,Major Category: Gift Card,
20260829,9697: Findlay OH,Tender: Door Dash,446.70
20260829,9697: Findlay OH,Tender: Doordash Banda Burrito,
20260829,9697: Findlay OH,Tender: Doordash VRB,118.73
20260829,9697: Findlay OH,Tender: Doordash VRM,115.39
20260829,9697: Findlay OH,Tender: Doordash Nathans,
20260829,9697: Findlay OH,Credit Tips Received,572.66
20260829,9697: Findlay OH,Tender: Uber Eats,
20260829,9697: Findlay OH,Tender: Uber Eats Banda Burrito,
20260829,9697: Findlay OH,Tender: Uber Eats VR,21.37
20260829,9697: Findlay OH,Tender: Uber Eats VRM,
20260829,9697: Findlay OH,Tender: Uber Eats Nathans,
20260829,9697: Findlay OH,Tender: Grub Hub,25.67
20260829,9697: Findlay OH,Tender: Grubhub Banda Burrito,
20260829,9697: Findlay OH,Tender: Grubhub VRB,
20260829,9697: Findlay OH,Tender: Grubhub VRM,
20260829,9697: Findlay OH,Tender: QR Pay,377.84
20260829,9697: Findlay OH,Tender: Online,193.28
20260829,9697: Findlay OH,Tender: Master Card,798.92
20260829,9697: Findlay OH,Tender: Visa,1143.19
20260829,9697: Findlay OH,Tender: Discover,258.69
20260829,9697: Findlay OH,Tender: Debit,1961.41
20260829,9697: Findlay OH,Tender: American Express,181.99
20260829,9697: Findlay OH,Tender: Gift Card,40.78
20260829,9697: Findlay OH,Tender: Cash,1127.77
20260829,9697: Findlay OH,Credit Tips Paid,673.51
20260829,9697: Findlay OH,Cash Paid Outs - Non Adjusting,
20260829,9697: Findlay OH,Cash Paid Outs - Sales Adjusting,
20260829,9697: Findlay OH,Online Gross Sales,
20260830,5164: Berkshire OH,Net Sales,3186.48
20260830,5164: Berkshire OH,Total Sales Tax,214.32
20260830,5164: Berkshire OH,Total Discounts,93.03
20260830,5164: Berkshire OH,Major Category: Gift Card,
20260830,5164: Berkshire OH,Tender: Door Dash,47.88
20260830,5164: Berkshire OH,Tender: Doordash Banda Burrito,
20260830,5164: Berkshire OH,Tender: Doordash VRB,
20260830,5164: Berkshire OH,Tender: Doordash VRM,
20260830,5164: Berkshire OH,Tender: Doordash Nathans,
20260830,5164: Berkshire OH,Credit Tips Received,373.49
20260830,5164: Berkshire OH,Tender: Uber Eats,
20260830,5164: Berkshire OH,Tender: Uber Eats Banda Burrito,
20260830,5164: Berkshire OH,Tender: Uber Eats VR,
20260830,5164: Berkshire OH,Tender: Uber Eats VRM,
20260830,5164: Berkshire OH,Tender: Uber Eats Nathans,
20260830,5164: Berkshire OH,Tender: Grub Hub,23.77
20260830,5164: Berkshire OH,Tender: Grubhub Banda Burrito,
20260830,5164: Berkshire OH,Tender: Grubhub VRB,
20260830,5164: Berkshire OH,Tender: Grubhub VRM,
20260830,5164: Berkshire OH,Tender: QR Pay,
20260830,5164: Berkshire OH,Tender: Online,86.52
20260830,5164: Berkshire OH,Tender: Master Card,933.18
20260830,5164: Berkshire OH,Tender: Visa,1361.86
20260830,5164: Berkshire OH,Tender: Discover,124.52
20260830,5164: Berkshire OH,Tender: Debit,344.86
20260830,5164: Berkshire OH,Tender: American Express,57.73
20260830,5164: Berkshire OH,Tender: Gift Card,
20260830,5164: Berkshire OH,Tender: Cash,793.97
20260830,5164: Berkshire OH,Credit Tips Paid,574.39
20260830,5164: Berkshire OH,Cash Paid Outs - Non Adjusting,
20260830,5164: Berkshire OH,Cash Paid Outs - Sales Adjusting,
20260830,5164: Berkshire OH,Online Gross Sales,84.43
20260830,5165: Perrysburg OH,Net Sales,3209.36
20260830,5165: Perrysburg OH,Total Sales Tax,168.33
20260830,5165: Perrysburg OH,Total Discounts,130.70
20260830,5165: Perrysburg OH,Major Category: Gift Card,
20260830,5165: Perrysburg OH,Tender: Door Dash,185.89
20260830,5165: Perrysburg OH,Tender: Doordash Banda Burrito,
20260830,5165: Perrysburg OH,Tender: Doordash VRB,
20260830,5165: Perrysburg OH,Tender: Doordash VRM,
20260830,5165: Perrysburg OH,Tender: Doordash Nathans,
20260830,5165: Perrysburg OH,Credit Tips Received,361.07
20260830,5165: Perrysburg OH,Tender: Uber Eats,40.05
20260830,5165: Perrysburg OH,Tender: Uber Eats Banda Burrito,
20260830,5165: Perrysburg OH,Tender: Uber Eats VR,
20260830,5165: Perrysburg OH,Tender: Uber Eats VRM,
20260830,5165: Perrysburg OH,Tender: Uber Eats Nathans,
20260830,5165: Perrysburg OH,Tender: Grub Hub,
20260830,5165: Perrysburg OH,Tender: Grubhub Banda Burrito,
20260830,5165: Perrysburg OH,Tender: Grubhub VRB,
20260830,5165: Perrysburg OH,Tender: Grubhub VRM,
20260830,5165: Perrysburg OH,Tender: QR Pay,
20260830,5165: Perrysburg OH,Tender: Online,185.22
20260830,5165: Perrysburg OH,Tender: Master Card,777.98
20260830,5165: Perrysburg OH,Tender: Visa,994.78
20260830,5165: Perrysburg OH,Tender: Discover,107.31
20260830,5165: Perrysburg OH,Tender: Debit,520.87
20260830,5165: Perrysburg OH,Tender: American Express,141.65
20260830,5165: Perrysburg OH,Tender: Gift Card,10.45
20260830,5165: Perrysburg OH,Tender: Cash,780.56
20260830,5165: Perrysburg OH,Credit Tips Paid,361.07
20260830,5165: Perrysburg OH,Cash Paid Outs - Non Adjusting,
20260830,5165: Perrysburg OH,Cash Paid Outs - Sales Adjusting,
20260830,5165: Perrysburg OH,Online Gross Sales,171.56
20260830,5166: Jeffersonville OH,Net Sales,2656.56
20260830,5166: Jeffersonville OH,Total Sales Tax,164.32
20260830,5166: Jeffersonville OH,Total Discounts,81.51
20260830,5166: Jeffersonville OH,Major Category: Gift Card,
20260830,5166: Jeffersonville OH,Tender: Door Dash,37.97
20260830,5166: Jeffersonville OH,Tender: Doordash Banda Burrito,
20260830,5166: Jeffersonville OH,Tender: Doordash VRB,
20260830,5166: Jeffersonville OH,Tender: Doordash VRM,
20260830,5166: Jeffersonville OH,Tender: Doordash Nathans,
20260830,5166: Jeffersonville OH,Credit Tips Received,279.85
20260830,5166: Jeffersonville OH,Tender: Uber Eats,
20260830,5166: Jeffersonville OH,Tender: Uber Eats Banda Burrito,
20260830,5166: Jeffersonville OH,Tender: Uber Eats VR,
20260830,5166: Jeffersonville OH,Tender: Uber Eats VRM,
20260830,5166: Jeffersonville OH,Tender: Uber Eats Nathans,
20260830,5166: Jeffersonville OH,Tender: Grub Hub,
20260830,5166: Jeffersonville OH,Tender: Grubhub Banda Burrito,
20260830,5166: Jeffersonville OH,Tender: Grubhub VRB,
20260830,5166: Jeffersonville OH,Tender: Grubhub VRM,
20260830,5166: Jeffersonville OH,Tender: QR Pay,
20260830,5166: Jeffersonville OH,Tender: Online,107.27
20260830,5166: Jeffersonville OH,Tender: Master Card,414.88
20260830,5166: Jeffersonville OH,Tender: Visa,1159.64
20260830,5166: Jeffersonville OH,Tender: Discover,67.49
20260830,5166: Jeffersonville OH,Tender: Debit,264.44
20260830,5166: Jeffersonville OH,Tender: American Express,91.77
20260830,5166: Jeffersonville OH,Tender: Gift Card,
20260830,5166: Jeffersonville OH,Tender: Cash,957.27
20260830,5166: Jeffersonville OH,Credit Tips Paid,341.14
20260830,5166: Jeffersonville OH,Cash Paid Outs - Non Adjusting,
20260830,5166: Jeffersonville OH,Cash Paid Outs - Sales Adjusting,
20260830,5166: Jeffersonville OH,Online Gross Sales,113.17
20260830,5167: Elizabethtown KY,Net Sales,3742.37
20260830,5167: Elizabethtown KY,Total Sales Tax,300.64
20260830,5167: Elizabethtown KY,Total Discounts,178.05
20260830,5167: Elizabethtown KY,Major Category: Gift Card,
20260830,5167: Elizabethtown KY,Tender: Door Dash,388.74
20260830,5167: Elizabethtown KY,Tender: Doordash Banda Burrito,
20260830,5167: Elizabethtown KY,Tender: Doordash VRB,24.16
20260830,5167: Elizabethtown KY,Tender: Doordash VRM,40.31
20260830,5167: Elizabethtown KY,Tender: Doordash Nathans,
20260830,5167: Elizabethtown KY,Credit Tips Received,294.25
20260830,5167: Elizabethtown KY,Tender: Uber Eats,119.89
20260830,5167: Elizabethtown KY,Tender: Uber Eats Banda Burrito,
20260830,5167: Elizabethtown KY,Tender: Uber Eats VR,
20260830,5167: Elizabethtown KY,Tender: Uber Eats VRM,
20260830,5167: Elizabethtown KY,Tender: Uber Eats Nathans,
20260830,5167: Elizabethtown KY,Tender: Grub Hub,
20260830,5167: Elizabethtown KY,Tender: Grubhub Banda Burrito,
20260830,5167: Elizabethtown KY,Tender: Grubhub VRB,
20260830,5167: Elizabethtown KY,Tender: Grubhub VRM,
20260830,5167: Elizabethtown KY,Tender: QR Pay,
20260830,5167: Elizabethtown KY,Tender: Online,170.51
20260830,5167: Elizabethtown KY,Tender: Master Card,351.35
20260830,5167: Elizabethtown KY,Tender: Visa,1228.69
20260830,5167: Elizabethtown KY,Tender: Discover,20.37
20260830,5167: Elizabethtown KY,Tender: Debit,969.00
20260830,5167: Elizabethtown KY,Tender: American Express,71.53
20260830,5167: Elizabethtown KY,Tender: Gift Card,
20260830,5167: Elizabethtown KY,Tender: Cash,961.71
20260830,5167: Elizabethtown KY,Credit Tips Paid,260.24
20260830,5167: Elizabethtown KY,Cash Paid Outs - Non Adjusting,
20260830,5167: Elizabethtown KY,Cash Paid Outs - Sales Adjusting,
20260830,5167: Elizabethtown KY,Online Gross Sales,162.54
20260830,5168: Catlettsburg KY,Net Sales,2728.88
20260830,5168: Catlettsburg KY,Total Sales Tax,163.77
20260830,5168: Catlettsburg KY,Total Discounts,59.46
20260830,5168: Catlettsburg KY,Major Category: Gift Card,
20260830,5168: Catlettsburg KY,Tender: Door Dash,85.95
20260830,5168: Catlettsburg KY,Tender: Doordash Banda Burrito,
20260830,5168: Catlettsburg KY,Tender: Doordash VRB,
20260830,5168: Catlettsburg KY,Tender: Doordash VRM,
20260830,5168: Catlettsburg KY,Tender: Doordash Nathans,
20260830,5168: Catlettsburg KY,Credit Tips Received,264.86
20260830,5168: Catlettsburg KY,Tender: Uber Eats,
20260830,5168: Catlettsburg KY,Tender: Uber Eats Banda Burrito,
20260830,5168: Catlettsburg KY,Tender: Uber Eats VR,
20260830,5168: Catlettsburg KY,Tender: Uber Eats VRM,
20260830,5168: Catlettsburg KY,Tender: Uber Eats Nathans,
20260830,5168: Catlettsburg KY,Tender: Grub Hub,
20260830,5168: Catlettsburg KY,Tender: Grubhub Banda Burrito,
20260830,5168: Catlettsburg KY,Tender: Grubhub VRB,
20260830,5168: Catlettsburg KY,Tender: Grubhub VRM,
20260830,5168: Catlettsburg KY,Tender: QR Pay,
20260830,5168: Catlettsburg KY,Tender: Online,22.02
20260830,5168: Catlettsburg KY,Tender: Master Card,517.53
20260830,5168: Catlettsburg KY,Tender: Visa,1037.01
20260830,5168: Catlettsburg KY,Tender: Discover,
20260830,5168: Catlettsburg KY,Tender: Debit,840.68
20260830,5168: Catlettsburg KY,Tender: American Express,15.36
20260830,5168: Catlettsburg KY,Tender: Gift Card,
20260830,5168: Catlettsburg KY,Tender: Cash,638.96
20260830,5168: Catlettsburg KY,Credit Tips Paid,251.71
20260830,5168: Catlettsburg KY,Cash Paid Outs - Non Adjusting,
20260830,5168: Catlettsburg KY,Cash Paid Outs - Sales Adjusting,
20260830,5168: Catlettsburg KY,Online Gross Sales,18.99
20260830,5169: Columbus OH,Net Sales,5242.29
20260830,5169: Columbus OH,Total Sales Tax,290.73
20260830,5169: Columbus OH,Total Discounts,237.88
20260830,5169: Columbus OH,Major Category: Gift Card,
20260830,5169: Columbus OH,Tender: Door Dash,433.67
20260830,5169: Columbus OH,Tender: Doordash Banda Burrito,
20260830,5169: Columbus OH,Tender: Doordash VRB,95.81
20260830,5169: Columbus OH,Tender: Doordash VRM,170.52
20260830,5169: Columbus OH,Tender: Doordash Nathans,
20260830,5169: Columbus OH,Credit Tips Received,482.43
20260830,5169: Columbus OH,Tender: Uber Eats,257.45
20260830,5169: Columbus OH,Tender: Uber Eats Banda Burrito,
20260830,5169: Columbus OH,Tender: Uber Eats VR,134.27
20260830,5169: Columbus OH,Tender: Uber Eats VRM,
20260830,5169: Columbus OH,Tender: Uber Eats Nathans,
20260830,5169: Columbus OH,Tender: Grub Hub,62.96
20260830,5169: Columbus OH,Tender: Grubhub Banda Burrito,
20260830,5169: Columbus OH,Tender: Grubhub VRB,16.79
20260830,5169: Columbus OH,Tender: Grubhub VRM,39.97
20260830,5169: Columbus OH,Tender: QR Pay,1172.37
20260830,5169: Columbus OH,Tender: Online,149.23
20260830,5169: Columbus OH,Tender: Master Card,481.66
20260830,5169: Columbus OH,Tender: Visa,1118.38
20260830,5169: Columbus OH,Tender: Discover,43.94
20260830,5169: Columbus OH,Tender: Debit,942.30
20260830,5169: Columbus OH,Tender: American Express,90.02
20260830,5169: Columbus OH,Tender: Gift Card,7.66
20260830,5169: Columbus OH,Tender: Cash,798.45
20260830,5169: Columbus OH,Credit Tips Paid,509.27
20260830,5169: Columbus OH,Cash Paid Outs - Non Adjusting,
20260830,5169: Columbus OH,Cash Paid Outs - Sales Adjusting,
20260830,5169: Columbus OH,Online Gross Sales,
20260830,7401: Youngstown OH,Net Sales,5538.11
20260830,7401: Youngstown OH,Total Sales Tax,239.18
20260830,7401: Youngstown OH,Total Discounts,140.58
20260830,7401: Youngstown OH,Major Category: Gift Card,
20260830,7401: Youngstown OH,Tender: Door Dash,692.63
20260830,7401: Youngstown OH,Tender: Doordash Banda Burrito,43.94
20260830,7401: Youngstown OH,Tender: Doordash VRB,
20260830,7401: Youngstown OH,Tender: Doordash VRM,198.74
20260830,7401: Youngstown OH,Tender: Doordash Nathans,36.96
20260830,7401: Youngstown OH,Credit Tips Received,478.77
20260830,7401: Youngstown OH,Tender: Uber Eats,141.12
20260830,7401: Youngstown OH,Tender: Uber Eats Banda Burrito,
20260830,7401: Youngstown OH,Tender: Uber Eats VR,25.98
20260830,7401: Youngstown OH,Tender: Uber Eats VRM,
20260830,7401: Youngstown OH,Tender: Uber Eats Nathans,
20260830,7401: Youngstown OH,Tender: Grub Hub,67.69
20260830,7401: Youngstown OH,Tender: Grubhub Banda Burrito,
20260830,7401: Youngstown OH,Tender: Grubhub VRB,
20260830,7401: Youngstown OH,Tender: Grubhub VRM,
20260830,7401: Youngstown OH,Tender: QR Pay,
20260830,7401: Youngstown OH,Tender: Online,529.43
20260830,7401: Youngstown OH,Tender: Master Card,545.10
20260830,7401: Youngstown OH,Tender: Visa,1272.83
20260830,7401: Youngstown OH,Tender: Discover,
20260830,7401: Youngstown OH,Tender: Debit,1467.45
20260830,7401: Youngstown OH,Tender: American Express,48.51
20260830,7401: Youngstown OH,Tender: Gift Card,
20260830,7401: Youngstown OH,Tender: Cash,1198.68
20260830,7401: Youngstown OH,Credit Tips Paid,478.77
20260830,7401: Youngstown OH,Cash Paid Outs - Non Adjusting,
20260830,7401: Youngstown OH,Cash Paid Outs - Sales Adjusting,
20260830,7401: Youngstown OH,Online Gross Sales,501.22
20260830,9690: Marietta OH,Net Sales,2383.33
20260830,9690: Marietta OH,Total Sales Tax,139.83
20260830,9690: Marietta OH,Total Discounts,74.94
20260830,9690: Marietta OH,Major Category: Gift Card,
20260830,9690: Marietta OH,Tender: Door Dash,183.76
20260830,9690: Marietta OH,Tender: Doordash Banda Burrito,
20260830,9690: Marietta OH,Tender: Doordash VRB,97.29
20260830,9690: Marietta OH,Tender: Doordash VRM,
20260830,9690: Marietta OH,Tender: Doordash Nathans,
20260830,9690: Marietta OH,Credit Tips Received,203.31
20260830,9690: Marietta OH,Tender: Uber Eats,
20260830,9690: Marietta OH,Tender: Uber Eats Banda Burrito,
20260830,9690: Marietta OH,Tender: Uber Eats VR,
20260830,9690: Marietta OH,Tender: Uber Eats VRM,
20260830,9690: Marietta OH,Tender: Uber Eats Nathans,
20260830,9690: Marietta OH,Tender: Grub Hub,
20260830,9690: Marietta OH,Tender: Grubhub Banda Burrito,
20260830,9690: Marietta OH,Tender: Grubhub VRB,
20260830,9690: Marietta OH,Tender: Grubhub VRM,
20260830,9690: Marietta OH,Tender: QR Pay,110.51
20260830,9690: Marietta OH,Tender: Online,49.68
20260830,9690: Marietta OH,Tender: Master Card,190.22
20260830,9690: Marietta OH,Tender: Visa,243.99
20260830,9690: Marietta OH,Tender: Discover,29.57
20260830,9690: Marietta OH,Tender: Debit,1131.03
20260830,9690: Marietta OH,Tender: American Express,
20260830,9690: Marietta OH,Tender: Gift Card,31.27
20260830,9690: Marietta OH,Tender: Cash,659.15
20260830,9690: Marietta OH,Credit Tips Paid,203.31
20260830,9690: Marietta OH,Cash Paid Outs - Non Adjusting,16.65
20260830,9690: Marietta OH,Cash Paid Outs - Sales Adjusting,
20260830,9690: Marietta OH,Online Gross Sales,
20260830,9697: Findlay OH,Net Sales,5786.07
20260830,9697: Findlay OH,Total Sales Tax,326.17
20260830,9697: Findlay OH,Total Discounts,180.61
20260830,9697: Findlay OH,Major Category: Gift Card,
20260830,9697: Findlay OH,Tender: Door Dash,828.02
20260830,9697: Findlay OH,Tender: Doordash Banda Burrito,
20260830,9697: Findlay OH,Tender: Doordash VRB,177.75
20260830,9697: Findlay OH,Tender: Doordash VRM,18.29
20260830,9697: Findlay OH,Tender: Doordash Nathans,
20260830,9697: Findlay OH,Credit Tips Received,444.16
20260830,9697: Findlay OH,Tender: Uber Eats,
20260830,9697: Findlay OH,Tender: Uber Eats Banda Burrito,
20260830,9697: Findlay OH,Tender: Uber Eats VR,
20260830,9697: Findlay OH,Tender: Uber Eats VRM,
20260830,9697: Findlay OH,Tender: Uber Eats Nathans,
20260830,9697: Findlay OH,Tender: Grub Hub,
20260830,9697: Findlay OH,Tender: Grubhub Banda Burrito,
20260830,9697: Findlay OH,Tender: Grubhub VRB,
20260830,9697: Findlay OH,Tender: Grubhub VRM,
20260830,9697: Findlay OH,Tender: QR Pay,469.27
20260830,9697: Findlay OH,Tender: Online,126.72
20260830,9697: Findlay OH,Tender: Master Card,401.80
20260830,9697: Findlay OH,Tender: Visa,646.83
20260830,9697: Findlay OH,Tender: Discover,236.15
20260830,9697: Findlay OH,Tender: Debit,1983.13
20260830,9697: Findlay OH,Tender: American Express,97.72
20260830,9697: Findlay OH,Tender: Gift Card,43.21
20260830,9697: Findlay OH,Tender: Cash,1527.51
20260830,9697: Findlay OH,Credit Tips Paid,436.02
20260830,9697: Findlay OH,Cash Paid Outs - Non Adjusting,82.95
20260830,9697: Findlay OH,Cash Paid Outs - Sales Adjusting,
20260830,9697: Findlay OH,Online Gross Sales,
20260831,5164: Berkshire OH,Net Sales,2111.33
20260831,5164: Berkshire OH,Total Sales Tax,130.56
20260831,5164: Berkshire OH,Total Discounts,36.27
20260831,5164: Berkshire OH,Major Category: Gift Card,
20260831,5164: Berkshire OH,Tender: Door Dash,20.73
20260831,5164: Berkshire OH,Tender: Doordash Banda Burrito,
20260831,5164: Berkshire OH,Tender: Doordash VRB,
20260831,5164: Berkshire OH,Tender: Doordash VRM,
20260831,5164: Berkshire OH,Tender: Doordash Nathans,
20260831,5164: Berkshire OH,Credit Tips Received,223.61
20260831,5164: Berkshire OH,Tender: Uber Eats,
20260831,5164: Berkshire OH,Tender: Uber Eats Banda Burrito,
20260831,5164: Berkshire OH,Tender: Uber Eats VR,
20260831,5164: Berkshire OH,Tender: Uber Eats VRM,
20260831,5164: Berkshire OH,Tender: Uber Eats Nathans,
20260831,5164: Berkshire OH,Tender: Grub Hub,
20260831,5164: Berkshire OH,Tender: Grubhub Banda Burrito,
20260831,5164: Berkshire OH,Tender: Grubhub VRB,
20260831,5164: Berkshire OH,Tender: Grubhub VRM,
20260831,5164: Berkshire OH,Tender: QR Pay,
20260831,5164: Berkshire OH,Tender: Online,15.28
20260831,5164: Berkshire OH,Tender: Master Card,346.90
20260831,5164: Berkshire OH,Tender: Visa,794.59
20260831,5164: Berkshire OH,Tender: Discover,62.87
20260831,5164: Berkshire OH,Tender: Debit,423.59
20260831,5164: Berkshire OH,Tender: American Express,40.13
20260831,5164: Berkshire OH,Tender: Gift Card,18.54
20260831,5164: Berkshire OH,Tender: Cash,742.87
20260831,5164: Berkshire OH,Credit Tips Paid,361.75
20260831,5164: Berkshire OH,Cash Paid Outs - Non Adjusting,
20260831,5164: Berkshire OH,Cash Paid Outs - Sales Adjusting,
20260831,5164: Berkshire OH,Online Gross Sales,15.28
20260831,5165: Perrysburg OH,Net Sales,2510.88
20260831,5165: Perrysburg OH,Total Sales Tax,137.58
20260831,5165: Perrysburg OH,Total Discounts,74.29
20260831,5165: Perrysburg OH,Major Category: Gift Card,
20260831,5165: Perrysburg OH,Tender: Door Dash,121.26
20260831,5165: Perrysburg OH,Tender: Doordash Banda Burrito,
20260831,5165: Perrysburg OH,Tender: Doordash VRB,
20260831,5165: Perrysburg OH,Tender: Doordash VRM,
20260831,5165: Perrysburg OH,Tender: Doordash Nathans,
20260831,5165: Perrysburg OH,Credit Tips Received,322.28
20260831,5165: Perrysburg OH,Tender: Uber Eats,
20260831,5165: Perrysburg OH,Tender: Uber Eats Banda Burrito,
20260831,5165: Perrysburg OH,Tender: Uber Eats VR,
20260831,5165: Perrysburg OH,Tender: Uber Eats VRM,
20260831,5165: Perrysburg OH,Tender: Uber Eats Nathans,
20260831,5165: Perrysburg OH,Tender: Grub Hub,
20260831,5165: Perrysburg OH,Tender: Grubhub Banda Burrito,
20260831,5165: Perrysburg OH,Tender: Grubhub VRB,
20260831,5165: Perrysburg OH,Tender: Grubhub VRM,
20260831,5165: Perrysburg OH,Tender: QR Pay,
20260831,5165: Perrysburg OH,Tender: Online,90.97
20260831,5165: Perrysburg OH,Tender: Master Card,703.90
20260831,5165: Perrysburg OH,Tender: Visa,1146.14
20260831,5165: Perrysburg OH,Tender: Discover,31.42
20260831,5165: Perrysburg OH,Tender: Debit,205.40
20260831,5165: Perrysburg OH,Tender: American Express,115.35
20260831,5165: Perrysburg OH,Tender: Gift Card,35.45
20260831,5165: Perrysburg OH,Tender: Cash,520.85
20260831,5165: Perrysburg OH,Credit Tips Paid,316.67
20260831,5165: Perrysburg OH,Cash Paid Outs - Non Adjusting,
20260831,5165: Perrysburg OH,Cash Paid Outs - Sales Adjusting,
20260831,5165: Perrysburg OH,Online Gross Sales,89.07
20260831,5166: Jeffersonville OH,Net Sales,2281.32
20260831,5166: Jeffersonville OH,Total Sales Tax,133.03
20260831,5166: Jeffersonville OH,Total Discounts,47.89
20260831,5166: Jeffersonville OH,Major Category: Gift Card,
20260831,5166: Jeffersonville OH,Tender: Door Dash,17.90
20260831,5166: Jeffersonville OH,Tender: Doordash Banda Burrito,
20260831,5166: Jeffersonville OH,Tender: Doordash VRB,13.59
20260831,5166: Jeffersonville OH,Tender: Doordash VRM,
20260831,5166: Jeffersonville OH,Tender: Doordash Nathans,
20260831,5166: Jeffersonville OH,Credit Tips Received,297.00
20260831,5166: Jeffersonville OH,Tender: Uber Eats,
20260831,5166: Jeffersonville OH,Tender: Uber Eats Banda Burrito,
20260831,5166: Jeffersonville OH,Tender: Uber Eats VR,
20260831,5166: Jeffersonville OH,Tender: Uber Eats VRM,
20260831,5166: Jeffersonville OH,Tender: Uber Eats Nathans,
20260831,5166: Jeffersonville OH,Tender: Grub Hub,
20260831,5166: Jeffersonville OH,Tender: Grubhub Banda Burrito,
20260831,5166: Jeffersonville OH,Tender: Grubhub VRB,
20260831,5166: Jeffersonville OH,Tender: Grubhub VRM,
20260831,5166: Jeffersonville OH,Tender: QR Pay,
20260831,5166: Jeffersonville OH,Tender: Online,80.01
20260831,5166: Jeffersonville OH,Tender: Master Card,471.03
20260831,5166: Jeffersonville OH,Tender: Visa,1171.64
20260831,5166: Jeffersonville OH,Tender: Discover,73.53
20260831,5166: Jeffersonville OH,Tender: Debit,329.94
20260831,5166: Jeffersonville OH,Tender: American Express,
20260831,5166: Jeffersonville OH,Tender: Gift Card,
20260831,5166: Jeffersonville OH,Tender: Cash,553.71
20260831,5166: Jeffersonville OH,Credit Tips Paid,297.00
20260831,5166: Jeffersonville OH,Cash Paid Outs - Non Adjusting,
20260831,5166: Jeffersonville OH,Cash Paid Outs - Sales Adjusting,
20260831,5166: Jeffersonville OH,Online Gross Sales,65.32
20260831,5167: Elizabethtown KY,Net Sales,1743.54
20260831,5167: Elizabethtown KY,Total Sales Tax,141.58
20260831,5167: Elizabethtown KY,Total Discounts,73.22
20260831,5167: Elizabethtown KY,Major Category: Gift Card,
20260831,5167: Elizabethtown KY,Tender: Door Dash,226.16
20260831,5167: Elizabethtown KY,Tender: Doordash Banda Burrito,
20260831,5167: Elizabethtown KY,Tender: Doordash VRB,
20260831,5167: Elizabethtown KY,Tender: Doordash VRM,
20260831,5167: Elizabethtown KY,Tender: Doordash Nathans,
20260831,5167: Elizabethtown KY,Credit Tips Received,192.97
20260831,5167: Elizabethtown KY,Tender: Uber Eats,
20260831,5167: Elizabethtown KY,Tender: Uber Eats Banda Burrito,
20260831,5167: Elizabethtown KY,Tender: Uber Eats VR,22.36
20260831,5167: Elizabethtown KY,Tender: Uber Eats VRM,25.48
20260831,5167: Elizabethtown KY,Tender: Uber Eats Nathans,
20260831,5167: Elizabethtown KY,Tender: Grub Hub,
20260831,5167: Elizabethtown KY,Tender: Grubhub Banda Burrito,
20260831,5167: Elizabethtown KY,Tender: Grubhub VRB,
20260831,5167: Elizabethtown KY,Tender: Grubhub VRM,
20260831,5167: Elizabethtown KY,Tender: QR Pay,
20260831,5167: Elizabethtown KY,Tender: Online,
20260831,5167: Elizabethtown KY,Tender: Master Card,352.11
20260831,5167: Elizabethtown KY,Tender: Visa,780.75
20260831,5167: Elizabethtown KY,Tender: Discover,
20260831,5167: Elizabethtown KY,Tender: Debit,269.84
20260831,5167: Elizabethtown KY,Tender: American Express,
20260831,5167: Elizabethtown KY,Tender: Gift Card,50.56
20260831,5167: Elizabethtown KY,Tender: Cash,353.83
20260831,5167: Elizabethtown KY,Credit Tips Paid,219.77
20260831,5167: Elizabethtown KY,Cash Paid Outs - Non Adjusting,
20260831,5167: Elizabethtown KY,Cash Paid Outs - Sales Adjusting,
20260831,5167: Elizabethtown KY,Online Gross Sales,
20260831,5168: Catlettsburg KY,Net Sales,1265.30
20260831,5168: Catlettsburg KY,Total Sales Tax,75.92
20260831,5168: Catlettsburg KY,Total Discounts,29.37
20260831,5168: Catlettsburg KY,Major Category: Gift Card,
20260831,5168: Catlettsburg KY,Tender: Door Dash,
20260831,5168: Catlettsburg KY,Tender: Doordash Banda Burrito,
20260831,5168: Catlettsburg KY,Tender: Doordash VRB,
20260831,5168: Catlettsburg KY,Tender: Doordash VRM,
20260831,5168: Catlettsburg KY,Tender: Doordash Nathans,
20260831,5168: Catlettsburg KY,Credit Tips Received,206.32
20260831,5168: Catlettsburg KY,Tender: Uber Eats,
20260831,5168: Catlettsburg KY,Tender: Uber Eats Banda Burrito,
20260831,5168: Catlettsburg KY,Tender: Uber Eats VR,
20260831,5168: Catlettsburg KY,Tender: Uber Eats VRM,
20260831,5168: Catlettsburg KY,Tender: Uber Eats Nathans,
20260831,5168: Catlettsburg KY,Tender: Grub Hub,
20260831,5168: Catlettsburg KY,Tender: Grubhub Banda Burrito,
20260831,5168: Catlettsburg KY,Tender: Grubhub VRB,
20260831,5168: Catlettsburg KY,Tender: Grubhub VRM,
20260831,5168: Catlettsburg KY,Tender: QR Pay,
20260831,5168: Catlettsburg KY,Tender: Online,18.48
20260831,5168: Catlettsburg KY,Tender: Master Card,309.37
20260831,5168: Catlettsburg KY,Tender: Visa,503.68
20260831,5168: Catlettsburg KY,Tender: Discover,15.89
20260831,5168: Catlettsburg KY,Tender: Debit,410.12
20260831,5168: Catlettsburg KY,Tender: American Express,22.87
20260831,5168: Catlettsburg KY,Tender: Gift Card,
20260831,5168: Catlettsburg KY,Tender: Cash,267.13
20260831,5168: Catlettsburg KY,Credit Tips Paid,151.33
20260831,5168: Catlettsburg KY,Cash Paid Outs - Non Adjusting,
20260831,5168: Catlettsburg KY,Cash Paid Outs - Sales Adjusting,
20260831,5168: Catlettsburg KY,Online Gross Sales,25.98
20260831,5169: Columbus OH,Net Sales,3131.69
20260831,5169: Columbus OH,Total Sales Tax,144.51
20260831,5169: Columbus OH,Total Discounts,105.82
20260831,5169: Columbus OH,Major Category: Gift Card,
20260831,5169: Columbus OH,Tender: Door Dash,418.41
20260831,5169: Columbus OH,Tender: Doordash Banda Burrito,
20260831,5169: Columbus OH,Tender: Doordash VRB,80.49
20260831,5169: Columbus OH,Tender: Doordash VRM,311.27
20260831,5169: Columbus OH,Tender: Doordash Nathans,
20260831,5169: Columbus OH,Credit Tips Received,268.40
20260831,5169: Columbus OH,Tender: Uber Eats,72.52
20260831,5169: Columbus OH,Tender: Uber Eats Banda Burrito,
20260831,5169: Columbus OH,Tender: Uber Eats VR,127.16
20260831,5169: Columbus OH,Tender: Uber Eats VRM,
20260831,5169: Columbus OH,Tender: Uber Eats Nathans,
20260831,5169: Columbus OH,Tender: Grub Hub,46.74
20260831,5169: Columbus OH,Tender: Grubhub Banda Burrito,
20260831,5169: Columbus OH,Tender: Grubhub VRB,
20260831,5169: Columbus OH,Tender: Grubhub VRM,15.89
20260831,5169: Columbus OH,Tender: QR Pay,167.53
20260831,5169: Columbus OH,Tender: Online,136.29
20260831,5169: Columbus OH,Tender: Master Card,193.87
20260831,5169: Columbus OH,Tender: Visa,699.64
20260831,5169: Columbus OH,Tender: Discover,81.92
20260831,5169: Columbus OH,Tender: Debit,466.60
20260831,5169: Columbus OH,Tender: American Express,26.00
20260831,5169: Columbus OH,Tender: Gift Card,
20260831,5169: Columbus OH,Tender: Cash,700.27
20260831,5169: Columbus OH,Credit Tips Paid,463.52
20260831,5169: Columbus OH,Cash Paid Outs - Non Adjusting,
20260831,5169: Columbus OH,Cash Paid Outs - Sales Adjusting,
20260831,5169: Columbus OH,Online Gross Sales,
20260831,7401: Youngstown OH,Net Sales,3188.92
20260831,7401: Youngstown OH,Total Sales Tax,127.24
20260831,7401: Youngstown OH,Total Discounts,156.88
20260831,7401: Youngstown OH,Major Category: Gift Card,
20260831,7401: Youngstown OH,Tender: Door Dash,477.03
20260831,7401: Youngstown OH,Tender: Doordash Banda Burrito,27.85
20260831,7401: Youngstown OH,Tender: Doordash VRB,
20260831,7401: Youngstown OH,Tender: Doordash VRM,211.15
20260831,7401: Youngstown OH,Tender: Doordash Nathans,63.44
20260831,7401: Youngstown OH,Credit Tips Received,154.51
20260831,7401: Youngstown OH,Tender: Uber Eats,33.48
20260831,7401: Youngstown OH,Tender: Uber Eats Banda Burrito,
20260831,7401: Youngstown OH,Tender: Uber Eats VR,
20260831,7401: Youngstown OH,Tender: Uber Eats VRM,
20260831,7401: Youngstown OH,Tender: Uber Eats Nathans,
20260831,7401: Youngstown OH,Tender: Grub Hub,
20260831,7401: Youngstown OH,Tender: Grubhub Banda Burrito,
20260831,7401: Youngstown OH,Tender: Grubhub VRB,
20260831,7401: Youngstown OH,Tender: Grubhub VRM,18.68
20260831,7401: Youngstown OH,Tender: QR Pay,
20260831,7401: Youngstown OH,Tender: Online,136.10
20260831,7401: Youngstown OH,Tender: Master Card,299.89
20260831,7401: Youngstown OH,Tender: Visa,897.09
20260831,7401: Youngstown OH,Tender: Discover,
20260831,7401: Youngstown OH,Tender: Debit,457.30
20260831,7401: Youngstown OH,Tender: American Express,16.08
20260831,7401: Youngstown OH,Tender: Gift Card,
20260831,7401: Youngstown OH,Tender: Cash,838.59
20260831,7401: Youngstown OH,Credit Tips Paid,154.51
20260831,7401: Youngstown OH,Cash Paid Outs - Non Adjusting,
20260831,7401: Youngstown OH,Cash Paid Outs - Sales Adjusting,
20260831,7401: Youngstown OH,Online Gross Sales,130.33
20260831,9690: Marietta OH,Net Sales,1020.86
20260831,9690: Marietta OH,Total Sales Tax,58.03
20260831,9690: Marietta OH,Total Discounts,57.50
20260831,9690: Marietta OH,Major Category: Gift Card,
20260831,9690: Marietta OH,Tender: Door Dash,116.05
20260831,9690: Marietta OH,Tender: Doordash Banda Burrito,
20260831,9690: Marietta OH,Tender: Doordash VRB,56.04
20260831,9690: Marietta OH,Tender: Doordash VRM,
20260831,9690: Marietta OH,Tender: Doordash Nathans,
20260831,9690: Marietta OH,Credit Tips Received,85.61
20260831,9690: Marietta OH,Tender: Uber Eats,
20260831,9690: Marietta OH,Tender: Uber Eats Banda Burrito,
20260831,9690: Marietta OH,Tender: Uber Eats VR,
20260831,9690: Marietta OH,Tender: Uber Eats VRM,
20260831,9690: Marietta OH,Tender: Uber Eats Nathans,
20260831,9690: Marietta OH,Tender: Grub Hub,
20260831,9690: Marietta OH,Tender: Grubhub Banda Burrito,
20260831,9690: Marietta OH,Tender: Grubhub VRB,
20260831,9690: Marietta OH,Tender: Grubhub VRM,
20260831,9690: Marietta OH,Tender: QR Pay,45.59
20260831,9690: Marietta OH,Tender: Online,
20260831,9690: Marietta OH,Tender: Master Card,9.90
20260831,9690: Marietta OH,Tender: Visa,98.85
20260831,9690: Marietta OH,Tender: Discover,
20260831,9690: Marietta OH,Tender: Debit,484.46
20260831,9690: Marietta OH,Tender: American Express,17.00
20260831,9690: Marietta OH,Tender: Gift Card,15.88
20260831,9690: Marietta OH,Tender: Cash,320.73
20260831,9690: Marietta OH,Credit Tips Paid,90.61
20260831,9690: Marietta OH,Cash Paid Outs - Non Adjusting,
20260831,9690: Marietta OH,Cash Paid Outs - Sales Adjusting,
20260831,9690: Marietta OH,Online Gross Sales,
20260831,9697: Findlay OH,Net Sales,2869.73
20260831,9697: Findlay OH,Total Sales Tax,159.07
20260831,9697: Findlay OH,Total Discounts,91.21
20260831,9697: Findlay OH,Major Category: Gift Card,
20260831,9697: Findlay OH,Tender: Door Dash,274.89
20260831,9697: Findlay OH,Tender: Doordash Banda Burrito,
20260831,9697: Findlay OH,Tender: Doordash VRB,101.66
20260831,9697: Findlay OH,Tender: Doordash VRM,113.28
20260831,9697: Findlay OH,Tender: Doordash Nathans,
20260831,9697: Findlay OH,Credit Tips Received,213.29
20260831,9697: Findlay OH,Tender: Uber Eats,
20260831,9697: Findlay OH,Tender: Uber Eats Banda Burrito,
20260831,9697: Findlay OH,Tender: Uber Eats VR,95.88
20260831,9697: Findlay OH,Tender: Uber Eats VRM,
20260831,9697: Findlay OH,Tender: Uber Eats Nathans,
20260831,9697: Findlay OH,Tender: Grub Hub,
20260831,9697: Findlay OH,Tender: Grubhub Banda Burrito,
20260831,9697: Findlay OH,Tender: Grubhub VRB,
20260831,9697: Findlay OH,Tender: Grubhub VRM,
20260831,9697: Findlay OH,Tender: QR Pay,46.67
20260831,9697: Findlay OH,Tender: Online,20.97
20260831,9697: Findlay OH,Tender: Master Card,346.87
20260831,9697: Findlay OH,Tender: Visa,471.93
20260831,9697: Findlay OH,Tender: Discover,
20260831,9697: Findlay OH,Tender: Debit,886.86
20260831,9697: Findlay OH,Tender: American Express,
20260831,9697: Findlay OH,Tender: Gift Card,
20260831,9697: Findlay OH,Tender: Cash,912.08
20260831,9697: Findlay OH,Credit Tips Paid,215.24
20260831,9697: Findlay OH,Cash Paid Outs - Non Adjusting,
20260831,9697: Findlay OH,Cash Paid Outs - Sales Adjusting,
20260831,9697: Findlay OH,Online Gross Sales,
